[span_L5_s61_c1_z3_long] start fitness 3232 / 4096  (CZ layer 3, LCX 1, TEMP 1.00, MAXMUT 3, KICK 8 gates after 60s stuck)
[2026-09-25 07:17:15] span_L5_s61_c1_z3_long     12s  best 3605/4096  current 3605  kicks 0  iters 24056 (1925/s)  best: cx 29 tof 17
[2026-09-25 07:17:25] span_L5_s61_c1_z3_long     23s  best 3621/4096  current 3621  kicks 0  iters 43806 (1927/s)  best: cx 31 tof 21
[2026-09-25 07:17:40] span_L5_s61_c1_z3_long     38s  best 3632/4096  current 3629  kicks 0  iters 71962 (1903/s)  best: cx 32 tof 20
[2026-09-25 07:17:50] span_L5_s61_c1_z3_long     48s  best 3632/4096  current 3628  kicks 0  iters 90300 (1887/s)  best: cx 32 tof 20
[2026-09-25 07:18:00] span_L5_s61_c1_z3_long     58s  best 3639/4096  current 3639  kicks 0  iters 108344 (1870/s)  best: cx 28 tof 20
[2026-09-25 07:18:10] span_L5_s61_c1_z3_long     68s  best 3652/4096  current 3648  kicks 0  iters 125639 (1845/s)  best: cx 26 tof 18
[2026-09-25 07:18:21] span_L5_s61_c1_z3_long     78s  best 3660/4096  current 3658  kicks 0  iters 142736 (1821/s)  best: cx 31 tof 17
[2026-09-25 07:18:31] span_L5_s61_c1_z3_long     89s  best 3672/4096  current 3671  kicks 0  iters 159035 (1795/s)  best: cx 28 tof 20
[2026-09-25 07:18:45] span_L5_s61_c1_z3_long    103s  best 3675/4096  current 3673  kicks 0  iters 184189 (1788/s)  best: cx 29 tof 22
[2026-09-25 07:19:00] span_L5_s61_c1_z3_long    118s  best 3680/4096  current 3680  kicks 0  iters 211091 (1787/s)  best: cx 27 tof 21
[2026-09-25 07:19:15] span_L5_s61_c1_z3_long    133s  best 3686/4096  current 3680  kicks 0  iters 237352 (1783/s)  best: cx 30 tof 23
[2026-09-25 07:19:30] span_L5_s61_c1_z3_long    148s  best 3686/4096  current 3683  kicks 0  iters 263738 (1782/s)  best: cx 30 tof 23
[2026-09-25 07:19:41] span_L5_s61_c1_z3_long    158s  best 3686/4096  current 3682  kicks 0  iters 281654 (1779/s)  best: cx 30 tof 23
[2026-09-25 07:19:56] span_L5_s61_c1_z3_long    173s  best 3690/4096  current 3688  kicks 0  iters 307645 (1775/s)  best: cx 30 tof 22
[2026-09-25 07:20:06] span_L5_s61_c1_z3_long    183s  best 3690/4096  current 3685  kicks 0  iters 324502 (1770/s)  best: cx 30 tof 22
[2026-09-25 07:20:20] span_L5_s61_c1_z3_long    198s  best 3690/4096  current 3682  kicks 0  iters 350495 (1770/s)  best: cx 30 tof 22
[2026-09-25 07:20:35] span_L5_s61_c1_z3_long    213s  best 3690/4096  current 3682  kicks 0  iters 377887 (1775/s)  best: cx 30 tof 22
[2026-09-25 07:20:45] span_L5_s61_c1_z3_long    223s  best 3690/4096  current 3682  kicks 0  iters 395909 (1776/s)  best: cx 30 tof 22
[2026-09-25 07:20:55] span_L5_s61_c1_z3_long    233s  best 3690/4096  current 3687  kicks 0  iters 414120 (1777/s)  best: cx 30 tof 22
[2026-09-25 07:21:05] span_L5_s61_c1_z3_long    243s  best 3690/4096  current 3594  kicks 1  iters 432783 (1780/s)  best: cx 30 tof 22
[2026-09-25 07:21:20] span_L5_s61_c1_z3_long    257s  best 3690/4096  current 3654  kicks 1  iters 460620 (1790/s)  best: cx 30 tof 22
[2026-09-25 07:21:30] span_L5_s61_c1_z3_long    267s  best 3690/4096  current 3663  kicks 1  iters 481405 (1800/s)  best: cx 30 tof 22
[2026-09-25 07:21:44] span_L5_s61_c1_z3_long    282s  best 3690/4096  current 3665  kicks 1  iters 513013 (1818/s)  best: cx 30 tof 22
[2026-09-25 07:21:55] span_L5_s61_c1_z3_long    292s  best 3690/4096  current 3669  kicks 1  iters 534737 (1829/s)  best: cx 30 tof 22
[2026-09-25 07:22:05] span_L5_s61_c1_z3_long    303s  best 3690/4096  current 3570  kicks 2  iters 556172 (1838/s)  best: cx 30 tof 22
[2026-09-25 07:22:15] span_L5_s61_c1_z3_long    313s  best 3690/4096  current 3578  kicks 2  iters 575673 (1839/s)  best: cx 30 tof 22
[2026-09-25 07:22:30] span_L5_s61_c1_z3_long    328s  best 3690/4096  current 3579  kicks 2  iters 603670 (1840/s)  best: cx 30 tof 22
[2026-09-25 07:22:45] span_L5_s61_c1_z3_long    343s  best 3690/4096  current 3584  kicks 2  iters 631466 (1840/s)  best: cx 30 tof 22
[2026-09-25 07:23:00] span_L5_s61_c1_z3_long    358s  best 3690/4096  current 3591  kicks 2  iters 658789 (1840/s)  best: cx 30 tof 22
[2026-09-25 07:23:10] span_L5_s61_c1_z3_long    368s  best 3690/4096  current 3633  kicks 3  iters 678087 (1842/s)  best: cx 30 tof 22
[2026-09-25 07:23:21] span_L5_s61_c1_z3_long    378s  best 3690/4096  current 3648  kicks 3  iters 696938 (1841/s)  best: cx 30 tof 22
[2026-09-25 07:23:35] span_L5_s61_c1_z3_long    393s  best 3690/4096  current 3650  kicks 3  iters 723939 (1841/s)  best: cx 30 tof 22
[2026-09-25 07:23:46] span_L5_s61_c1_z3_long    403s  best 3690/4096  current 3648  kicks 3  iters 742122 (1840/s)  best: cx 30 tof 22
[2026-09-25 07:24:00] span_L5_s61_c1_z3_long    418s  best 3690/4096  current 3651  kicks 3  iters 769477 (1840/s)  best: cx 30 tof 22
[2026-09-25 07:24:11] span_L5_s61_c1_z3_long    428s  best 3690/4096  current 3642  kicks 4  iters 787681 (1839/s)  best: cx 30 tof 22
[2026-09-25 07:24:25] span_L5_s61_c1_z3_long    443s  best 3690/4096  current 3665  kicks 4  iters 815077 (1840/s)  best: cx 30 tof 22
[2026-09-25 07:24:35] span_L5_s61_c1_z3_long    453s  best 3690/4096  current 3656  kicks 4  iters 834811 (1842/s)  best: cx 30 tof 22
[2026-09-25 07:24:50] span_L5_s61_c1_z3_long    468s  best 3690/4096  current 3674  kicks 4  iters 863256 (1844/s)  best: cx 30 tof 22
[2026-09-25 07:25:00] span_L5_s61_c1_z3_long    478s  best 3690/4096  current 3673  kicks 4  iters 882266 (1845/s)  best: cx 30 tof 22
[2026-09-25 07:25:15] span_L5_s61_c1_z3_long    493s  best 3690/4096  current 3589  kicks 5  iters 911721 (1849/s)  best: cx 30 tof 22
[2026-09-25 07:25:30] span_L5_s61_c1_z3_long    508s  best 3690/4096  current 3596  kicks 5  iters 941877 (1853/s)  best: cx 30 tof 22
[2026-09-25 07:25:40] span_L5_s61_c1_z3_long    518s  best 3690/4096  current 3600  kicks 5  iters 961884 (1856/s)  best: cx 30 tof 22
[2026-09-25 07:25:55] span_L5_s61_c1_z3_long    533s  best 3690/4096  current 3596  kicks 5  iters 992190 (1861/s)  best: cx 30 tof 22
[2026-09-25 07:26:05] span_L5_s61_c1_z3_long    543s  best 3690/4096  current 3603  kicks 5  iters 1012261 (1864/s)  best: cx 30 tof 22
[2026-09-25 07:26:20] span_L5_s61_c1_z3_long    558s  best 3690/4096  current 3569  kicks 6  iters 1043300 (1870/s)  best: cx 30 tof 22
[2026-09-25 07:26:35] span_L5_s61_c1_z3_long    573s  best 3690/4096  current 3566  kicks 6  iters 1074895 (1877/s)  best: cx 30 tof 22
[2026-09-25 07:26:45] span_L5_s61_c1_z3_long    583s  best 3690/4096  current 3583  kicks 6  iters 1096615 (1881/s)  best: cx 30 tof 22
[2026-09-25 07:27:00] span_L5_s61_c1_z3_long    598s  best 3690/4096  current 3576  kicks 6  iters 1127531 (1886/s)  best: cx 30 tof 22
[2026-09-25 07:27:14] span_L5_s61_c1_z3_long    612s  best 3690/4096  current 3494  kicks 7  iters 1159291 (1893/s)  best: cx 30 tof 22
[2026-09-25 07:27:25] span_L5_s61_c1_z3_long    623s  best 3690/4096  current 3537  kicks 7  iters 1182243 (1897/s)  best: cx 30 tof 22
[2026-09-25 07:27:40] span_L5_s61_c1_z3_long    637s  best 3690/4096  current 3561  kicks 7  iters 1213973 (1904/s)  best: cx 30 tof 22
[2026-09-25 07:27:50] span_L5_s61_c1_z3_long    648s  best 3690/4096  current 3561  kicks 7  iters 1236722 (1909/s)  best: cx 30 tof 22
[2026-09-25 07:28:00] span_L5_s61_c1_z3_long    658s  best 3690/4096  current 3571  kicks 7  iters 1259540 (1915/s)  best: cx 30 tof 22
[2026-09-25 07:28:10] span_L5_s61_c1_z3_long    668s  best 3690/4096  current 3580  kicks 7  iters 1281386 (1917/s)  best: cx 30 tof 22
[2026-09-25 07:28:25] span_L5_s61_c1_z3_long    683s  best 3690/4096  current 3588  kicks 8  iters 1315093 (1926/s)  best: cx 30 tof 22
[2026-09-25 07:28:35] span_L5_s61_c1_z3_long    693s  best 3690/4096  current 3588  kicks 8  iters 1337155 (1928/s)  best: cx 30 tof 22
[2026-09-25 07:28:46] span_L5_s61_c1_z3_long    703s  best 3690/4096  current 3603  kicks 8  iters 1357884 (1930/s)  best: cx 30 tof 22
[2026-09-25 07:29:01] span_L5_s61_c1_z3_long    718s  best 3690/4096  current 3609  kicks 8  iters 1388036 (1932/s)  best: cx 30 tof 22
[2026-09-25 07:29:15] span_L5_s61_c1_z3_long    733s  best 3690/4096  current 3614  kicks 8  iters 1419317 (1936/s)  best: cx 30 tof 22
[2026-09-25 07:29:30] span_L5_s61_c1_z3_long    747s  best 3690/4096  current 3596  kicks 9  iters 1454981 (1946/s)  best: cx 30 tof 22
[2026-09-25 07:29:45] span_L5_s61_c1_z3_long    763s  best 3690/4096  current 3612  kicks 9  iters 1492445 (1957/s)  best: cx 30 tof 22
[2026-09-25 07:29:55] span_L5_s61_c1_z3_long    773s  best 3690/4096  current 3611  kicks 9  iters 1515970 (1961/s)  best: cx 30 tof 22
[2026-09-25 07:30:05] span_L5_s61_c1_z3_long    783s  best 3690/4096  current 3621  kicks 9  iters 1537495 (1963/s)  best: cx 30 tof 22
[2026-09-25 07:30:15] span_L5_s61_c1_z3_long    793s  best 3690/4096  current 3618  kicks 9  iters 1558794 (1965/s)  best: cx 30 tof 22
[2026-09-25 07:30:30] span_L5_s61_c1_z3_long    808s  best 3690/4096  current 3555  kicks 10  iters 1592680 (1970/s)  best: cx 30 tof 22
[2026-09-25 07:30:45] span_L5_s61_c1_z3_long    823s  best 3690/4096  current 3575  kicks 10  iters 1625180 (1974/s)  best: cx 30 tof 22
[2026-09-25 07:30:57] span_L5_s61_c1_z3_long    834s  best 3690/4096  current 3599  kicks 10  iters 1646710 (1973/s)  best: cx 30 tof 22
[2026-09-25 07:31:11] span_L5_s61_c1_z3_long    849s  best 3690/4096  current 3610  kicks 10  iters 1673717 (1971/s)  best: cx 30 tof 22
[2026-09-25 07:31:26] span_L5_s61_c1_z3_long    864s  best 3690/4096  current 3595  kicks 11  iters 1702816 (1971/s)  best: cx 30 tof 22
[2026-09-25 07:31:41] span_L5_s61_c1_z3_long    879s  best 3690/4096  current 3607  kicks 11  iters 1733972 (1973/s)  best: cx 30 tof 22
[2026-09-25 07:31:55] span_L5_s61_c1_z3_long    893s  best 3690/4096  current 3639  kicks 11  iters 1765576 (1976/s)  best: cx 30 tof 22
[2026-09-25 07:32:06] span_L5_s61_c1_z3_long    903s  best 3690/4096  current 3649  kicks 11  iters 1787933 (1979/s)  best: cx 30 tof 22
[2026-09-25 07:32:21] span_L5_s61_c1_z3_long    918s  best 3690/4096  current 3651  kicks 11  iters 1821152 (1983/s)  best: cx 30 tof 22
[2026-09-25 07:32:36] span_L5_s61_c1_z3_long    933s  best 3690/4096  current 3562  kicks 12  iters 1854814 (1987/s)  best: cx 30 tof 22
[2026-09-25 07:32:46] span_L5_s61_c1_z3_long    944s  best 3690/4096  current 3592  kicks 12  iters 1876435 (1988/s)  best: cx 30 tof 22
[2026-09-25 07:33:01] span_L5_s61_c1_z3_long    959s  best 3690/4096  current 3595  kicks 12  iters 1907505 (1989/s)  best: cx 30 tof 22
[2026-09-25 07:33:11] span_L5_s61_c1_z3_long    969s  best 3690/4096  current 3601  kicks 12  iters 1927764 (1989/s)  best: cx 30 tof 22
[2026-09-25 07:33:21] span_L5_s61_c1_z3_long    979s  best 3690/4096  current 3605  kicks 12  iters 1947756 (1989/s)  best: cx 30 tof 22
[2026-09-25 07:33:31] span_L5_s61_c1_z3_long    989s  best 3690/4096  current 3667  kicks 13  iters 1966790 (1988/s)  best: cx 30 tof 22
[2026-09-25 07:33:42] span_L5_s61_c1_z3_long   1000s  best 3690/4096  current 3685  kicks 13  iters 1985118 (1985/s)  best: cx 30 tof 22
[2026-09-25 07:33:57] span_L5_s61_c1_z3_long   1015s  best 3690/4096  current 3688  kicks 13  iters 2010262 (1981/s)  best: cx 30 tof 22
[2026-09-25 07:34:12] span_L5_s61_c1_z3_long   1029s  best 3693/4096  current 3691  kicks 13  iters 2037172 (1979/s)  best: cx 27 tof 20
[2026-09-25 07:34:27] span_L5_s61_c1_z3_long   1045s  best 3693/4096  current 3691  kicks 13  iters 2065790 (1977/s)  best: cx 27 tof 20
[2026-09-25 07:34:37] span_L5_s61_c1_z3_long   1055s  best 3694/4096  current 3692  kicks 13  iters 2082576 (1974/s)  best: cx 28 tof 21
[2026-09-25 07:34:47] span_L5_s61_c1_z3_long   1065s  best 3694/4096  current 3691  kicks 13  iters 2099884 (1971/s)  best: cx 28 tof 21
[2026-09-25 07:35:02] span_L5_s61_c1_z3_long   1080s  best 3694/4096  current 3687  kicks 13  iters 2125260 (1968/s)  best: cx 28 tof 21
[2026-09-25 07:35:17] span_L5_s61_c1_z3_long   1095s  best 3694/4096  current 3690  kicks 13  iters 2150351 (1964/s)  best: cx 28 tof 21
[2026-09-25 07:35:32] span_L5_s61_c1_z3_long   1109s  best 3694/4096  current 3690  kicks 13  iters 2176575 (1961/s)  best: cx 28 tof 21
[2026-09-25 07:35:46] span_L5_s61_c1_z3_long   1124s  best 3694/4096  current 3586  kicks 14  iters 2205315 (1961/s)  best: cx 28 tof 21
[2026-09-25 07:36:01] span_L5_s61_c1_z3_long   1139s  best 3694/4096  current 3588  kicks 14  iters 2235538 (1963/s)  best: cx 28 tof 21
[2026-09-25 07:36:11] span_L5_s61_c1_z3_long   1149s  best 3694/4096  current 3586  kicks 14  iters 2257740 (1965/s)  best: cx 28 tof 21
[2026-09-25 07:36:26] span_L5_s61_c1_z3_long   1163s  best 3694/4096  current 3597  kicks 14  iters 2290857 (1969/s)  best: cx 28 tof 21
[2026-09-25 07:36:41] span_L5_s61_c1_z3_long   1178s  best 3694/4096  current 3598  kicks 14  iters 2325726 (1973/s)  best: cx 28 tof 21
[2026-09-25 07:36:52] span_L5_s61_c1_z3_long   1189s  best 3694/4096  current 3549  kicks 15  iters 2346876 (1973/s)  best: cx 28 tof 21
[2026-09-25 07:37:06] span_L5_s61_c1_z3_long   1204s  best 3694/4096  current 3558  kicks 15  iters 2376336 (1973/s)  best: cx 28 tof 21
[2026-09-25 07:37:21] span_L5_s61_c1_z3_long   1218s  best 3694/4096  current 3574  kicks 15  iters 2410551 (1978/s)  best: cx 28 tof 21
[2026-09-25 07:37:35] span_L5_s61_c1_z3_long   1233s  best 3694/4096  current 3570  kicks 15  iters 2446935 (1984/s)  best: cx 28 tof 21
[2026-09-25 07:37:46] span_L5_s61_c1_z3_long   1244s  best 3694/4096  current 3584  kicks 15  iters 2471098 (1987/s)  best: cx 28 tof 21
[2026-09-25 07:37:57] span_L5_s61_c1_z3_long   1255s  best 3694/4096  current 3561  kicks 16  iters 2494818 (1988/s)  best: cx 28 tof 21
[2026-09-25 07:38:07] span_L5_s61_c1_z3_long   1265s  best 3694/4096  current 3575  kicks 16  iters 2513923 (1987/s)  best: cx 28 tof 21
[2026-09-25 07:38:22] span_L5_s61_c1_z3_long   1280s  best 3694/4096  current 3578  kicks 16  iters 2541715 (1985/s)  best: cx 28 tof 21
[2026-09-25 07:38:37] span_L5_s61_c1_z3_long   1295s  best 3694/4096  current 3578  kicks 16  iters 2569153 (1984/s)  best: cx 28 tof 21
[2026-09-25 07:38:51] span_L5_s61_c1_z3_long   1309s  best 3694/4096  current 3504  kicks 17  iters 2597530 (1984/s)  best: cx 28 tof 21
[2026-09-25 07:39:01] span_L5_s61_c1_z3_long   1319s  best 3694/4096  current 3542  kicks 17  iters 2619159 (1985/s)  best: cx 28 tof 21
[2026-09-25 07:39:15] span_L5_s61_c1_z3_long   1333s  best 3694/4096  current 3574  kicks 17  iters 2655912 (1992/s)  best: cx 28 tof 21
[2026-09-25 07:39:26] span_L5_s61_c1_z3_long   1344s  best 3694/4096  current 3594  kicks 17  iters 2682409 (1996/s)  best: cx 28 tof 21
[2026-09-25 07:39:41] span_L5_s61_c1_z3_long   1359s  best 3694/4096  current 3586  kicks 17  iters 2718161 (2000/s)  best: cx 28 tof 21
[2026-09-25 07:39:52] span_L5_s61_c1_z3_long   1369s  best 3694/4096  current 3594  kicks 17  iters 2740253 (2001/s)  best: cx 28 tof 21
[2026-09-25 07:40:02] span_L5_s61_c1_z3_long   1380s  best 3694/4096  current 3595  kicks 18  iters 2760375 (2000/s)  best: cx 28 tof 21
[2026-09-25 07:40:17] span_L5_s61_c1_z3_long   1395s  best 3694/4096  current 3608  kicks 18  iters 2788246 (1999/s)  best: cx 28 tof 21
[2026-09-25 07:40:27] span_L5_s61_c1_z3_long   1405s  best 3694/4096  current 3609  kicks 18  iters 2807399 (1998/s)  best: cx 28 tof 21
[2026-09-25 07:40:42] span_L5_s61_c1_z3_long   1420s  best 3694/4096  current 3616  kicks 18  iters 2835585 (1996/s)  best: cx 28 tof 21
[2026-09-25 07:40:52] span_L5_s61_c1_z3_long   1430s  best 3694/4096  current 3617  kicks 18  iters 2854754 (1996/s)  best: cx 28 tof 21
[2026-09-25 07:41:07] span_L5_s61_c1_z3_long   1444s  best 3694/4096  current 3560  kicks 19  iters 2887930 (1999/s)  best: cx 28 tof 21
[2026-09-25 07:41:17] span_L5_s61_c1_z3_long   1455s  best 3694/4096  current 3558  kicks 19  iters 2909060 (1999/s)  best: cx 28 tof 21
[2026-09-25 07:41:27] span_L5_s61_c1_z3_long   1465s  best 3694/4096  current 3573  kicks 19  iters 2928702 (1999/s)  best: cx 28 tof 21
[2026-09-25 07:41:38] span_L5_s61_c1_z3_long   1475s  best 3694/4096  current 3571  kicks 19  iters 2948077 (1998/s)  best: cx 28 tof 21
[2026-09-25 07:41:52] span_L5_s61_c1_z3_long   1490s  best 3694/4096  current 3573  kicks 19  iters 2976251 (1997/s)  best: cx 28 tof 21
[2026-09-25 07:42:06] span_L5_s61_c1_z3_long   1504s  best 3694/4096  current 3555  kicks 20  iters 3007912 (1999/s)  best: cx 28 tof 21
[2026-09-25 07:42:17] span_L5_s61_c1_z3_long   1515s  best 3694/4096  current 3570  kicks 20  iters 3030772 (2000/s)  best: cx 28 tof 21
[2026-09-25 07:42:32] span_L5_s61_c1_z3_long   1529s  best 3694/4096  current 3582  kicks 20  iters 3062648 (2002/s)  best: cx 28 tof 21
[2026-09-25 07:42:43] span_L5_s61_c1_z3_long   1540s  best 3694/4096  current 3591  kicks 20  iters 3083465 (2001/s)  best: cx 28 tof 21
[2026-09-25 07:42:57] span_L5_s61_c1_z3_long   1555s  best 3694/4096  current 3565  kicks 21  iters 3111450 (2001/s)  best: cx 28 tof 21
[2026-09-25 07:43:08] span_L5_s61_c1_z3_long   1565s  best 3694/4096  current 3568  kicks 21  iters 3132632 (2001/s)  best: cx 28 tof 21
[2026-09-25 07:43:22] span_L5_s61_c1_z3_long   1580s  best 3694/4096  current 3589  kicks 21  iters 3162714 (2001/s)  best: cx 28 tof 21
[2026-09-25 07:43:32] span_L5_s61_c1_z3_long   1590s  best 3694/4096  current 3592  kicks 21  iters 3183015 (2001/s)  best: cx 28 tof 21
[2026-09-25 07:43:43] span_L5_s61_c1_z3_long   1600s  best 3694/4096  current 3590  kicks 21  iters 3203063 (2001/s)  best: cx 28 tof 21
[2026-09-25 07:43:57] span_L5_s61_c1_z3_long   1615s  best 3694/4096  current 3588  kicks 21  iters 3232642 (2001/s)  best: cx 28 tof 21
[2026-09-25 07:44:07] span_L5_s61_c1_z3_long   1625s  best 3694/4096  current 3544  kicks 22  iters 3254060 (2002/s)  best: cx 28 tof 21
[2026-09-25 07:44:18] span_L5_s61_c1_z3_long   1635s  best 3694/4096  current 3578  kicks 22  iters 3275463 (2002/s)  best: cx 28 tof 21
[2026-09-25 07:44:32] span_L5_s61_c1_z3_long   1650s  best 3694/4096  current 3577  kicks 22  iters 3304573 (2003/s)  best: cx 28 tof 21
[2026-09-25 07:44:42] span_L5_s61_c1_z3_long   1660s  best 3694/4096  current 3574  kicks 22  iters 3326905 (2004/s)  best: cx 28 tof 21
[2026-09-25 07:44:52] span_L5_s61_c1_z3_long   1670s  best 3694/4096  current 3584  kicks 22  iters 3348190 (2004/s)  best: cx 28 tof 21
[2026-09-25 07:45:07] span_L5_s61_c1_z3_long   1685s  best 3694/4096  current 3607  kicks 23  iters 3378758 (2005/s)  best: cx 28 tof 21
[2026-09-25 07:45:22] span_L5_s61_c1_z3_long   1700s  best 3694/4096  current 3623  kicks 23  iters 3411901 (2006/s)  best: cx 28 tof 21
[2026-09-25 07:45:32] span_L5_s61_c1_z3_long   1710s  best 3694/4096  current 3622  kicks 23  iters 3433719 (2007/s)  best: cx 28 tof 21
[2026-09-25 07:45:47] span_L5_s61_c1_z3_long   1725s  best 3694/4096  current 3631  kicks 23  iters 3466726 (2009/s)  best: cx 28 tof 21
[2026-09-25 07:46:02] span_L5_s61_c1_z3_long   1740s  best 3694/4096  current 3629  kicks 23  iters 3500610 (2012/s)  best: cx 28 tof 21
[2026-09-25 07:46:12] span_L5_s61_c1_z3_long   1750s  best 3694/4096  current 3550  kicks 24  iters 3523126 (2013/s)  best: cx 28 tof 21
[2026-09-25 07:46:22] span_L5_s61_c1_z3_long   1760s  best 3694/4096  current 3569  kicks 24  iters 3545242 (2014/s)  best: cx 28 tof 21
[2026-09-25 07:46:33] span_L5_s61_c1_z3_long   1770s  best 3694/4096  current 3570  kicks 24  iters 3566624 (2014/s)  best: cx 28 tof 21
[2026-09-25 07:46:47] span_L5_s61_c1_z3_long   1785s  best 3694/4096  current 3575  kicks 24  iters 3598230 (2015/s)  best: cx 28 tof 21
[2026-09-25 07:46:58] span_L5_s61_c1_z3_long   1795s  best 3694/4096  current 3570  kicks 24  iters 3619787 (2016/s)  best: cx 28 tof 21
[2026-09-25 07:47:08] span_L5_s61_c1_z3_long   1806s  best 3694/4096  current 3565  kicks 25  iters 3640895 (2016/s)  best: cx 28 tof 21
[2026-09-25 07:47:18] span_L5_s61_c1_z3_long   1816s  best 3694/4096  current 3564  kicks 25  iters 3659872 (2015/s)  best: cx 28 tof 21
[2026-09-25 07:47:33] span_L5_s61_c1_z3_long   1831s  best 3694/4096  current 3574  kicks 25  iters 3690382 (2015/s)  best: cx 28 tof 21
[2026-09-25 07:47:43] span_L5_s61_c1_z3_long   1841s  best 3694/4096  current 3575  kicks 25  iters 3710732 (2015/s)  best: cx 28 tof 21
[2026-09-25 07:47:58] span_L5_s61_c1_z3_long   1856s  best 3694/4096  current 3574  kicks 25  iters 3741620 (2016/s)  best: cx 28 tof 21
[2026-09-25 07:48:08] span_L5_s61_c1_z3_long   1866s  best 3694/4096  current 3562  kicks 26  iters 3761264 (2016/s)  best: cx 28 tof 21
[2026-09-25 07:48:18] span_L5_s61_c1_z3_long   1876s  best 3694/4096  current 3582  kicks 26  iters 3780842 (2015/s)  best: cx 28 tof 21
[2026-09-25 07:48:33] span_L5_s61_c1_z3_long   1891s  best 3694/4096  current 3639  kicks 26  iters 3809913 (2015/s)  best: cx 28 tof 21
[2026-09-25 07:48:43] span_L5_s61_c1_z3_long   1901s  best 3694/4096  current 3644  kicks 26  iters 3829794 (2014/s)  best: cx 28 tof 21
[2026-09-25 07:48:53] span_L5_s61_c1_z3_long   1911s  best 3694/4096  current 3644  kicks 26  iters 3847715 (2013/s)  best: cx 28 tof 21
[2026-09-25 07:49:08] span_L5_s61_c1_z3_long   1926s  best 3694/4096  current 3644  kicks 26  iters 3876312 (2012/s)  best: cx 28 tof 21
[2026-09-25 07:49:23] span_L5_s61_c1_z3_long   1941s  best 3694/4096  current 3583  kicks 27  iters 3907115 (2013/s)  best: cx 28 tof 21
[2026-09-25 07:49:38] span_L5_s61_c1_z3_long   1956s  best 3694/4096  current 3589  kicks 27  iters 3938217 (2013/s)  best: cx 28 tof 21
[2026-09-25 07:49:53] span_L5_s61_c1_z3_long   1970s  best 3694/4096  current 3589  kicks 27  iters 3970198 (2014/s)  best: cx 28 tof 21
[2026-09-25 07:50:03] span_L5_s61_c1_z3_long   1981s  best 3694/4096  current 3593  kicks 27  iters 3991082 (2014/s)  best: cx 28 tof 21
[2026-09-25 07:50:18] span_L5_s61_c1_z3_long   1996s  best 3694/4096  current 3571  kicks 28  iters 4022002 (2015/s)  best: cx 28 tof 21
[2026-09-25 07:50:29] span_L5_s61_c1_z3_long   2006s  best 3694/4096  current 3577  kicks 28  iters 4041636 (2014/s)  best: cx 28 tof 21
[2026-09-25 07:50:43] span_L5_s61_c1_z3_long   2021s  best 3694/4096  current 3584  kicks 28  iters 4069470 (2013/s)  best: cx 28 tof 21
[2026-09-25 07:50:54] span_L5_s61_c1_z3_long   2031s  best 3694/4096  current 3582  kicks 28  iters 4087909 (2012/s)  best: cx 28 tof 21
[2026-09-25 07:51:04] span_L5_s61_c1_z3_long   2042s  best 3694/4096  current 3594  kicks 28  iters 4105816 (2011/s)  best: cx 28 tof 21
[2026-09-25 07:51:17] span_L5_s61_c1_z3_long   2055s  best 3694/4096  current 3538  kicks 29  iters 4132679 (2010/s)  best: cx 28 tof 21
[2026-09-25 07:51:28] span_L5_s61_c1_z3_long   2066s  best 3694/4096  current 3583  kicks 29  iters 4155605 (2011/s)  best: cx 28 tof 21
[2026-09-25 07:51:38] span_L5_s61_c1_z3_long   2076s  best 3694/4096  current 3595  kicks 29  iters 4175724 (2011/s)  best: cx 28 tof 21
[2026-09-25 07:51:53] span_L5_s61_c1_z3_long   2091s  best 3694/4096  current 3605  kicks 29  iters 4206636 (2012/s)  best: cx 28 tof 21
[2026-09-25 07:52:03] span_L5_s61_c1_z3_long   2101s  best 3694/4096  current 3598  kicks 29  iters 4227367 (2012/s)  best: cx 28 tof 21
[2026-09-25 07:52:13] span_L5_s61_c1_z3_long   2111s  best 3694/4096  current 3600  kicks 29  iters 4247391 (2011/s)  best: cx 28 tof 21
[2026-09-25 07:52:24] span_L5_s61_c1_z3_long   2121s  best 3694/4096  current 3579  kicks 30  iters 4266947 (2011/s)  best: cx 28 tof 21
[2026-09-25 07:52:34] span_L5_s61_c1_z3_long   2132s  best 3694/4096  current 3574  kicks 30  iters 4285121 (2010/s)  best: cx 28 tof 21
[2026-09-25 07:52:49] span_L5_s61_c1_z3_long   2146s  best 3694/4096  current 3588  kicks 30  iters 4311536 (2008/s)  best: cx 28 tof 21
[2026-09-25 07:52:59] span_L5_s61_c1_z3_long   2156s  best 3694/4096  current 3592  kicks 30  iters 4330525 (2008/s)  best: cx 28 tof 21
[2026-09-25 07:53:09] span_L5_s61_c1_z3_long   2167s  best 3694/4096  current 3590  kicks 30  iters 4349174 (2007/s)  best: cx 28 tof 21
[2026-09-25 07:53:23] span_L5_s61_c1_z3_long   2181s  best 3694/4096  current 3554  kicks 31  iters 4376447 (2007/s)  best: cx 28 tof 21
[2026-09-25 07:53:34] span_L5_s61_c1_z3_long   2192s  best 3694/4096  current 3614  kicks 31  iters 4397896 (2006/s)  best: cx 28 tof 21
[2026-09-25 07:53:49] span_L5_s61_c1_z3_long   2207s  best 3694/4096  current 3618  kicks 31  iters 4426356 (2006/s)  best: cx 28 tof 21
[2026-09-25 07:54:04] span_L5_s61_c1_z3_long   2221s  best 3694/4096  current 3629  kicks 31  iters 4456291 (2006/s)  best: cx 28 tof 21
[2026-09-25 07:54:14] span_L5_s61_c1_z3_long   2231s  best 3694/4096  current 3629  kicks 31  iters 4475841 (2005/s)  best: cx 28 tof 21
[2026-09-25 07:54:24] span_L5_s61_c1_z3_long   2242s  best 3694/4096  current 3620  kicks 31  iters 4495815 (2005/s)  best: cx 28 tof 21
[2026-09-25 07:54:34] span_L5_s61_c1_z3_long   2252s  best 3694/4096  current 3561  kicks 32  iters 4515599 (2005/s)  best: cx 28 tof 21
[2026-09-25 07:54:49] span_L5_s61_c1_z3_long   2266s  best 3694/4096  current 3569  kicks 32  iters 4545583 (2005/s)  best: cx 28 tof 21
[2026-09-25 07:54:59] span_L5_s61_c1_z3_long   2277s  best 3694/4096  current 3576  kicks 32  iters 4565056 (2005/s)  best: cx 28 tof 21
[2026-09-25 07:55:14] span_L5_s61_c1_z3_long   2292s  best 3694/4096  current 3576  kicks 32  iters 4592933 (2004/s)  best: cx 28 tof 21
[2026-09-25 07:55:24] span_L5_s61_c1_z3_long   2302s  best 3694/4096  current 3584  kicks 32  iters 4612124 (2003/s)  best: cx 28 tof 21
[2026-09-25 07:55:39] span_L5_s61_c1_z3_long   2316s  best 3694/4096  current 3564  kicks 33  iters 4641580 (2003/s)  best: cx 28 tof 21
[2026-09-25 07:55:54] span_L5_s61_c1_z3_long   2331s  best 3694/4096  current 3579  kicks 33  iters 4673535 (2004/s)  best: cx 28 tof 21
[2026-09-25 07:56:04] span_L5_s61_c1_z3_long   2341s  best 3694/4096  current 3581  kicks 33  iters 4694628 (2005/s)  best: cx 28 tof 21
[2026-09-25 07:56:18] span_L5_s61_c1_z3_long   2356s  best 3694/4096  current 3577  kicks 33  iters 4725639 (2005/s)  best: cx 28 tof 21
[2026-09-25 07:56:29] span_L5_s61_c1_z3_long   2367s  best 3694/4096  current 3596  kicks 33  iters 4746795 (2005/s)  best: cx 28 tof 21
[2026-09-25 07:56:44] span_L5_s61_c1_z3_long   2381s  best 3694/4096  current 3626  kicks 34  iters 4780220 (2007/s)  best: cx 28 tof 21
[2026-09-25 07:56:58] span_L5_s61_c1_z3_long   2396s  best 3694/4096  current 3635  kicks 34  iters 4814112 (2009/s)  best: cx 28 tof 21
[2026-09-25 07:57:08] span_L5_s61_c1_z3_long   2406s  best 3694/4096  current 3630  kicks 34  iters 4837033 (2010/s)  best: cx 28 tof 21
[2026-09-25 07:57:18] span_L5_s61_c1_z3_long   2416s  best 3694/4096  current 3630  kicks 34  iters 4859427 (2011/s)  best: cx 28 tof 21
[2026-09-25 07:57:33] span_L5_s61_c1_z3_long   2431s  best 3694/4096  current 3636  kicks 34  iters 4893037 (2012/s)  best: cx 28 tof 21
[2026-09-25 07:57:45] span_L5_s61_c1_z3_long   2443s  best 3694/4096  current 3580  kicks 35  iters 4914043 (2011/s)  best: cx 28 tof 21
[2026-09-25 07:58:00] span_L5_s61_c1_z3_long   2458s  best 3694/4096  current 3599  kicks 35  iters 4939715 (2009/s)  best: cx 28 tof 21
[2026-09-25 07:58:15] span_L5_s61_c1_z3_long   2473s  best 3694/4096  current 3605  kicks 35  iters 4964136 (2007/s)  best: cx 28 tof 21
[2026-09-25 07:58:31] span_L5_s61_c1_z3_long   2488s  best 3694/4096  current 3614  kicks 35  iters 4987811 (2004/s)  best: cx 28 tof 21
[2026-09-25 07:58:45] span_L5_s61_c1_z3_long   2502s  best 3694/4096  current 3520  kicks 36  iters 5012396 (2002/s)  best: cx 28 tof 21
[2026-09-25 07:58:59] span_L5_s61_c1_z3_long   2517s  best 3694/4096  current 3611  kicks 36  iters 5040415 (2002/s)  best: cx 28 tof 21
[2026-09-25 07:59:14] span_L5_s61_c1_z3_long   2532s  best 3694/4096  current 3617  kicks 36  iters 5070385 (2002/s)  best: cx 28 tof 21
[2026-09-25 07:59:29] span_L5_s61_c1_z3_long   2547s  best 3694/4096  current 3617  kicks 36  iters 5100991 (2002/s)  best: cx 28 tof 21
[2026-09-25 07:59:43] span_L5_s61_c1_z3_long   2561s  best 3694/4096  current 3563  kicks 37  iters 5131783 (2003/s)  best: cx 28 tof 21
[2026-09-25 07:59:54] span_L5_s61_c1_z3_long   2572s  best 3694/4096  current 3597  kicks 37  iters 5156714 (2004/s)  best: cx 28 tof 21
[2026-09-25 08:00:09] span_L5_s61_c1_z3_long   2587s  best 3694/4096  current 3612  kicks 37  iters 5189119 (2005/s)  best: cx 28 tof 21
[2026-09-25 08:00:24] span_L5_s61_c1_z3_long   2602s  best 3694/4096  current 3614  kicks 37  iters 5223081 (2007/s)  best: cx 28 tof 21
[2026-09-25 08:00:34] span_L5_s61_c1_z3_long   2612s  best 3694/4096  current 3613  kicks 37  iters 5245503 (2008/s)  best: cx 28 tof 21
[2026-09-25 08:00:49] span_L5_s61_c1_z3_long   2626s  best 3694/4096  current 3565  kicks 38  iters 5278650 (2009/s)  best: cx 28 tof 21
[2026-09-25 08:00:59] span_L5_s61_c1_z3_long   2637s  best 3694/4096  current 3580  kicks 38  iters 5301654 (2010/s)  best: cx 28 tof 21
[2026-09-25 08:01:09] span_L5_s61_c1_z3_long   2647s  best 3694/4096  current 3581  kicks 38  iters 5325053 (2011/s)  best: cx 28 tof 21
[2026-09-25 08:01:24] span_L5_s61_c1_z3_long   2662s  best 3694/4096  current 3578  kicks 38  iters 5359659 (2013/s)  best: cx 28 tof 21
[2026-09-25 08:01:39] span_L5_s61_c1_z3_long   2676s  best 3694/4096  current 3574  kicks 38  iters 5396642 (2016/s)  best: cx 28 tof 21
[2026-09-25 08:01:55] span_L5_s61_c1_z3_long   2692s  best 3694/4096  current 3593  kicks 39  iters 5434394 (2018/s)  best: cx 28 tof 21
[2026-09-25 08:02:10] span_L5_s61_c1_z3_long   2707s  best 3694/4096  current 3600  kicks 39  iters 5465213 (2018/s)  best: cx 28 tof 21
[2026-09-25 08:02:24] span_L5_s61_c1_z3_long   2722s  best 3694/4096  current 3598  kicks 39  iters 5496225 (2019/s)  best: cx 28 tof 21
[2026-09-25 08:02:40] span_L5_s61_c1_z3_long   2737s  best 3694/4096  current 3597  kicks 39  iters 5528587 (2019/s)  best: cx 28 tof 21
[2026-09-25 08:02:50] span_L5_s61_c1_z3_long   2747s  best 3694/4096  current 3601  kicks 39  iters 5549016 (2019/s)  best: cx 28 tof 21
[2026-09-25 08:03:05] span_L5_s61_c1_z3_long   2762s  best 3694/4096  current 3588  kicks 40  iters 5581617 (2020/s)  best: cx 28 tof 21
[2026-09-25 08:03:15] span_L5_s61_c1_z3_long   2773s  best 3694/4096  current 3602  kicks 40  iters 5602215 (2020/s)  best: cx 28 tof 21
[2026-09-25 08:03:30] span_L5_s61_c1_z3_long   2787s  best 3694/4096  current 3609  kicks 40  iters 5633685 (2021/s)  best: cx 28 tof 21
[2026-09-25 08:03:40] span_L5_s61_c1_z3_long   2798s  best 3694/4096  current 3619  kicks 40  iters 5654382 (2020/s)  best: cx 28 tof 21
[2026-09-25 08:03:50] span_L5_s61_c1_z3_long   2808s  best 3694/4096  current 3627  kicks 40  iters 5674176 (2020/s)  best: cx 28 tof 21
[2026-09-25 08:04:01] span_L5_s61_c1_z3_long   2819s  best 3694/4096  current 3557  kicks 41  iters 5692797 (2019/s)  best: cx 28 tof 21
[2026-09-25 08:04:15] span_L5_s61_c1_z3_long   2833s  best 3694/4096  current 3599  kicks 41  iters 5718267 (2018/s)  best: cx 28 tof 21
[2026-09-25 08:04:25] span_L5_s61_c1_z3_long   2843s  best 3694/4096  current 3611  kicks 41  iters 5736974 (2017/s)  best: cx 28 tof 21
[2026-09-25 08:04:40] span_L5_s61_c1_z3_long   2858s  best 3694/4096  current 3611  kicks 41  iters 5765569 (2017/s)  best: cx 28 tof 21
[2026-09-25 08:04:51] span_L5_s61_c1_z3_long   2868s  best 3694/4096  current 3608  kicks 41  iters 5784403 (2016/s)  best: cx 28 tof 21
[2026-09-25 08:05:05] span_L5_s61_c1_z3_long   2883s  best 3694/4096  current 3572  kicks 42  iters 5813982 (2016/s)  best: cx 28 tof 21
[2026-09-25 08:05:15] span_L5_s61_c1_z3_long   2893s  best 3694/4096  current 3600  kicks 42  iters 5833483 (2016/s)  best: cx 28 tof 21
[2026-09-25 08:05:26] span_L5_s61_c1_z3_long   2904s  best 3694/4096  current 3600  kicks 42  iters 5852036 (2015/s)  best: cx 28 tof 21
[2026-09-25 08:05:41] span_L5_s61_c1_z3_long   2919s  best 3694/4096  current 3605  kicks 42  iters 5879945 (2014/s)  best: cx 28 tof 21
[2026-09-25 08:05:56] span_L5_s61_c1_z3_long   2933s  best 3694/4096  current 3608  kicks 42  iters 5909294 (2014/s)  best: cx 28 tof 21
[2026-09-25 08:06:10] span_L5_s61_c1_z3_long   2948s  best 3694/4096  current 3540  kicks 43  iters 5942107 (2015/s)  best: cx 28 tof 21
[2026-09-25 08:06:20] span_L5_s61_c1_z3_long   2958s  best 3694/4096  current 3528  kicks 43  iters 5964730 (2016/s)  best: cx 28 tof 21
[2026-09-25 08:06:30] span_L5_s61_c1_z3_long   2968s  best 3694/4096  current 3542  kicks 43  iters 5986646 (2017/s)  best: cx 28 tof 21
[2026-09-25 08:06:40] span_L5_s61_c1_z3_long   2978s  best 3694/4096  current 3547  kicks 43  iters 6008604 (2017/s)  best: cx 28 tof 21
[2026-09-25 08:06:55] span_L5_s61_c1_z3_long   2993s  best 3694/4096  current 3559  kicks 43  iters 6040179 (2018/s)  best: cx 28 tof 21
[2026-09-25 08:07:10] span_L5_s61_c1_z3_long   3008s  best 3694/4096  current 3540  kicks 44  iters 6073406 (2019/s)  best: cx 28 tof 21
[2026-09-25 08:07:26] span_L5_s61_c1_z3_long   3024s  best 3694/4096  current 3559  kicks 44  iters 6106647 (2019/s)  best: cx 28 tof 21
[2026-09-25 08:07:36] span_L5_s61_c1_z3_long   3034s  best 3694/4096  current 3568  kicks 44  iters 6125287 (2018/s)  best: cx 28 tof 21
[2026-09-25 08:07:51] span_L5_s61_c1_z3_long   3048s  best 3694/4096  current 3560  kicks 44  iters 6152639 (2018/s)  best: cx 28 tof 21
[2026-09-25 08:08:01] span_L5_s61_c1_z3_long   3059s  best 3694/4096  current 3569  kicks 44  iters 6173192 (2018/s)  best: cx 28 tof 21
[2026-09-25 08:08:11] span_L5_s61_c1_z3_long   3069s  best 3694/4096  current 3565  kicks 45  iters 6192523 (2017/s)  best: cx 28 tof 21
[2026-09-25 08:08:21] span_L5_s61_c1_z3_long   3079s  best 3694/4096  current 3574  kicks 45  iters 6212223 (2017/s)  best: cx 28 tof 21
[2026-09-25 08:08:36] span_L5_s61_c1_z3_long   3094s  best 3694/4096  current 3572  kicks 45  iters 6240739 (2017/s)  best: cx 28 tof 21
[2026-09-25 08:08:51] span_L5_s61_c1_z3_long   3109s  best 3694/4096  current 3573  kicks 45  iters 6270194 (2016/s)  best: cx 28 tof 21
[2026-09-25 08:09:06] span_L5_s61_c1_z3_long   3123s  best 3694/4096  current 3580  kicks 45  iters 6299836 (2016/s)  best: cx 28 tof 21
[2026-09-25 08:09:20] span_L5_s61_c1_z3_long   3137s  best 3694/4096  current 3536  kicks 46  iters 6333334 (2018/s)  best: cx 28 tof 21
[2026-09-25 08:09:30] span_L5_s61_c1_z3_long   3148s  best 3694/4096  current 3544  kicks 46  iters 6359701 (2020/s)  best: cx 28 tof 21
[2026-09-25 08:09:41] span_L5_s61_c1_z3_long   3158s  best 3694/4096  current 3550  kicks 46  iters 6381883 (2020/s)  best: cx 28 tof 21
[2026-09-25 08:09:55] span_L5_s61_c1_z3_long   3173s  best 3694/4096  current 3536  kicks 46  iters 6413441 (2021/s)  best: cx 28 tof 21
[2026-09-25 08:10:11] span_L5_s61_c1_z3_long   3188s  best 3694/4096  current 3552  kicks 46  iters 6448237 (2022/s)  best: cx 28 tof 21
[2026-09-25 08:10:26] span_L5_s61_c1_z3_long   3203s  best 3694/4096  current 3548  kicks 47  iters 6481204 (2023/s)  best: cx 28 tof 21
[2026-09-25 08:10:41] span_L5_s61_c1_z3_long   3219s  best 3694/4096  current 3551  kicks 47  iters 6513667 (2023/s)  best: cx 28 tof 21
[2026-09-25 08:10:51] span_L5_s61_c1_z3_long   3229s  best 3694/4096  current 3553  kicks 47  iters 6534965 (2024/s)  best: cx 28 tof 21
[2026-09-25 08:11:05] span_L5_s61_c1_z3_long   3243s  best 3694/4096  current 3542  kicks 47  iters 6567262 (2024/s)  best: cx 28 tof 21
[2026-09-25 08:11:15] span_L5_s61_c1_z3_long   3253s  best 3694/4096  current 3544  kicks 47  iters 6589872 (2025/s)  best: cx 28 tof 21
[2026-09-25 08:11:30] span_L5_s61_c1_z3_long   3268s  best 3694/4096  current 3539  kicks 48  iters 6624763 (2027/s)  best: cx 28 tof 21
[2026-09-25 08:11:45] span_L5_s61_c1_z3_long   3283s  best 3694/4096  current 3563  kicks 48  iters 6660169 (2028/s)  best: cx 28 tof 21
[2026-09-25 08:11:56] span_L5_s61_c1_z3_long   3293s  best 3694/4096  current 3572  kicks 48  iters 6683747 (2029/s)  best: cx 28 tof 21
[2026-09-25 08:12:06] span_L5_s61_c1_z3_long   3303s  best 3694/4096  current 3578  kicks 48  iters 6705349 (2029/s)  best: cx 28 tof 21
[2026-09-25 08:12:21] span_L5_s61_c1_z3_long   3319s  best 3694/4096  current 3554  kicks 49  iters 6736971 (2029/s)  best: cx 28 tof 21
[2026-09-25 08:12:32] span_L5_s61_c1_z3_long   3329s  best 3694/4096  current 3582  kicks 49  iters 6756452 (2029/s)  best: cx 28 tof 21
[2026-09-25 08:12:46] span_L5_s61_c1_z3_long   3344s  best 3694/4096  current 3601  kicks 49  iters 6784217 (2028/s)  best: cx 28 tof 21
[2026-09-25 08:12:57] span_L5_s61_c1_z3_long   3354s  best 3694/4096  current 3600  kicks 49  iters 6803789 (2028/s)  best: cx 28 tof 21
[2026-09-25 08:13:11] span_L5_s61_c1_z3_long   3369s  best 3694/4096  current 3605  kicks 49  iters 6831740 (2027/s)  best: cx 28 tof 21
[2026-09-25 08:13:25] span_L5_s61_c1_z3_long   3383s  best 3694/4096  current 3511  kicks 50  iters 6862576 (2028/s)  best: cx 28 tof 21
[2026-09-25 08:13:40] span_L5_s61_c1_z3_long   3398s  best 3694/4096  current 3546  kicks 50  iters 6900365 (2030/s)  best: cx 28 tof 21
[2026-09-25 08:13:51] span_L5_s61_c1_z3_long   3409s  best 3694/4096  current 3576  kicks 50  iters 6924744 (2031/s)  best: cx 28 tof 21
[2026-09-25 08:14:01] span_L5_s61_c1_z3_long   3419s  best 3694/4096  current 3599  kicks 50  iters 6946707 (2031/s)  best: cx 28 tof 21
[2026-09-25 08:14:16] span_L5_s61_c1_z3_long   3434s  best 3694/4096  current 3642  kicks 50  iters 6978888 (2032/s)  best: cx 28 tof 21
[2026-09-25 08:14:32] span_L5_s61_c1_z3_long   3450s  best 3694/4096  current 3584  kicks 51  iters 7011843 (2032/s)  best: cx 28 tof 21
[2026-09-25 08:14:42] span_L5_s61_c1_z3_long   3460s  best 3694/4096  current 3629  kicks 51  iters 7029963 (2031/s)  best: cx 28 tof 21
[2026-09-25 08:14:52] span_L5_s61_c1_z3_long   3470s  best 3694/4096  current 3630  kicks 51  iters 7047253 (2030/s)  best: cx 28 tof 21
[2026-09-25 08:15:03] span_L5_s61_c1_z3_long   3480s  best 3694/4096  current 3631  kicks 51  iters 7064218 (2029/s)  best: cx 28 tof 21
[2026-09-25 08:15:13] span_L5_s61_c1_z3_long   3491s  best 3694/4096  current 3624  kicks 51  iters 7080092 (2028/s)  best: cx 28 tof 21
[2026-09-25 08:15:26] span_L5_s61_c1_z3_long   3504s  best 3694/4096  current 3520  kicks 52  iters 7105967 (2028/s)  best: cx 28 tof 21
[2026-09-25 08:15:40] span_L5_s61_c1_z3_long   3518s  best 3694/4096  current 3551  kicks 52  iters 7141724 (2030/s)  best: cx 28 tof 21
[2026-09-25 08:15:52] span_L5_s61_c1_z3_long   3529s  best 3694/4096  current 3579  kicks 52  iters 7165889 (2030/s)  best: cx 28 tof 21
[2026-09-25 08:16:06] span_L5_s61_c1_z3_long   3544s  best 3694/4096  current 3606  kicks 52  iters 7199857 (2031/s)  best: cx 28 tof 21
[2026-09-25 08:16:16] span_L5_s61_c1_z3_long   3554s  best 3694/4096  current 3607  kicks 52  iters 7223029 (2032/s)  best: cx 28 tof 21
[2026-09-25 08:16:32] span_L5_s61_c1_z3_long   3569s  best 3694/4096  current 3585  kicks 53  iters 7257586 (2033/s)  best: cx 28 tof 21
[2026-09-25 08:16:43] span_L5_s61_c1_z3_long   3580s  best 3694/4096  current 3590  kicks 53  iters 7277409 (2032/s)  best: cx 28 tof 21
[2026-09-25 08:16:57] span_L5_s61_c1_z3_long   3595s  best 3694/4096  current 3584  kicks 53  iters 7304124 (2031/s)  best: cx 28 tof 21
[2026-09-25 08:17:07] span_L5_s61_c1_z3_long   3605s  best 3694/4096  current 3593  kicks 53  iters 7323004 (2031/s)  best: cx 28 tof 21
[2026-09-25 08:17:22] span_L5_s61_c1_z3_long   3620s  best 3694/4096  current 3592  kicks 53  iters 7351669 (2030/s)  best: cx 28 tof 21
[2026-09-25 08:17:37] span_L5_s61_c1_z3_long   3635s  best 3694/4096  current 3611  kicks 54  iters 7380740 (2030/s)  best: cx 28 tof 21
[2026-09-25 08:17:52] span_L5_s61_c1_z3_long   3650s  best 3694/4096  current 3634  kicks 54  iters 7411224 (2030/s)  best: cx 28 tof 21
[2026-09-25 08:18:07] span_L5_s61_c1_z3_long   3665s  best 3694/4096  current 3634  kicks 54  iters 7441680 (2030/s)  best: cx 28 tof 21
[2026-09-25 08:18:22] span_L5_s61_c1_z3_long   3680s  best 3694/4096  current 3632  kicks 54  iters 7471938 (2030/s)  best: cx 28 tof 21
[2026-09-25 08:18:37] span_L5_s61_c1_z3_long   3695s  best 3694/4096  current 3588  kicks 55  iters 7502074 (2030/s)  best: cx 28 tof 21
[2026-09-25 08:18:47] span_L5_s61_c1_z3_long   3705s  best 3694/4096  current 3608  kicks 55  iters 7520791 (2029/s)  best: cx 28 tof 21
[2026-09-25 08:19:02] span_L5_s61_c1_z3_long   3720s  best 3694/4096  current 3625  kicks 55  iters 7549752 (2029/s)  best: cx 28 tof 21
[2026-09-25 08:19:17] span_L5_s61_c1_z3_long   3735s  best 3694/4096  current 3622  kicks 55  iters 7578953 (2029/s)  best: cx 28 tof 21
[2026-09-25 08:19:27] span_L5_s61_c1_z3_long   3745s  best 3694/4096  current 3624  kicks 55  iters 7598722 (2028/s)  best: cx 28 tof 21
[2026-09-25 08:19:41] span_L5_s61_c1_z3_long   3759s  best 3694/4096  current 3578  kicks 56  iters 7628552 (2029/s)  best: cx 28 tof 21
[2026-09-25 08:19:52] span_L5_s61_c1_z3_long   3770s  best 3694/4096  current 3601  kicks 56  iters 7652517 (2029/s)  best: cx 28 tof 21
[2026-09-25 08:20:03] span_L5_s61_c1_z3_long   3780s  best 3694/4096  current 3601  kicks 56  iters 7672295 (2029/s)  best: cx 28 tof 21
[2026-09-25 08:20:17] span_L5_s61_c1_z3_long   3795s  best 3694/4096  current 3603  kicks 56  iters 7700319 (2029/s)  best: cx 28 tof 21
[2026-09-25 08:20:27] span_L5_s61_c1_z3_long   3805s  best 3694/4096  current 3599  kicks 56  iters 7719922 (2028/s)  best: cx 28 tof 21
[2026-09-25 08:20:42] span_L5_s61_c1_z3_long   3820s  best 3694/4096  current 3600  kicks 57  iters 7750496 (2029/s)  best: cx 28 tof 21
[2026-09-25 08:20:53] span_L5_s61_c1_z3_long   3831s  best 3694/4096  current 3664  kicks 57  iters 7770995 (2028/s)  best: cx 28 tof 21
[2026-09-25 08:21:03] span_L5_s61_c1_z3_long   3841s  best 3694/4096  current 3662  kicks 57  iters 7788626 (2027/s)  best: cx 28 tof 21
[2026-09-25 08:21:13] span_L5_s61_c1_z3_long   3851s  best 3694/4096  current 3672  kicks 57  iters 7805889 (2027/s)  best: cx 28 tof 21
[2026-09-25 08:21:23] span_L5_s61_c1_z3_long   3861s  best 3694/4096  current 3665  kicks 57  iters 7823193 (2026/s)  best: cx 28 tof 21
[2026-09-25 08:21:37] span_L5_s61_c1_z3_long   3874s  best 3694/4096  current 3529  kicks 58  iters 7852922 (2026/s)  best: cx 28 tof 21
[2026-09-25 08:21:48] span_L5_s61_c1_z3_long   3886s  best 3694/4096  current 3614  kicks 58  iters 7876083 (2026/s)  best: cx 28 tof 21
[2026-09-25 08:22:03] span_L5_s61_c1_z3_long   3900s  best 3694/4096  current 3616  kicks 58  iters 7906648 (2027/s)  best: cx 28 tof 21
[2026-09-25 08:22:13] span_L5_s61_c1_z3_long   3911s  best 3694/4096  current 3625  kicks 58  iters 7927373 (2027/s)  best: cx 28 tof 21
[2026-09-25 08:22:28] span_L5_s61_c1_z3_long   3925s  best 3694/4096  current 3625  kicks 58  iters 7957825 (2027/s)  best: cx 28 tof 21
[2026-09-25 08:22:38] span_L5_s61_c1_z3_long   3936s  best 3694/4096  current 3520  kicks 59  iters 7978267 (2027/s)  best: cx 28 tof 21
[2026-09-25 08:22:48] span_L5_s61_c1_z3_long   3946s  best 3694/4096  current 3526  kicks 59  iters 7997841 (2026/s)  best: cx 28 tof 21
[2026-09-25 08:23:02] span_L5_s61_c1_z3_long   3960s  best 3694/4096  current 3544  kicks 59  iters 8027411 (2027/s)  best: cx 28 tof 21
[2026-09-25 08:23:12] span_L5_s61_c1_z3_long   3970s  best 3694/4096  current 3560  kicks 59  iters 8049876 (2027/s)  best: cx 28 tof 21
[2026-09-25 08:23:27] span_L5_s61_c1_z3_long   3985s  best 3694/4096  current 3565  kicks 59  iters 8084284 (2028/s)  best: cx 28 tof 21
[2026-09-25 08:23:42] span_L5_s61_c1_z3_long   4000s  best 3694/4096  current 3514  kicks 60  iters 8118444 (2029/s)  best: cx 28 tof 21
[2026-09-25 08:23:57] span_L5_s61_c1_z3_long   4014s  best 3694/4096  current 3544  kicks 60  iters 8156353 (2031/s)  best: cx 28 tof 21
[2026-09-25 08:24:07] span_L5_s61_c1_z3_long   4025s  best 3694/4096  current 3550  kicks 60  iters 8182298 (2032/s)  best: cx 28 tof 21
[2026-09-25 08:24:22] span_L5_s61_c1_z3_long   4039s  best 3694/4096  current 3554  kicks 60  iters 8220374 (2035/s)  best: cx 28 tof 21
[2026-09-25 08:24:37] span_L5_s61_c1_z3_long   4054s  best 3694/4096  current 3554  kicks 60  iters 8260631 (2037/s)  best: cx 28 tof 21
[2026-09-25 08:24:48] span_L5_s61_c1_z3_long   4066s  best 3694/4096  current 3591  kicks 61  iters 8286935 (2038/s)  best: cx 28 tof 21
[2026-09-25 08:24:58] span_L5_s61_c1_z3_long   4076s  best 3694/4096  current 3597  kicks 61  iters 8305890 (2037/s)  best: cx 28 tof 21
[2026-09-25 08:25:09] span_L5_s61_c1_z3_long   4086s  best 3694/4096  current 3591  kicks 61  iters 8324870 (2037/s)  best: cx 28 tof 21
[2026-09-25 08:25:24] span_L5_s61_c1_z3_long   4101s  best 3694/4096  current 3595  kicks 61  iters 8353090 (2036/s)  best: cx 28 tof 21
[2026-09-25 08:25:39] span_L5_s61_c1_z3_long   4116s  best 3694/4096  current 3613  kicks 61  iters 8380675 (2035/s)  best: cx 28 tof 21
[2026-09-25 08:25:53] span_L5_s61_c1_z3_long   4131s  best 3694/4096  current 3571  kicks 62  iters 8409585 (2035/s)  best: cx 28 tof 21
[2026-09-25 08:26:09] span_L5_s61_c1_z3_long   4146s  best 3694/4096  current 3580  kicks 62  iters 8439382 (2035/s)  best: cx 28 tof 21
[2026-09-25 08:26:24] span_L5_s61_c1_z3_long   4161s  best 3694/4096  current 3594  kicks 62  iters 8468008 (2034/s)  best: cx 28 tof 21
[2026-09-25 08:26:38] span_L5_s61_c1_z3_long   4176s  best 3694/4096  current 3593  kicks 62  iters 8496724 (2034/s)  best: cx 28 tof 21
[2026-09-25 08:26:53] span_L5_s61_c1_z3_long   4191s  best 3694/4096  current 3590  kicks 63  iters 8526555 (2034/s)  best: cx 28 tof 21
[2026-09-25 08:27:03] span_L5_s61_c1_z3_long   4201s  best 3694/4096  current 3605  kicks 63  iters 8547032 (2034/s)  best: cx 28 tof 21
[2026-09-25 08:27:18] span_L5_s61_c1_z3_long   4216s  best 3694/4096  current 3612  kicks 63  iters 8576704 (2034/s)  best: cx 28 tof 21
[2026-09-25 08:27:29] span_L5_s61_c1_z3_long   4226s  best 3694/4096  current 3613  kicks 63  iters 8596824 (2034/s)  best: cx 28 tof 21
[2026-09-25 08:27:44] span_L5_s61_c1_z3_long   4241s  best 3694/4096  current 3612  kicks 63  iters 8625326 (2033/s)  best: cx 28 tof 21
[2026-09-25 08:27:58] span_L5_s61_c1_z3_long   4256s  best 3694/4096  current 3600  kicks 64  iters 8654949 (2033/s)  best: cx 28 tof 21
[2026-09-25 08:28:13] span_L5_s61_c1_z3_long   4271s  best 3694/4096  current 3595  kicks 64  iters 8687730 (2034/s)  best: cx 28 tof 21
[2026-09-25 08:28:28] span_L5_s61_c1_z3_long   4285s  best 3694/4096  current 3616  kicks 64  iters 8722305 (2035/s)  best: cx 28 tof 21
[2026-09-25 08:28:38] span_L5_s61_c1_z3_long   4296s  best 3694/4096  current 3612  kicks 64  iters 8745735 (2035/s)  best: cx 28 tof 21
[2026-09-25 08:28:48] span_L5_s61_c1_z3_long   4306s  best 3694/4096  current 3635  kicks 64  iters 8768125 (2036/s)  best: cx 28 tof 21
[2026-09-25 08:28:58] span_L5_s61_c1_z3_long   4316s  best 3694/4096  current 3626  kicks 65  iters 8790290 (2036/s)  best: cx 28 tof 21
[2026-09-25 08:29:09] span_L5_s61_c1_z3_long   4327s  best 3694/4096  current 3662  kicks 65  iters 8809446 (2036/s)  best: cx 28 tof 21
[2026-09-25 08:29:19] span_L5_s61_c1_z3_long   4337s  best 3694/4096  current 3681  kicks 65  iters 8826866 (2035/s)  best: cx 28 tof 21
[2026-09-25 08:29:35] span_L5_s61_c1_z3_long   4352s  best 3694/4096  current 3683  kicks 65  iters 8851747 (2033/s)  best: cx 28 tof 21
[2026-09-25 08:29:45] span_L5_s61_c1_z3_long   4362s  best 3694/4096  current 3684  kicks 65  iters 8867594 (2032/s)  best: cx 28 tof 21
[2026-09-25 08:29:58] span_L5_s61_c1_z3_long   4376s  best 3694/4096  current 3538  kicks 66  iters 8891310 (2031/s)  best: cx 28 tof 21
[2026-09-25 08:30:09] span_L5_s61_c1_z3_long   4387s  best 3694/4096  current 3572  kicks 66  iters 8912475 (2031/s)  best: cx 28 tof 21
[2026-09-25 08:30:19] span_L5_s61_c1_z3_long   4397s  best 3694/4096  current 3570  kicks 66  iters 8932181 (2031/s)  best: cx 28 tof 21
[2026-09-25 08:30:34] span_L5_s61_c1_z3_long   4412s  best 3694/4096  current 3589  kicks 66  iters 8961472 (2031/s)  best: cx 28 tof 21
[2026-09-25 08:30:49] span_L5_s61_c1_z3_long   4427s  best 3694/4096  current 3583  kicks 66  iters 8990562 (2031/s)  best: cx 28 tof 21
[2026-09-25 08:31:03] span_L5_s61_c1_z3_long   4441s  best 3694/4096  current 3540  kicks 67  iters 9020462 (2031/s)  best: cx 28 tof 21
[2026-09-25 08:31:13] span_L5_s61_c1_z3_long   4451s  best 3694/4096  current 3580  kicks 67  iters 9044572 (2032/s)  best: cx 28 tof 21
[2026-09-25 08:31:23] span_L5_s61_c1_z3_long   4461s  best 3694/4096  current 3583  kicks 67  iters 9067123 (2032/s)  best: cx 28 tof 21
[2026-09-25 08:31:34] span_L5_s61_c1_z3_long   4472s  best 3694/4096  current 3591  kicks 67  iters 9088580 (2032/s)  best: cx 28 tof 21
[2026-09-25 08:31:48] span_L5_s61_c1_z3_long   4486s  best 3694/4096  current 3603  kicks 67  iters 9119982 (2033/s)  best: cx 28 tof 21
[2026-09-25 08:31:58] span_L5_s61_c1_z3_long   4496s  best 3694/4096  current 3597  kicks 67  iters 9143970 (2033/s)  best: cx 28 tof 21
[2026-09-25 08:32:13] span_L5_s61_c1_z3_long   4510s  best 3694/4096  current 3522  kicks 68  iters 9178553 (2034/s)  best: cx 28 tof 21
[2026-09-25 08:32:28] span_L5_s61_c1_z3_long   4525s  best 3694/4096  current 3529  kicks 68  iters 9217132 (2036/s)  best: cx 28 tof 21
[2026-09-25 08:32:39] span_L5_s61_c1_z3_long   4537s  best 3694/4096  current 3571  kicks 68  iters 9241781 (2037/s)  best: cx 28 tof 21
[2026-09-25 08:32:55] span_L5_s61_c1_z3_long   4552s  best 3694/4096  current 3580  kicks 68  iters 9271349 (2036/s)  best: cx 28 tof 21
[2026-09-25 08:33:08] span_L5_s61_c1_z3_long   4566s  best 3694/4096  current 3492  kicks 69  iters 9300156 (2036/s)  best: cx 28 tof 21
[2026-09-25 08:33:19] span_L5_s61_c1_z3_long   4576s  best 3694/4096  current 3509  kicks 69  iters 9322738 (2037/s)  best: cx 28 tof 21
[2026-09-25 08:33:29] span_L5_s61_c1_z3_long   4587s  best 3694/4096  current 3521  kicks 69  iters 9344783 (2037/s)  best: cx 28 tof 21
[2026-09-25 08:33:39] span_L5_s61_c1_z3_long   4597s  best 3694/4096  current 3530  kicks 69  iters 9365532 (2037/s)  best: cx 28 tof 21
[2026-09-25 08:33:49] span_L5_s61_c1_z3_long   4607s  best 3694/4096  current 3533  kicks 69  iters 9385723 (2037/s)  best: cx 28 tof 21
[2026-09-25 08:34:04] span_L5_s61_c1_z3_long   4622s  best 3694/4096  current 3528  kicks 69  iters 9415834 (2037/s)  best: cx 28 tof 21
[2026-09-25 08:34:19] span_L5_s61_c1_z3_long   4637s  best 3694/4096  current 3592  kicks 70  iters 9445995 (2037/s)  best: cx 28 tof 21
[2026-09-25 08:34:34] span_L5_s61_c1_z3_long   4652s  best 3694/4096  current 3591  kicks 70  iters 9479241 (2037/s)  best: cx 28 tof 21
[2026-09-25 08:34:49] span_L5_s61_c1_z3_long   4666s  best 3694/4096  current 3596  kicks 70  iters 9510063 (2037/s)  best: cx 28 tof 21
[2026-09-25 08:34:59] span_L5_s61_c1_z3_long   4677s  best 3694/4096  current 3595  kicks 70  iters 9532496 (2038/s)  best: cx 28 tof 21
[2026-09-25 08:35:13] span_L5_s61_c1_z3_long   4691s  best 3694/4096  current 3574  kicks 71  iters 9566586 (2039/s)  best: cx 28 tof 21
[2026-09-25 08:35:24] span_L5_s61_c1_z3_long   4701s  best 3694/4096  current 3584  kicks 71  iters 9591407 (2040/s)  best: cx 28 tof 21
[2026-09-25 08:35:34] span_L5_s61_c1_z3_long   4712s  best 3694/4096  current 3578  kicks 71  iters 9614356 (2040/s)  best: cx 28 tof 21
[2026-09-25 08:35:44] span_L5_s61_c1_z3_long   4722s  best 3694/4096  current 3606  kicks 71  iters 9637047 (2040/s)  best: cx 28 tof 21
[2026-09-25 08:35:59] span_L5_s61_c1_z3_long   4736s  best 3694/4096  current 3608  kicks 71  iters 9669997 (2041/s)  best: cx 28 tof 21
[2026-09-25 08:36:13] span_L5_s61_c1_z3_long   4751s  best 3694/4096  current 3633  kicks 71  iters 9706561 (2043/s)  best: cx 28 tof 21
[2026-09-25 08:36:25] span_L5_s61_c1_z3_long   4763s  best 3694/4096  current 3615  kicks 72  iters 9729996 (2042/s)  best: cx 28 tof 21
[2026-09-25 08:36:35] span_L5_s61_c1_z3_long   4773s  best 3694/4096  current 3605  kicks 72  iters 9747752 (2042/s)  best: cx 28 tof 21
[2026-09-25 08:36:50] span_L5_s61_c1_z3_long   4788s  best 3694/4096  current 3633  kicks 72  iters 9774716 (2041/s)  best: cx 28 tof 21
[2026-09-25 08:37:00] span_L5_s61_c1_z3_long   4798s  best 3694/4096  current 3629  kicks 72  iters 9793040 (2041/s)  best: cx 28 tof 21
[2026-09-25 08:37:10] span_L5_s61_c1_z3_long   4808s  best 3694/4096  current 3633  kicks 72  iters 9810476 (2040/s)  best: cx 28 tof 21
[2026-09-25 08:37:25] span_L5_s61_c1_z3_long   4823s  best 3694/4096  current 3587  kicks 73  iters 9838845 (2040/s)  best: cx 28 tof 21
[2026-09-25 08:37:35] span_L5_s61_c1_z3_long   4833s  best 3694/4096  current 3597  kicks 73  iters 9857118 (2039/s)  best: cx 28 tof 21
[2026-09-25 08:37:50] span_L5_s61_c1_z3_long   4848s  best 3694/4096  current 3601  kicks 73  iters 9884432 (2038/s)  best: cx 28 tof 21
[2026-09-25 08:38:01] span_L5_s61_c1_z3_long   4859s  best 3694/4096  current 3605  kicks 73  iters 9902665 (2038/s)  best: cx 28 tof 21
[2026-09-25 08:38:16] span_L5_s61_c1_z3_long   4874s  best 3694/4096  current 3607  kicks 73  iters 9928162 (2037/s)  best: cx 28 tof 21
[2026-09-25 08:38:30] span_L5_s61_c1_z3_long   4888s  best 3694/4096  current 3576  kicks 74  iters 9957859 (2037/s)  best: cx 28 tof 21
[2026-09-25 08:38:44] span_L5_s61_c1_z3_long   4902s  best 3694/4096  current 3617  kicks 74  iters 9990115 (2037/s)  best: cx 28 tof 21
[2026-09-25 08:38:55] span_L5_s61_c1_z3_long   4912s  best 3694/4096  current 3628  kicks 74  iters 10013766 (2038/s)  best: cx 28 tof 21
[2026-09-25 08:39:10] span_L5_s61_c1_z3_long   4928s  best 3694/4096  current 3635  kicks 74  iters 10046942 (2038/s)  best: cx 28 tof 21
[2026-09-25 08:39:20] span_L5_s61_c1_z3_long   4938s  best 3694/4096  current 3643  kicks 74  iters 10067355 (2038/s)  best: cx 28 tof 21
[2026-09-25 08:39:30] span_L5_s61_c1_z3_long   4948s  best 3694/4096  current 3599  kicks 75  iters 10087001 (2038/s)  best: cx 28 tof 21
[2026-09-25 08:39:45] span_L5_s61_c1_z3_long   4962s  best 3694/4096  current 3615  kicks 75  iters 10117988 (2038/s)  best: cx 28 tof 21
[2026-09-25 08:39:55] span_L5_s61_c1_z3_long   4973s  best 3694/4096  current 3613  kicks 75  iters 10140038 (2039/s)  best: cx 28 tof 21
[2026-09-25 08:40:10] span_L5_s61_c1_z3_long   4987s  best 3694/4096  current 3615  kicks 75  iters 10173087 (2039/s)  best: cx 28 tof 21
[2026-09-25 08:40:24] span_L5_s61_c1_z3_long   5002s  best 3694/4096  current 3612  kicks 75  iters 10208729 (2040/s)  best: cx 28 tof 21
[2026-09-25 08:40:35] span_L5_s61_c1_z3_long   5012s  best 3694/4096  current 3577  kicks 76  iters 10232355 (2041/s)  best: cx 28 tof 21
[2026-09-25 08:40:45] span_L5_s61_c1_z3_long   5022s  best 3694/4096  current 3616  kicks 76  iters 10255143 (2041/s)  best: cx 28 tof 21
[2026-09-25 08:40:59] span_L5_s61_c1_z3_long   5037s  best 3694/4096  current 3620  kicks 76  iters 10289178 (2042/s)  best: cx 28 tof 21
[2026-09-25 08:41:10] span_L5_s61_c1_z3_long   5047s  best 3694/4096  current 3635  kicks 76  iters 10313917 (2043/s)  best: cx 28 tof 21
[2026-09-25 08:41:20] span_L5_s61_c1_z3_long   5058s  best 3694/4096  current 3633  kicks 76  iters 10337021 (2043/s)  best: cx 28 tof 21
[2026-09-25 08:41:35] span_L5_s61_c1_z3_long   5073s  best 3694/4096  current 3572  kicks 77  iters 10370850 (2044/s)  best: cx 28 tof 21
[2026-09-25 08:41:50] span_L5_s61_c1_z3_long   5088s  best 3694/4096  current 3583  kicks 77  iters 10403733 (2044/s)  best: cx 28 tof 21
[2026-09-25 08:42:00] span_L5_s61_c1_z3_long   5098s  best 3694/4096  current 3595  kicks 77  iters 10426151 (2045/s)  best: cx 28 tof 21
[2026-09-25 08:42:10] span_L5_s61_c1_z3_long   5108s  best 3694/4096  current 3598  kicks 77  iters 10445994 (2044/s)  best: cx 28 tof 21
[2026-09-25 08:42:21] span_L5_s61_c1_z3_long   5118s  best 3694/4096  current 3605  kicks 77  iters 10466192 (2044/s)  best: cx 28 tof 21
[2026-09-25 08:42:35] span_L5_s61_c1_z3_long   5133s  best 3694/4096  current 3547  kicks 78  iters 10496830 (2045/s)  best: cx 28 tof 21
[2026-09-25 08:42:50] span_L5_s61_c1_z3_long   5147s  best 3694/4096  current 3566  kicks 78  iters 10530216 (2045/s)  best: cx 28 tof 21
[2026-09-25 08:43:00] span_L5_s61_c1_z3_long   5158s  best 3694/4096  current 3579  kicks 78  iters 10552915 (2045/s)  best: cx 28 tof 21
[2026-09-25 08:43:14] span_L5_s61_c1_z3_long   5172s  best 3694/4096  current 3581  kicks 78  iters 10585821 (2046/s)  best: cx 28 tof 21
[2026-09-25 08:43:25] span_L5_s61_c1_z3_long   5183s  best 3694/4096  current 3580  kicks 78  iters 10610204 (2047/s)  best: cx 28 tof 21
[2026-09-25 08:43:40] span_L5_s61_c1_z3_long   5198s  best 3694/4096  current 3547  kicks 79  iters 10647351 (2048/s)  best: cx 28 tof 21
[2026-09-25 08:43:55] span_L5_s61_c1_z3_long   5213s  best 3694/4096  current 3569  kicks 79  iters 10682420 (2049/s)  best: cx 28 tof 21
[2026-09-25 08:44:05] span_L5_s61_c1_z3_long   5223s  best 3694/4096  current 3601  kicks 79  iters 10706082 (2049/s)  best: cx 28 tof 21
[2026-09-25 08:44:15] span_L5_s61_c1_z3_long   5233s  best 3694/4096  current 3601  kicks 79  iters 10728226 (2050/s)  best: cx 28 tof 21
[2026-09-25 08:44:31] span_L5_s61_c1_z3_long   5248s  best 3694/4096  current 3617  kicks 79  iters 10761292 (2050/s)  best: cx 28 tof 21
[2026-09-25 08:44:41] span_L5_s61_c1_z3_long   5258s  best 3694/4096  current 3548  kicks 80  iters 10781592 (2050/s)  best: cx 28 tof 21
[2026-09-25 08:44:51] span_L5_s61_c1_z3_long   5269s  best 3694/4096  current 3560  kicks 80  iters 10800833 (2049/s)  best: cx 28 tof 21
[2026-09-25 08:45:01] span_L5_s61_c1_z3_long   5279s  best 3694/4096  current 3555  kicks 80  iters 10819068 (2049/s)  best: cx 28 tof 21
[2026-09-25 08:45:16] span_L5_s61_c1_z3_long   5294s  best 3694/4096  current 3563  kicks 80  iters 10848192 (2049/s)  best: cx 28 tof 21
[2026-09-25 08:45:26] span_L5_s61_c1_z3_long   5304s  best 3694/4096  current 3551  kicks 80  iters 10866723 (2048/s)  best: cx 28 tof 21
[2026-09-25 08:45:41] span_L5_s61_c1_z3_long   5319s  best 3694/4096  current 3598  kicks 81  iters 10895439 (2048/s)  best: cx 28 tof 21
[2026-09-25 08:45:56] span_L5_s61_c1_z3_long   5334s  best 3694/4096  current 3615  kicks 81  iters 10924283 (2048/s)  best: cx 28 tof 21
[2026-09-25 08:46:06] span_L5_s61_c1_z3_long   5344s  best 3694/4096  current 3616  kicks 81  iters 10942445 (2047/s)  best: cx 28 tof 21
[2026-09-25 08:46:21] span_L5_s61_c1_z3_long   5359s  best 3694/4096  current 3624  kicks 81  iters 10969470 (2046/s)  best: cx 28 tof 21
[2026-09-25 08:46:36] span_L5_s61_c1_z3_long   5374s  best 3694/4096  current 3637  kicks 81  iters 10997165 (2046/s)  best: cx 28 tof 21
[2026-09-25 08:46:50] span_L5_s61_c1_z3_long   5388s  best 3694/4096  current 3569  kicks 82  iters 11031813 (2047/s)  best: cx 28 tof 21
[2026-09-25 08:47:01] span_L5_s61_c1_z3_long   5398s  best 3694/4096  current 3580  kicks 82  iters 11055964 (2047/s)  best: cx 28 tof 21
[2026-09-25 08:47:11] span_L5_s61_c1_z3_long   5409s  best 3694/4096  current 3601  kicks 82  iters 11077374 (2047/s)  best: cx 28 tof 21
[2026-09-25 08:47:21] span_L5_s61_c1_z3_long   5419s  best 3694/4096  current 3602  kicks 82  iters 11096640 (2047/s)  best: cx 28 tof 21
[2026-09-25 08:47:36] span_L5_s61_c1_z3_long   5434s  best 3694/4096  current 3597  kicks 82  iters 11125884 (2047/s)  best: cx 28 tof 21
[2026-09-25 08:47:51] span_L5_s61_c1_z3_long   5449s  best 3694/4096  current 3591  kicks 83  iters 11155148 (2047/s)  best: cx 28 tof 21
[2026-09-25 08:48:06] span_L5_s61_c1_z3_long   5464s  best 3694/4096  current 3585  kicks 83  iters 11185647 (2047/s)  best: cx 28 tof 21
[2026-09-25 08:48:21] span_L5_s61_c1_z3_long   5479s  best 3694/4096  current 3589  kicks 83  iters 11216431 (2047/s)  best: cx 28 tof 21
[2026-09-25 08:48:36] span_L5_s61_c1_z3_long   5494s  best 3694/4096  current 3595  kicks 83  iters 11247137 (2047/s)  best: cx 28 tof 21
[2026-09-25 08:48:51] span_L5_s61_c1_z3_long   5509s  best 3694/4096  current 3558  kicks 84  iters 11278158 (2047/s)  best: cx 28 tof 21
[2026-09-25 08:49:06] span_L5_s61_c1_z3_long   5523s  best 3694/4096  current 3582  kicks 84  iters 11312304 (2048/s)  best: cx 28 tof 21
[2026-09-25 08:49:20] span_L5_s61_c1_z3_long   5538s  best 3694/4096  current 3577  kicks 84  iters 11346323 (2048/s)  best: cx 28 tof 21
[2026-09-25 08:49:30] span_L5_s61_c1_z3_long   5548s  best 3694/4096  current 3582  kicks 84  iters 11370747 (2049/s)  best: cx 28 tof 21
[2026-09-25 08:49:45] span_L5_s61_c1_z3_long   5563s  best 3694/4096  current 3590  kicks 84  iters 11407793 (2050/s)  best: cx 28 tof 21
[2026-09-25 08:49:56] span_L5_s61_c1_z3_long   5573s  best 3694/4096  current 3429  kicks 85  iters 11431160 (2051/s)  best: cx 28 tof 21
[2026-09-25 08:50:11] span_L5_s61_c1_z3_long   5588s  best 3694/4096  current 3456  kicks 85  iters 11466706 (2051/s)  best: cx 28 tof 21
[2026-09-25 08:50:26] span_L5_s61_c1_z3_long   5603s  best 3694/4096  current 3493  kicks 85  iters 11500661 (2052/s)  best: cx 28 tof 21
[2026-09-25 08:50:41] span_L5_s61_c1_z3_long   5618s  best 3694/4096  current 3495  kicks 85  iters 11536433 (2053/s)  best: cx 28 tof 21
[2026-09-25 08:50:51] span_L5_s61_c1_z3_long   5628s  best 3694/4096  current 3570  kicks 86  iters 11560226 (2053/s)  best: cx 28 tof 21
[2026-09-25 08:51:01] span_L5_s61_c1_z3_long   5638s  best 3694/4096  current 3577  kicks 86  iters 11583162 (2054/s)  best: cx 28 tof 21
[2026-09-25 08:51:11] span_L5_s61_c1_z3_long   5649s  best 3694/4096  current 3581  kicks 86  iters 11605946 (2054/s)  best: cx 28 tof 21
[2026-09-25 08:51:21] span_L5_s61_c1_z3_long   5659s  best 3694/4096  current 3577  kicks 86  iters 11628309 (2054/s)  best: cx 28 tof 21
[2026-09-25 08:51:36] span_L5_s61_c1_z3_long   5674s  best 3694/4096  current 3592  kicks 86  iters 11661157 (2055/s)  best: cx 28 tof 21
[2026-09-25 08:51:46] span_L5_s61_c1_z3_long   5684s  best 3694/4096  current 3598  kicks 86  iters 11681910 (2055/s)  best: cx 28 tof 21
[2026-09-25 08:52:01] span_L5_s61_c1_z3_long   5698s  best 3694/4096  current 3522  kicks 87  iters 11716740 (2056/s)  best: cx 28 tof 21
[2026-09-25 08:52:15] span_L5_s61_c1_z3_long   5713s  best 3694/4096  current 3524  kicks 87  iters 11754816 (2057/s)  best: cx 28 tof 21
[2026-09-25 08:52:26] span_L5_s61_c1_z3_long   5724s  best 3694/4096  current 3538  kicks 87  iters 11778996 (2057/s)  best: cx 28 tof 21
[2026-09-25 08:52:36] span_L5_s61_c1_z3_long   5734s  best 3694/4096  current 3568  kicks 87  iters 11802008 (2058/s)  best: cx 28 tof 21
[2026-09-25 08:52:51] span_L5_s61_c1_z3_long   5748s  best 3694/4096  current 3572  kicks 87  iters 11836123 (2059/s)  best: cx 28 tof 21
[2026-09-25 08:53:02] span_L5_s61_c1_z3_long   5760s  best 3694/4096  current 3562  kicks 88  iters 11859294 (2059/s)  best: cx 28 tof 21
[2026-09-25 08:53:12] span_L5_s61_c1_z3_long   5770s  best 3694/4096  current 3588  kicks 88  iters 11879412 (2058/s)  best: cx 28 tof 21
[2026-09-25 08:53:27] span_L5_s61_c1_z3_long   5785s  best 3694/4096  current 3589  kicks 88  iters 11910112 (2058/s)  best: cx 28 tof 21
[2026-09-25 08:53:37] span_L5_s61_c1_z3_long   5795s  best 3694/4096  current 3598  kicks 88  iters 11929710 (2058/s)  best: cx 28 tof 21
[2026-09-25 08:53:52] span_L5_s61_c1_z3_long   5810s  best 3694/4096  current 3623  kicks 88  iters 11958581 (2058/s)  best: cx 28 tof 21
[2026-09-25 08:54:06] span_L5_s61_c1_z3_long   5824s  best 3694/4096  current 3591  kicks 89  iters 11990442 (2058/s)  best: cx 28 tof 21
[2026-09-25 08:54:17] span_L5_s61_c1_z3_long   5835s  best 3694/4096  current 3625  kicks 89  iters 12012129 (2058/s)  best: cx 28 tof 21
[2026-09-25 08:54:27] span_L5_s61_c1_z3_long   5845s  best 3694/4096  current 3628  kicks 89  iters 12030995 (2058/s)  best: cx 28 tof 21
[2026-09-25 08:54:37] span_L5_s61_c1_z3_long   5855s  best 3694/4096  current 3630  kicks 89  iters 12049958 (2058/s)  best: cx 28 tof 21
[2026-09-25 08:54:52] span_L5_s61_c1_z3_long   5870s  best 3694/4096  current 3633  kicks 89  iters 12079788 (2058/s)  best: cx 28 tof 21
[2026-09-25 08:55:07] span_L5_s61_c1_z3_long   5884s  best 3694/4096  current 3564  kicks 90  iters 12112005 (2058/s)  best: cx 28 tof 21
[2026-09-25 08:55:17] span_L5_s61_c1_z3_long   5894s  best 3694/4096  current 3603  kicks 90  iters 12134122 (2058/s)  best: cx 28 tof 21
[2026-09-25 08:55:27] span_L5_s61_c1_z3_long   5905s  best 3694/4096  current 3604  kicks 90  iters 12155582 (2058/s)  best: cx 28 tof 21
[2026-09-25 08:55:37] span_L5_s61_c1_z3_long   5915s  best 3694/4096  current 3616  kicks 90  iters 12176241 (2058/s)  best: cx 28 tof 21
[2026-09-25 08:55:47] span_L5_s61_c1_z3_long   5925s  best 3694/4096  current 3619  kicks 90  iters 12196748 (2058/s)  best: cx 28 tof 21
[2026-09-25 08:56:02] span_L5_s61_c1_z3_long   5939s  best 3694/4096  current 3531  kicks 91  iters 12227239 (2058/s)  best: cx 28 tof 21
[2026-09-25 08:56:12] span_L5_s61_c1_z3_long   5949s  best 3694/4096  current 3539  kicks 91  iters 12248943 (2058/s)  best: cx 28 tof 21
[2026-09-25 08:56:26] span_L5_s61_c1_z3_long   5964s  best 3694/4096  current 3560  kicks 91  iters 12283137 (2059/s)  best: cx 28 tof 21
[2026-09-25 08:56:41] span_L5_s61_c1_z3_long   5979s  best 3694/4096  current 3564  kicks 91  iters 12318591 (2060/s)  best: cx 28 tof 21
[2026-09-25 08:56:52] span_L5_s61_c1_z3_long   5989s  best 3694/4096  current 3564  kicks 91  iters 12341979 (2060/s)  best: cx 28 tof 21
[2026-09-25 08:57:02] span_L5_s61_c1_z3_long   5999s  best 3694/4096  current 3564  kicks 91  iters 12364819 (2060/s)  best: cx 28 tof 21
[2026-09-25 08:57:12] span_L5_s61_c1_z3_long   6010s  best 3694/4096  current 3521  kicks 92  iters 12385870 (2060/s)  best: cx 28 tof 21
[2026-09-25 08:57:23] span_L5_s61_c1_z3_long   6020s  best 3694/4096  current 3528  kicks 92  iters 12406089 (2060/s)  best: cx 28 tof 21
[2026-09-25 08:57:38] span_L5_s61_c1_z3_long   6035s  best 3694/4096  current 3538  kicks 92  iters 12433989 (2060/s)  best: cx 28 tof 21
[2026-09-25 08:57:48] span_L5_s61_c1_z3_long   6046s  best 3694/4096  current 3568  kicks 92  iters 12452519 (2059/s)  best: cx 28 tof 21
[2026-09-25 08:57:58] span_L5_s61_c1_z3_long   6056s  best 3694/4096  current 3577  kicks 92  iters 12470381 (2059/s)  best: cx 28 tof 21
[2026-09-25 08:58:14] span_L5_s61_c1_z3_long   6071s  best 3694/4096  current 3557  kicks 93  iters 12497493 (2058/s)  best: cx 28 tof 21
[2026-09-25 08:58:24] span_L5_s61_c1_z3_long   6082s  best 3694/4096  current 3562  kicks 93  iters 12512933 (2057/s)  best: cx 28 tof 21
[2026-09-25 08:58:34] span_L5_s61_c1_z3_long   6092s  best 3694/4096  current 3575  kicks 93  iters 12527894 (2056/s)  best: cx 28 tof 21
[2026-09-25 08:58:49] span_L5_s61_c1_z3_long   6107s  best 3694/4096  current 3575  kicks 93  iters 12550572 (2055/s)  best: cx 28 tof 21
[2026-09-25 08:59:04] span_L5_s61_c1_z3_long   6121s  best 3694/4096  current 3571  kicks 93  iters 12573394 (2053/s)  best: cx 28 tof 21
[2026-09-25 08:59:18] span_L5_s61_c1_z3_long   6136s  best 3694/4096  current 3636  kicks 94  iters 12600421 (2053/s)  best: cx 28 tof 21
[2026-09-25 08:59:32] span_L5_s61_c1_z3_long   6150s  best 3694/4096  current 3665  kicks 94  iters 12629180 (2053/s)  best: cx 28 tof 21
[2026-09-25 08:59:47] span_L5_s61_c1_z3_long   6165s  best 3694/4096  current 3673  kicks 94  iters 12662777 (2054/s)  best: cx 28 tof 21
[2026-09-25 09:00:02] span_L5_s61_c1_z3_long   6180s  best 3694/4096  current 3666  kicks 94  iters 12697583 (2054/s)  best: cx 28 tof 21
[2026-09-25 09:00:13] span_L5_s61_c1_z3_long   6190s  best 3694/4096  current 3570  kicks 95  iters 12721222 (2054/s)  best: cx 28 tof 21
[2026-09-25 09:00:23] span_L5_s61_c1_z3_long   6200s  best 3694/4096  current 3599  kicks 95  iters 12740886 (2054/s)  best: cx 28 tof 21
[2026-09-25 09:00:33] span_L5_s61_c1_z3_long   6211s  best 3694/4096  current 3612  kicks 95  iters 12760661 (2054/s)  best: cx 28 tof 21
[2026-09-25 09:00:43] span_L5_s61_c1_z3_long   6221s  best 3694/4096  current 3623  kicks 95  iters 12779521 (2054/s)  best: cx 28 tof 21
[2026-09-25 09:00:58] span_L5_s61_c1_z3_long   6236s  best 3694/4096  current 3630  kicks 95  iters 12806915 (2053/s)  best: cx 28 tof 21
[2026-09-25 09:01:08] span_L5_s61_c1_z3_long   6246s  best 3694/4096  current 3646  kicks 95  iters 12825792 (2053/s)  best: cx 28 tof 21
[2026-09-25 09:01:22] span_L5_s61_c1_z3_long   6260s  best 3694/4096  current 3547  kicks 96  iters 12858859 (2054/s)  best: cx 28 tof 21
[2026-09-25 09:01:32] span_L5_s61_c1_z3_long   6270s  best 3694/4096  current 3558  kicks 96  iters 12882380 (2054/s)  best: cx 28 tof 21
[2026-09-25 09:01:47] span_L5_s61_c1_z3_long   6285s  best 3694/4096  current 3562  kicks 96  iters 12916828 (2055/s)  best: cx 28 tof 21
[2026-09-25 09:01:57] span_L5_s61_c1_z3_long   6295s  best 3694/4096  current 3562  kicks 96  iters 12940672 (2055/s)  best: cx 28 tof 21
[2026-09-25 09:02:07] span_L5_s61_c1_z3_long   6305s  best 3694/4096  current 3561  kicks 96  iters 12963582 (2056/s)  best: cx 28 tof 21
[2026-09-25 09:02:17] span_L5_s61_c1_z3_long   6315s  best 3694/4096  current 3516  kicks 97  iters 12985827 (2056/s)  best: cx 28 tof 21
[2026-09-25 09:02:27] span_L5_s61_c1_z3_long   6325s  best 3694/4096  current 3520  kicks 97  iters 13007783 (2056/s)  best: cx 28 tof 21
[2026-09-25 09:02:42] span_L5_s61_c1_z3_long   6340s  best 3694/4096  current 3581  kicks 97  iters 13041949 (2057/s)  best: cx 28 tof 21
[2026-09-25 09:02:52] span_L5_s61_c1_z3_long   6350s  best 3694/4096  current 3581  kicks 97  iters 13065055 (2057/s)  best: cx 28 tof 21
[2026-09-25 09:03:03] span_L5_s61_c1_z3_long   6360s  best 3694/4096  current 3590  kicks 97  iters 13087043 (2057/s)  best: cx 28 tof 21
[2026-09-25 09:03:17] span_L5_s61_c1_z3_long   6375s  best 3694/4096  current 3584  kicks 97  iters 13119453 (2057/s)  best: cx 28 tof 21
[2026-09-25 09:03:28] span_L5_s61_c1_z3_long   6386s  best 3694/4096  current 3594  kicks 98  iters 13140577 (2057/s)  best: cx 28 tof 21
[2026-09-25 09:03:43] span_L5_s61_c1_z3_long   6401s  best 3694/4096  current 3595  kicks 98  iters 13169296 (2057/s)  best: cx 28 tof 21
[2026-09-25 09:03:58] span_L5_s61_c1_z3_long   6415s  best 3694/4096  current 3613  kicks 98  iters 13202263 (2057/s)  best: cx 28 tof 21
[2026-09-25 09:04:08] span_L5_s61_c1_z3_long   6425s  best 3694/4096  current 3621  kicks 98  iters 13223872 (2058/s)  best: cx 28 tof 21
[2026-09-25 09:04:22] span_L5_s61_c1_z3_long   6440s  best 3694/4096  current 3525  kicks 99  iters 13257388 (2058/s)  best: cx 28 tof 21
[2026-09-25 09:04:33] span_L5_s61_c1_z3_long   6450s  best 3694/4096  current 3547  kicks 99  iters 13279690 (2058/s)  best: cx 28 tof 21
[2026-09-25 09:04:43] span_L5_s61_c1_z3_long   6461s  best 3694/4096  current 3551  kicks 99  iters 13301627 (2058/s)  best: cx 28 tof 21
[2026-09-25 09:04:58] span_L5_s61_c1_z3_long   6476s  best 3694/4096  current 3559  kicks 99  iters 13332754 (2058/s)  best: cx 28 tof 21
[2026-09-25 09:05:08] span_L5_s61_c1_z3_long   6486s  best 3694/4096  current 3555  kicks 99  iters 13353914 (2058/s)  best: cx 28 tof 21
[2026-09-25 09:05:22] span_L5_s61_c1_z3_long   6500s  best 3694/4096  current 3538  kicks 100  iters 13386442 (2059/s)  best: cx 28 tof 21
[2026-09-25 09:05:37] span_L5_s61_c1_z3_long   6515s  best 3694/4096  current 3558  kicks 100  iters 13422983 (2060/s)  best: cx 28 tof 21
[2026-09-25 09:05:52] span_L5_s61_c1_z3_long   6530s  best 3694/4096  current 3568  kicks 100  iters 13461296 (2061/s)  best: cx 28 tof 21
[2026-09-25 09:06:02] span_L5_s61_c1_z3_long   6540s  best 3694/4096  current 3568  kicks 100  iters 13486091 (2062/s)  best: cx 28 tof 21
[2026-09-25 09:06:12] span_L5_s61_c1_z3_long   6550s  best 3694/4096  current 3578  kicks 100  iters 13511278 (2062/s)  best: cx 28 tof 21
[2026-09-25 09:06:23] span_L5_s61_c1_z3_long   6561s  best 3694/4096  current 3578  kicks 100  iters 13534926 (2063/s)  best: cx 28 tof 21
[2026-09-25 09:06:33] span_L5_s61_c1_z3_long   6571s  best 3694/4096  current 3557  kicks 101  iters 13557114 (2063/s)  best: cx 28 tof 21
[2026-09-25 09:06:44] span_L5_s61_c1_z3_long   6582s  best 3694/4096  current 3576  kicks 101  iters 13575664 (2062/s)  best: cx 28 tof 21
[2026-09-25 09:06:59] span_L5_s61_c1_z3_long   6597s  best 3694/4096  current 3575  kicks 101  iters 13603055 (2062/s)  best: cx 28 tof 21
[2026-09-25 09:07:13] span_L5_s61_c1_z3_long   6611s  best 3694/4096  current 3571  kicks 101  iters 13632033 (2061/s)  best: cx 28 tof 21
[2026-09-25 09:07:28] span_L5_s61_c1_z3_long   6626s  best 3694/4096  current 3519  kicks 102  iters 13662256 (2062/s)  best: cx 28 tof 21
[2026-09-25 09:07:40] span_L5_s61_c1_z3_long   6637s  best 3694/4096  current 3556  kicks 102  iters 13683389 (2061/s)  best: cx 28 tof 21
[2026-09-25 09:07:54] span_L5_s61_c1_z3_long   6652s  best 3694/4096  current 3571  kicks 102  iters 13709918 (2060/s)  best: cx 28 tof 21
[2026-09-25 09:08:09] span_L5_s61_c1_z3_long   6667s  best 3694/4096  current 3580  kicks 102  iters 13737010 (2060/s)  best: cx 28 tof 21
[2026-09-25 09:08:24] span_L5_s61_c1_z3_long   6682s  best 3694/4096  current 3590  kicks 102  iters 13763902 (2059/s)  best: cx 28 tof 21
[2026-09-25 09:08:34] span_L5_s61_c1_z3_long   6692s  best 3694/4096  current 3624  kicks 103  iters 13781455 (2059/s)  best: cx 28 tof 21
[2026-09-25 09:08:45] span_L5_s61_c1_z3_long   6702s  best 3694/4096  current 3624  kicks 103  iters 13798557 (2058/s)  best: cx 28 tof 21
[2026-09-25 09:08:59] span_L5_s61_c1_z3_long   6717s  best 3694/4096  current 3640  kicks 103  iters 13823291 (2057/s)  best: cx 28 tof 21
[2026-09-25 09:09:10] span_L5_s61_c1_z3_long   6727s  best 3694/4096  current 3640  kicks 103  iters 13840472 (2057/s)  best: cx 28 tof 21
[2026-09-25 09:09:20] span_L5_s61_c1_z3_long   6737s  best 3694/4096  current 3642  kicks 103  iters 13857933 (2056/s)  best: cx 28 tof 21
[2026-09-25 09:09:33] span_L5_s61_c1_z3_long   6751s  best 3694/4096  current 3586  kicks 104  iters 13885741 (2056/s)  best: cx 28 tof 21
[2026-09-25 09:09:44] span_L5_s61_c1_z3_long   6761s  best 3694/4096  current 3600  kicks 104  iters 13908218 (2057/s)  best: cx 28 tof 21
[2026-09-25 09:09:58] span_L5_s61_c1_z3_long   6776s  best 3694/4096  current 3602  kicks 104  iters 13942499 (2057/s)  best: cx 28 tof 21
[2026-09-25 09:10:09] span_L5_s61_c1_z3_long   6786s  best 3694/4096  current 3599  kicks 104  iters 13964602 (2057/s)  best: cx 28 tof 21
[2026-09-25 09:10:23] span_L5_s61_c1_z3_long   6801s  best 3694/4096  current 3601  kicks 104  iters 13998210 (2058/s)  best: cx 28 tof 21
[2026-09-25 09:10:35] span_L5_s61_c1_z3_long   6812s  best 3694/4096  current 3576  kicks 105  iters 14020977 (2058/s)  best: cx 28 tof 21
[2026-09-25 09:10:45] span_L5_s61_c1_z3_long   6823s  best 3694/4096  current 3583  kicks 105  iters 14039887 (2057/s)  best: cx 28 tof 21
[2026-09-25 09:11:00] span_L5_s61_c1_z3_long   6837s  best 3694/4096  current 3584  kicks 105  iters 14067854 (2057/s)  best: cx 28 tof 21
[2026-09-25 09:11:14] span_L5_s61_c1_z3_long   6852s  best 3694/4096  current 3578  kicks 105  iters 14097369 (2057/s)  best: cx 28 tof 21
[2026-09-25 09:11:24] span_L5_s61_c1_z3_long   6862s  best 3694/4096  current 3584  kicks 105  iters 14118568 (2057/s)  best: cx 28 tof 21
[2026-09-25 09:11:40] span_L5_s61_c1_z3_long   6877s  best 3694/4096  current 3577  kicks 106  iters 14150875 (2057/s)  best: cx 28 tof 21
[2026-09-25 09:11:50] span_L5_s61_c1_z3_long   6888s  best 3694/4096  current 3608  kicks 106  iters 14169114 (2057/s)  best: cx 28 tof 21
[2026-09-25 09:12:00] span_L5_s61_c1_z3_long   6898s  best 3694/4096  current 3610  kicks 106  iters 14186285 (2056/s)  best: cx 28 tof 21
[2026-09-25 09:12:15] span_L5_s61_c1_z3_long   6913s  best 3694/4096  current 3606  kicks 106  iters 14211272 (2055/s)  best: cx 28 tof 21
[2026-09-25 09:12:25] span_L5_s61_c1_z3_long   6923s  best 3694/4096  current 3607  kicks 106  iters 14229141 (2055/s)  best: cx 28 tof 21
[2026-09-25 09:12:39] span_L5_s61_c1_z3_long   6937s  best 3694/4096  current 3541  kicks 107  iters 14257748 (2055/s)  best: cx 28 tof 21
[2026-09-25 09:12:50] span_L5_s61_c1_z3_long   6948s  best 3694/4096  current 3567  kicks 107  iters 14278720 (2055/s)  best: cx 28 tof 21
[2026-09-25 09:13:00] span_L5_s61_c1_z3_long   6958s  best 3694/4096  current 3572  kicks 107  iters 14298546 (2055/s)  best: cx 28 tof 21
[2026-09-25 09:13:10] span_L5_s61_c1_z3_long   6968s  best 3694/4096  current 3570  kicks 107  iters 14317866 (2054/s)  best: cx 28 tof 21
[2026-09-25 09:13:21] span_L5_s61_c1_z3_long   6978s  best 3694/4096  current 3572  kicks 107  iters 14336199 (2054/s)  best: cx 28 tof 21
[2026-09-25 09:13:31] span_L5_s61_c1_z3_long   6989s  best 3694/4096  current 3577  kicks 107  iters 14352950 (2053/s)  best: cx 28 tof 21
[2026-09-25 09:13:41] span_L5_s61_c1_z3_long   6999s  best 3694/4096  current 3541  kicks 108  iters 14372262 (2053/s)  best: cx 28 tof 21
[2026-09-25 09:13:56] span_L5_s61_c1_z3_long   7014s  best 3694/4096  current 3544  kicks 108  iters 14399881 (2053/s)  best: cx 28 tof 21
[2026-09-25 09:14:10] span_L5_s61_c1_z3_long   7028s  best 3694/4096  current 3551  kicks 108  iters 14428935 (2053/s)  best: cx 28 tof 21
[2026-09-25 09:14:21] span_L5_s61_c1_z3_long   7038s  best 3694/4096  current 3565  kicks 108  iters 14449007 (2052/s)  best: cx 28 tof 21
[2026-09-25 09:14:31] span_L5_s61_c1_z3_long   7048s  best 3694/4096  current 3563  kicks 108  iters 14468255 (2052/s)  best: cx 28 tof 21
[2026-09-25 09:14:44] span_L5_s61_c1_z3_long   7062s  best 3694/4096  current 3590  kicks 109  iters 14498693 (2053/s)  best: cx 28 tof 21
[2026-09-25 09:14:55] span_L5_s61_c1_z3_long   7072s  best 3694/4096  current 3625  kicks 109  iters 14521981 (2053/s)  best: cx 28 tof 21
[2026-09-25 09:15:05] span_L5_s61_c1_z3_long   7082s  best 3694/4096  current 3625  kicks 109  iters 14545639 (2053/s)  best: cx 28 tof 21
[2026-09-25 09:15:20] span_L5_s61_c1_z3_long   7097s  best 3694/4096  current 3635  kicks 109  iters 14581242 (2054/s)  best: cx 28 tof 21
[2026-09-25 09:15:30] span_L5_s61_c1_z3_long   7108s  best 3694/4096  current 3628  kicks 109  iters 14605366 (2054/s)  best: cx 28 tof 21
[2026-09-25 09:15:40] span_L5_s61_c1_z3_long   7118s  best 3694/4096  current 3633  kicks 109  iters 14627533 (2055/s)  best: cx 28 tof 21
[2026-09-25 09:15:55] span_L5_s61_c1_z3_long   7133s  best 3694/4096  current 3570  kicks 110  iters 14659421 (2055/s)  best: cx 28 tof 21
[2026-09-25 09:16:05] span_L5_s61_c1_z3_long   7143s  best 3694/4096  current 3583  kicks 110  iters 14681879 (2055/s)  best: cx 28 tof 21
[2026-09-25 09:16:21] span_L5_s61_c1_z3_long   7158s  best 3694/4096  current 3598  kicks 110  iters 14713008 (2055/s)  best: cx 28 tof 21
[2026-09-25 09:16:36] span_L5_s61_c1_z3_long   7173s  best 3694/4096  current 3610  kicks 110  iters 14744197 (2055/s)  best: cx 28 tof 21
[2026-09-25 09:16:50] span_L5_s61_c1_z3_long   7188s  best 3694/4096  current 3487  kicks 111  iters 14775080 (2055/s)  best: cx 28 tof 21
[2026-09-25 09:17:01] span_L5_s61_c1_z3_long   7198s  best 3694/4096  current 3497  kicks 111  iters 14795605 (2055/s)  best: cx 28 tof 21
[2026-09-25 09:17:11] span_L5_s61_c1_z3_long   7208s  best 3694/4096  current 3499  kicks 111  iters 14815484 (2055/s)  best: cx 28 tof 21
[2026-09-25 09:17:25] span_L5_s61_c1_z3_long   7223s  best 3694/4096  current 3504  kicks 111  iters 14847342 (2055/s)  best: cx 28 tof 21
[2026-09-25 09:17:40] span_L5_s61_c1_z3_long   7238s  best 3694/4096  current 3509  kicks 111  iters 14879570 (2055/s)  best: cx 28 tof 21
[2026-09-25 09:17:50] span_L5_s61_c1_z3_long   7248s  best 3694/4096  current 3586  kicks 112  iters 14902463 (2056/s)  best: cx 28 tof 21
[2026-09-25 09:18:01] span_L5_s61_c1_z3_long   7258s  best 3694/4096  current 3604  kicks 112  iters 14923965 (2056/s)  best: cx 28 tof 21
[2026-09-25 09:18:11] span_L5_s61_c1_z3_long   7269s  best 3694/4096  current 3611  kicks 112  iters 14944589 (2056/s)  best: cx 28 tof 21
[2026-09-25 09:18:26] span_L5_s61_c1_z3_long   7283s  best 3694/4096  current 3610  kicks 112  iters 14974488 (2055/s)  best: cx 28 tof 21
[2026-09-25 09:18:41] span_L5_s61_c1_z3_long   7299s  best 3694/4096  current 3622  kicks 112  iters 15004819 (2055/s)  best: cx 28 tof 21
[2026-09-25 09:18:56] span_L5_s61_c1_z3_long   7313s  best 3694/4096  current 3558  kicks 113  iters 15037068 (2056/s)  best: cx 28 tof 21
[2026-09-25 09:19:06] span_L5_s61_c1_z3_long   7323s  best 3694/4096  current 3575  kicks 113  iters 15057546 (2056/s)  best: cx 28 tof 21
[2026-09-25 09:19:20] span_L5_s61_c1_z3_long   7338s  best 3694/4096  current 3599  kicks 113  iters 15089375 (2056/s)  best: cx 28 tof 21
[2026-09-25 09:19:31] span_L5_s61_c1_z3_long   7349s  best 3694/4096  current 3598  kicks 113  iters 15110295 (2056/s)  best: cx 28 tof 21
[2026-09-25 09:19:41] span_L5_s61_c1_z3_long   7359s  best 3694/4096  current 3600  kicks 113  iters 15130529 (2056/s)  best: cx 28 tof 21
[2026-09-25 09:19:55] span_L5_s61_c1_z3_long   7372s  best 3694/4096  current 3556  kicks 114  iters 15162006 (2056/s)  best: cx 28 tof 21
[2026-09-25 09:20:10] span_L5_s61_c1_z3_long   7388s  best 3694/4096  current 3568  kicks 114  iters 15200952 (2057/s)  best: cx 28 tof 21
[2026-09-25 09:20:20] span_L5_s61_c1_z3_long   7398s  best 3694/4096  current 3568  kicks 114  iters 15226090 (2058/s)  best: cx 28 tof 21
[2026-09-25 09:20:35] span_L5_s61_c1_z3_long   7413s  best 3694/4096  current 3582  kicks 114  iters 15263569 (2059/s)  best: cx 28 tof 21
[2026-09-25 09:20:49] span_L5_s61_c1_z3_long   7427s  best 3694/4096  current 3581  kicks 114  iters 15301413 (2060/s)  best: cx 28 tof 21
[2026-09-25 09:21:05] span_L5_s61_c1_z3_long   7442s  best 3694/4096  current 3595  kicks 115  iters 15324959 (2059/s)  best: cx 28 tof 21
[2026-09-25 09:21:19] span_L5_s61_c1_z3_long   7457s  best 3694/4096  current 3604  kicks 115  iters 15343463 (2057/s)  best: cx 28 tof 21
[2026-09-25 09:21:29] span_L5_s61_c1_z3_long   7467s  best 3694/4096  current 3602  kicks 115  iters 15357546 (2056/s)  best: cx 28 tof 21
[2026-09-25 09:21:44] span_L5_s61_c1_z3_long   7481s  best 3694/4096  current 3606  kicks 115  iters 15378675 (2055/s)  best: cx 28 tof 21
[2026-09-25 09:21:54] span_L5_s61_c1_z3_long   7492s  best 3694/4096  current 3609  kicks 115  iters 15393219 (2054/s)  best: cx 28 tof 21
[2026-09-25 09:22:07] span_L5_s61_c1_z3_long   7505s  best 3694/4096  current 3565  kicks 116  iters 15423384 (2055/s)  best: cx 28 tof 21
[2026-09-25 09:22:22] span_L5_s61_c1_z3_long   7520s  best 3694/4096  current 3582  kicks 116  iters 15458348 (2055/s)  best: cx 28 tof 21
[2026-09-25 09:22:32] span_L5_s61_c1_z3_long   7530s  best 3694/4096  current 3584  kicks 116  iters 15480640 (2055/s)  best: cx 28 tof 21
[2026-09-25 09:22:47] span_L5_s61_c1_z3_long   7544s  best 3694/4096  current 3589  kicks 116  iters 15514653 (2056/s)  best: cx 28 tof 21
[2026-09-25 09:22:57] span_L5_s61_c1_z3_long   7554s  best 3694/4096  current 3585  kicks 116  iters 15539623 (2057/s)  best: cx 28 tof 21
[2026-09-25 09:23:09] span_L5_s61_c1_z3_long   7566s  best 3694/4096  current 3570  kicks 117  iters 15562459 (2056/s)  best: cx 28 tof 21
[2026-09-25 09:23:24] span_L5_s61_c1_z3_long   7581s  best 3694/4096  current 3571  kicks 117  iters 15590626 (2056/s)  best: cx 28 tof 21
[2026-09-25 09:23:38] span_L5_s61_c1_z3_long   7596s  best 3694/4096  current 3573  kicks 117  iters 15618554 (2056/s)  best: cx 28 tof 21
[2026-09-25 09:23:53] span_L5_s61_c1_z3_long   7611s  best 3694/4096  current 3575  kicks 117  iters 15646332 (2055/s)  best: cx 28 tof 21
[2026-09-25 09:24:08] span_L5_s61_c1_z3_long   7626s  best 3694/4096  current 3573  kicks 118  iters 15675981 (2055/s)  best: cx 28 tof 21
[2026-09-25 09:24:19] span_L5_s61_c1_z3_long   7636s  best 3694/4096  current 3598  kicks 118  iters 15695454 (2055/s)  best: cx 28 tof 21
[2026-09-25 09:24:33] span_L5_s61_c1_z3_long   7651s  best 3694/4096  current 3594  kicks 118  iters 15724907 (2055/s)  best: cx 28 tof 21
[2026-09-25 09:24:48] span_L5_s61_c1_z3_long   7666s  best 3694/4096  current 3594  kicks 118  iters 15757171 (2055/s)  best: cx 28 tof 21
[2026-09-25 09:25:04] span_L5_s61_c1_z3_long   7681s  best 3694/4096  current 3603  kicks 118  iters 15789145 (2055/s)  best: cx 28 tof 21
[2026-09-25 09:25:17] span_L5_s61_c1_z3_long   7695s  best 3694/4096  current 3568  kicks 119  iters 15826112 (2056/s)  best: cx 28 tof 21
[2026-09-25 09:25:32] span_L5_s61_c1_z3_long   7710s  best 3694/4096  current 3584  kicks 119  iters 15868811 (2058/s)  best: cx 28 tof 21
[2026-09-25 09:25:42] span_L5_s61_c1_z3_long   7720s  best 3694/4096  current 3584  kicks 119  iters 15897371 (2059/s)  best: cx 28 tof 21
[2026-09-25 09:25:57] span_L5_s61_c1_z3_long   7735s  best 3694/4096  current 3584  kicks 119  iters 15940583 (2060/s)  best: cx 28 tof 21
[2026-09-25 09:26:14] span_L5_s61_c1_z3_long   7751s  best 3694/4096  current 3535  kicks 120  iters 15981787 (2061/s)  best: cx 28 tof 21
[2026-09-25 09:26:24] span_L5_s61_c1_z3_long   7762s  best 3694/4096  current 3638  kicks 120  iters 16003225 (2061/s)  best: cx 28 tof 21
[2026-09-25 09:26:35] span_L5_s61_c1_z3_long   7772s  best 3694/4096  current 3663  kicks 120  iters 16021417 (2061/s)  best: cx 28 tof 21
[2026-09-25 09:26:45] span_L5_s61_c1_z3_long   7783s  best 3694/4096  current 3664  kicks 120  iters 16038994 (2060/s)  best: cx 28 tof 21
[2026-09-25 09:26:55] span_L5_s61_c1_z3_long   7793s  best 3694/4096  current 3666  kicks 120  iters 16056236 (2060/s)  best: cx 28 tof 21
[2026-09-25 09:27:05] span_L5_s61_c1_z3_long   7803s  best 3694/4096  current 3678  kicks 120  iters 16072563 (2059/s)  best: cx 28 tof 21
[2026-09-25 09:27:20] span_L5_s61_c1_z3_long   7817s  best 3694/4096  current 3547  kicks 121  iters 16098408 (2059/s)  best: cx 28 tof 21
[2026-09-25 09:27:30] span_L5_s61_c1_z3_long   7828s  best 3694/4096  current 3592  kicks 121  iters 16117303 (2059/s)  best: cx 28 tof 21
[2026-09-25 09:27:45] span_L5_s61_c1_z3_long   7843s  best 3694/4096  current 3599  kicks 121  iters 16145150 (2058/s)  best: cx 28 tof 21
[2026-09-25 09:28:00] span_L5_s61_c1_z3_long   7858s  best 3694/4096  current 3591  kicks 121  iters 16172805 (2058/s)  best: cx 28 tof 21
[2026-09-25 09:28:10] span_L5_s61_c1_z3_long   7868s  best 3694/4096  current 3598  kicks 121  iters 16190837 (2057/s)  best: cx 28 tof 21
[2026-09-25 09:28:25] span_L5_s61_c1_z3_long   7882s  best 3694/4096  current 3502  kicks 122  iters 16218469 (2057/s)  best: cx 28 tof 21
[2026-09-25 09:28:35] span_L5_s61_c1_z3_long   7893s  best 3694/4096  current 3530  kicks 122  iters 16236953 (2057/s)  best: cx 28 tof 21
[2026-09-25 09:28:45] span_L5_s61_c1_z3_long   7903s  best 3694/4096  current 3533  kicks 122  iters 16253970 (2056/s)  best: cx 28 tof 21
[2026-09-25 09:28:55] span_L5_s61_c1_z3_long   7913s  best 3694/4096  current 3535  kicks 122  iters 16270979 (2056/s)  best: cx 28 tof 21
[2026-09-25 09:29:10] span_L5_s61_c1_z3_long   7928s  best 3694/4096  current 3536  kicks 122  iters 16296158 (2055/s)  best: cx 28 tof 21
[2026-09-25 09:29:25] span_L5_s61_c1_z3_long   7943s  best 3694/4096  current 3597  kicks 123  iters 16323233 (2055/s)  best: cx 28 tof 21
[2026-09-25 09:29:35] span_L5_s61_c1_z3_long   7953s  best 3694/4096  current 3604  kicks 123  iters 16340447 (2054/s)  best: cx 28 tof 21
[2026-09-25 09:29:46] span_L5_s61_c1_z3_long   7964s  best 3694/4096  current 3604  kicks 123  iters 16357704 (2054/s)  best: cx 28 tof 21
[2026-09-25 09:30:01] span_L5_s61_c1_z3_long   7978s  best 3694/4096  current 3607  kicks 123  iters 16382125 (2053/s)  best: cx 28 tof 21
[2026-09-25 09:30:15] span_L5_s61_c1_z3_long   7993s  best 3694/4096  current 3603  kicks 123  iters 16407403 (2052/s)  best: cx 28 tof 21
[2026-09-25 09:30:30] span_L5_s61_c1_z3_long   8007s  best 3694/4096  current 3542  kicks 124  iters 16436282 (2052/s)  best: cx 28 tof 21
[2026-09-25 09:30:40] span_L5_s61_c1_z3_long   8017s  best 3694/4096  current 3550  kicks 124  iters 16457095 (2052/s)  best: cx 28 tof 21
[2026-09-25 09:30:50] span_L5_s61_c1_z3_long   8028s  best 3694/4096  current 3570  kicks 124  iters 16477581 (2052/s)  best: cx 28 tof 21
[2026-09-25 09:31:05] span_L5_s61_c1_z3_long   8043s  best 3694/4096  current 3587  kicks 124  iters 16507106 (2052/s)  best: cx 28 tof 21
[2026-09-25 09:31:20] span_L5_s61_c1_z3_long   8057s  best 3694/4096  current 3592  kicks 124  iters 16537683 (2052/s)  best: cx 28 tof 21
[2026-09-25 09:31:30] span_L5_s61_c1_z3_long   8067s  best 3694/4096  current 3546  kicks 125  iters 16559012 (2052/s)  best: cx 28 tof 21
[2026-09-25 09:31:40] span_L5_s61_c1_z3_long   8078s  best 3694/4096  current 3566  kicks 125  iters 16578987 (2052/s)  best: cx 28 tof 21
[2026-09-25 09:31:50] span_L5_s61_c1_z3_long   8088s  best 3694/4096  current 3592  kicks 125  iters 16598012 (2052/s)  best: cx 28 tof 21
[2026-09-25 09:32:00] span_L5_s61_c1_z3_long   8098s  best 3694/4096  current 3592  kicks 125  iters 16616834 (2051/s)  best: cx 28 tof 21
[2026-09-25 09:32:15] span_L5_s61_c1_z3_long   8113s  best 3694/4096  current 3591  kicks 125  iters 16645153 (2051/s)  best: cx 28 tof 21
[2026-09-25 09:32:30] span_L5_s61_c1_z3_long   8128s  best 3694/4096  current 3557  kicks 126  iters 16674092 (2051/s)  best: cx 28 tof 21
[2026-09-25 09:32:45] span_L5_s61_c1_z3_long   8142s  best 3694/4096  current 3588  kicks 126  iters 16704632 (2051/s)  best: cx 28 tof 21
[2026-09-25 09:32:55] span_L5_s61_c1_z3_long   8152s  best 3694/4096  current 3593  kicks 126  iters 16725113 (2051/s)  best: cx 28 tof 21
[2026-09-25 09:33:05] span_L5_s61_c1_z3_long   8163s  best 3694/4096  current 3599  kicks 126  iters 16745701 (2051/s)  best: cx 28 tof 21
[2026-09-25 09:33:20] span_L5_s61_c1_z3_long   8178s  best 3694/4096  current 3612  kicks 126  iters 16775691 (2051/s)  best: cx 28 tof 21
[2026-09-25 09:33:30] span_L5_s61_c1_z3_long   8188s  best 3694/4096  current 3556  kicks 127  iters 16795646 (2051/s)  best: cx 28 tof 21
[2026-09-25 09:33:41] span_L5_s61_c1_z3_long   8198s  best 3694/4096  current 3570  kicks 127  iters 16814897 (2051/s)  best: cx 28 tof 21
[2026-09-25 09:33:51] span_L5_s61_c1_z3_long   8208s  best 3694/4096  current 3570  kicks 127  iters 16833240 (2050/s)  best: cx 28 tof 21
[2026-09-25 09:34:06] span_L5_s61_c1_z3_long   8223s  best 3694/4096  current 3572  kicks 127  iters 16860594 (2050/s)  best: cx 28 tof 21
[2026-09-25 09:34:16] span_L5_s61_c1_z3_long   8234s  best 3694/4096  current 3586  kicks 127  iters 16878438 (2049/s)  best: cx 28 tof 21
[2026-09-25 09:34:30] span_L5_s61_c1_z3_long   8248s  best 3694/4096  current 3452  kicks 128  iters 16902655 (2049/s)  best: cx 28 tof 21
[2026-09-25 09:34:45] span_L5_s61_c1_z3_long   8263s  best 3694/4096  current 3543  kicks 128  iters 16936601 (2049/s)  best: cx 28 tof 21
[2026-09-25 09:34:56] span_L5_s61_c1_z3_long   8273s  best 3694/4096  current 3549  kicks 128  iters 16957950 (2049/s)  best: cx 28 tof 21
[2026-09-25 09:35:10] span_L5_s61_c1_z3_long   8288s  best 3694/4096  current 3570  kicks 128  iters 16987446 (2049/s)  best: cx 28 tof 21
[2026-09-25 09:35:20] span_L5_s61_c1_z3_long   8298s  best 3694/4096  current 3568  kicks 128  iters 17007790 (2049/s)  best: cx 28 tof 21
[2026-09-25 09:35:35] span_L5_s61_c1_z3_long   8313s  best 3694/4096  current 3548  kicks 129  iters 17038111 (2049/s)  best: cx 28 tof 21
[2026-09-25 09:35:46] span_L5_s61_c1_z3_long   8323s  best 3694/4096  current 3570  kicks 129  iters 17057993 (2049/s)  best: cx 28 tof 21
[2026-09-25 09:35:56] span_L5_s61_c1_z3_long   8333s  best 3694/4096  current 3562  kicks 129  iters 17076321 (2049/s)  best: cx 28 tof 21
[2026-09-25 09:36:11] span_L5_s61_c1_z3_long   8348s  best 3694/4096  current 3574  kicks 129  iters 17104626 (2048/s)  best: cx 28 tof 21
[2026-09-25 09:36:21] span_L5_s61_c1_z3_long   8358s  best 3694/4096  current 3569  kicks 129  iters 17123284 (2048/s)  best: cx 28 tof 21
[2026-09-25 09:36:31] span_L5_s61_c1_z3_long   8368s  best 3694/4096  current 3571  kicks 129  iters 17141958 (2048/s)  best: cx 28 tof 21
[2026-09-25 09:36:45] span_L5_s61_c1_z3_long   8383s  best 3694/4096  current 3578  kicks 130  iters 17174236 (2048/s)  best: cx 28 tof 21
[2026-09-25 09:37:00] span_L5_s61_c1_z3_long   8398s  best 3694/4096  current 3594  kicks 130  iters 17206562 (2048/s)  best: cx 28 tof 21
[2026-09-25 09:37:15] span_L5_s61_c1_z3_long   8413s  best 3694/4096  current 3604  kicks 130  iters 17239225 (2049/s)  best: cx 28 tof 21
[2026-09-25 09:37:30] span_L5_s61_c1_z3_long   8428s  best 3694/4096  current 3603  kicks 130  iters 17272155 (2049/s)  best: cx 28 tof 21
[2026-09-25 09:37:40] span_L5_s61_c1_z3_long   8438s  best 3694/4096  current 3557  kicks 131  iters 17294184 (2049/s)  best: cx 28 tof 21
[2026-09-25 09:37:55] span_L5_s61_c1_z3_long   8453s  best 3694/4096  current 3587  kicks 131  iters 17328981 (2050/s)  best: cx 28 tof 21
[2026-09-25 09:38:10] span_L5_s61_c1_z3_long   8468s  best 3694/4096  current 3600  kicks 131  iters 17365285 (2050/s)  best: cx 28 tof 21
[2026-09-25 09:38:25] span_L5_s61_c1_z3_long   8483s  best 3694/4096  current 3598  kicks 131  iters 17398788 (2051/s)  best: cx 28 tof 21
[2026-09-25 09:38:40] span_L5_s61_c1_z3_long   8498s  best 3694/4096  current 3611  kicks 131  iters 17432196 (2051/s)  best: cx 28 tof 21
[2026-09-25 09:38:50] span_L5_s61_c1_z3_long   8508s  best 3694/4096  current 3588  kicks 132  iters 17453781 (2051/s)  best: cx 28 tof 21
[2026-09-25 09:39:05] span_L5_s61_c1_z3_long   8523s  best 3694/4096  current 3603  kicks 132  iters 17486396 (2051/s)  best: cx 28 tof 21
[2026-09-25 09:39:15] span_L5_s61_c1_z3_long   8533s  best 3694/4096  current 3615  kicks 132  iters 17509290 (2052/s)  best: cx 28 tof 21
[2026-09-25 09:39:25] span_L5_s61_c1_z3_long   8543s  best 3694/4096  current 3615  kicks 132  iters 17532041 (2052/s)  best: cx 28 tof 21
[2026-09-25 09:39:35] span_L5_s61_c1_z3_long   8553s  best 3694/4096  current 3620  kicks 132  iters 17555009 (2052/s)  best: cx 28 tof 21
[2026-09-25 09:39:45] span_L5_s61_c1_z3_long   8563s  best 3694/4096  current 3551  kicks 133  iters 17576807 (2052/s)  best: cx 28 tof 21
[2026-09-25 09:39:56] span_L5_s61_c1_z3_long   8574s  best 3694/4096  current 3604  kicks 133  iters 17596556 (2052/s)  best: cx 28 tof 21
[2026-09-25 09:40:07] span_L5_s61_c1_z3_long   8584s  best 3694/4096  current 3607  kicks 133  iters 17613851 (2051/s)  best: cx 28 tof 21
[2026-09-25 09:40:21] span_L5_s61_c1_z3_long   8599s  best 3694/4096  current 3615  kicks 133  iters 17639997 (2051/s)  best: cx 28 tof 21
[2026-09-25 09:40:32] span_L5_s61_c1_z3_long   8610s  best 3694/4096  current 3609  kicks 133  iters 17657199 (2050/s)  best: cx 28 tof 21
[2026-09-25 09:40:46] span_L5_s61_c1_z3_long   8624s  best 3694/4096  current 3575  kicks 134  iters 17681865 (2050/s)  best: cx 28 tof 21
[2026-09-25 09:41:00] span_L5_s61_c1_z3_long   8638s  best 3694/4096  current 3596  kicks 134  iters 17712872 (2050/s)  best: cx 28 tof 21
[2026-09-25 09:41:11] span_L5_s61_c1_z3_long   8649s  best 3694/4096  current 3601  kicks 134  iters 17734616 (2050/s)  best: cx 28 tof 21
[2026-09-25 09:41:21] span_L5_s61_c1_z3_long   8659s  best 3694/4096  current 3601  kicks 134  iters 17755676 (2050/s)  best: cx 28 tof 21
[2026-09-25 09:41:36] span_L5_s61_c1_z3_long   8674s  best 3694/4096  current 3609  kicks 134  iters 17785840 (2050/s)  best: cx 28 tof 21
[2026-09-25 09:41:51] span_L5_s61_c1_z3_long   8688s  best 3694/4096  current 3539  kicks 135  iters 17815897 (2050/s)  best: cx 28 tof 21
[2026-09-25 09:42:01] span_L5_s61_c1_z3_long   8699s  best 3694/4096  current 3549  kicks 135  iters 17835838 (2050/s)  best: cx 28 tof 21
[2026-09-25 09:42:11] span_L5_s61_c1_z3_long   8709s  best 3694/4096  current 3574  kicks 135  iters 17854840 (2050/s)  best: cx 28 tof 21
[2026-09-25 09:42:22] span_L5_s61_c1_z3_long   8719s  best 3694/4096  current 3581  kicks 135  iters 17873440 (2049/s)  best: cx 28 tof 21
[2026-09-25 09:42:36] span_L5_s61_c1_z3_long   8734s  best 3694/4096  current 3591  kicks 135  iters 17900914 (2049/s)  best: cx 28 tof 21
[2026-09-25 09:42:46] span_L5_s61_c1_z3_long   8744s  best 3694/4096  current 3591  kicks 135  iters 17920494 (2049/s)  best: cx 28 tof 21
[2026-09-25 09:43:00] span_L5_s61_c1_z3_long   8758s  best 3694/4096  current 3556  kicks 136  iters 17954650 (2050/s)  best: cx 28 tof 21
[2026-09-25 09:43:10] span_L5_s61_c1_z3_long   8768s  best 3694/4096  current 3568  kicks 136  iters 17979526 (2050/s)  best: cx 28 tof 21
[2026-09-25 09:43:25] span_L5_s61_c1_z3_long   8783s  best 3694/4096  current 3565  kicks 136  iters 18016741 (2051/s)  best: cx 28 tof 21
[2026-09-25 09:43:40] span_L5_s61_c1_z3_long   8797s  best 3694/4096  current 3565  kicks 136  iters 18054308 (2052/s)  best: cx 28 tof 21
[2026-09-25 09:43:50] span_L5_s61_c1_z3_long   8808s  best 3694/4096  current 3566  kicks 136  iters 18079583 (2052/s)  best: cx 28 tof 21
[2026-09-25 09:44:02] span_L5_s61_c1_z3_long   8819s  best 3694/4096  current 3580  kicks 137  iters 18102503 (2052/s)  best: cx 28 tof 21
[2026-09-25 09:44:16] span_L5_s61_c1_z3_long   8834s  best 3694/4096  current 3593  kicks 137  iters 18131139 (2052/s)  best: cx 28 tof 21
[2026-09-25 09:44:26] span_L5_s61_c1_z3_long   8844s  best 3694/4096  current 3591  kicks 137  iters 18151619 (2052/s)  best: cx 28 tof 21
[2026-09-25 09:44:41] span_L5_s61_c1_z3_long   8859s  best 3694/4096  current 3594  kicks 137  iters 18180890 (2052/s)  best: cx 28 tof 21
[2026-09-25 09:44:56] span_L5_s61_c1_z3_long   8874s  best 3694/4096  current 3587  kicks 138  iters 18210323 (2052/s)  best: cx 28 tof 21
[2026-09-25 09:45:11] span_L5_s61_c1_z3_long   8889s  best 3694/4096  current 3608  kicks 138  iters 18242100 (2052/s)  best: cx 28 tof 21
[2026-09-25 09:45:21] span_L5_s61_c1_z3_long   8899s  best 3694/4096  current 3624  kicks 138  iters 18263757 (2052/s)  best: cx 28 tof 21
[2026-09-25 09:45:32] span_L5_s61_c1_z3_long   8909s  best 3694/4096  current 3625  kicks 138  iters 18283771 (2052/s)  best: cx 28 tof 21
[2026-09-25 09:45:42] span_L5_s61_c1_z3_long   8919s  best 3694/4096  current 3639  kicks 138  iters 18303437 (2052/s)  best: cx 28 tof 21
[2026-09-25 09:45:52] span_L5_s61_c1_z3_long   8930s  best 3694/4096  current 3640  kicks 138  iters 18322530 (2051/s)  best: cx 28 tof 21
[2026-09-25 09:46:07] span_L5_s61_c1_z3_long   8945s  best 3694/4096  current 3545  kicks 139  iters 18352427 (2051/s)  best: cx 28 tof 21
[2026-09-25 09:46:22] span_L5_s61_c1_z3_long   8960s  best 3694/4096  current 3555  kicks 139  iters 18381813 (2051/s)  best: cx 28 tof 21
[2026-09-25 09:46:32] span_L5_s61_c1_z3_long   8970s  best 3694/4096  current 3554  kicks 139  iters 18400472 (2051/s)  best: cx 28 tof 21
[2026-09-25 09:46:47] span_L5_s61_c1_z3_long   8985s  best 3694/4096  current 3557  kicks 139  iters 18430052 (2051/s)  best: cx 28 tof 21
[2026-09-25 09:47:02] span_L5_s61_c1_z3_long   9000s  best 3694/4096  current 3536  kicks 140  iters 18461652 (2051/s)  best: cx 28 tof 21
[2026-09-25 09:47:13] span_L5_s61_c1_z3_long   9011s  best 3694/4096  current 3570  kicks 140  iters 18479388 (2050/s)  best: cx 28 tof 21
[2026-09-25 09:47:27] span_L5_s61_c1_z3_long   9024s  best 3694/4096  current 3606  kicks 140  iters 18505518 (2050/s)  best: cx 28 tof 21
[2026-09-25 09:47:37] span_L5_s61_c1_z3_long   9035s  best 3694/4096  current 3616  kicks 140  iters 18526523 (2050/s)  best: cx 28 tof 21
[2026-09-25 09:47:52] span_L5_s61_c1_z3_long   9050s  best 3694/4096  current 3616  kicks 140  iters 18556944 (2050/s)  best: cx 28 tof 21
[2026-09-25 09:48:06] span_L5_s61_c1_z3_long   9064s  best 3694/4096  current 3587  kicks 141  iters 18587506 (2050/s)  best: cx 28 tof 21
[2026-09-25 09:48:21] span_L5_s61_c1_z3_long   9079s  best 3694/4096  current 3591  kicks 141  iters 18621530 (2051/s)  best: cx 28 tof 21
[2026-09-25 09:48:36] span_L5_s61_c1_z3_long   9094s  best 3694/4096  current 3592  kicks 141  iters 18655584 (2051/s)  best: cx 28 tof 21
[2026-09-25 09:48:47] span_L5_s61_c1_z3_long   9104s  best 3694/4096  current 3599  kicks 141  iters 18677782 (2051/s)  best: cx 28 tof 21
[2026-09-25 09:48:57] span_L5_s61_c1_z3_long   9114s  best 3694/4096  current 3600  kicks 141  iters 18699078 (2051/s)  best: cx 28 tof 21
[2026-09-25 09:49:07] span_L5_s61_c1_z3_long   9125s  best 3694/4096  current 3597  kicks 142  iters 18720276 (2051/s)  best: cx 28 tof 21
[2026-09-25 09:49:17] span_L5_s61_c1_z3_long   9135s  best 3694/4096  current 3665  kicks 142  iters 18739974 (2051/s)  best: cx 28 tof 21
[2026-09-25 09:49:28] span_L5_s61_c1_z3_long   9145s  best 3694/4096  current 3665  kicks 142  iters 18759268 (2051/s)  best: cx 28 tof 21
[2026-09-25 09:49:38] span_L5_s61_c1_z3_long   9155s  best 3694/4096  current 3664  kicks 142  iters 18777637 (2050/s)  best: cx 28 tof 21
[2026-09-25 09:49:48] span_L5_s61_c1_z3_long   9166s  best 3694/4096  current 3678  kicks 142  iters 18795007 (2050/s)  best: cx 28 tof 21
[2026-09-25 09:50:03] span_L5_s61_c1_z3_long   9181s  best 3694/4096  current 3677  kicks 142  iters 18820107 (2049/s)  best: cx 28 tof 21
[2026-09-25 09:50:17] span_L5_s61_c1_z3_long   9195s  best 3694/4096  current 3612  kicks 143  iters 18849899 (2050/s)  best: cx 28 tof 21
[2026-09-25 09:50:27] span_L5_s61_c1_z3_long   9205s  best 3694/4096  current 3624  kicks 143  iters 18870269 (2050/s)  best: cx 28 tof 21
[2026-09-25 09:50:42] span_L5_s61_c1_z3_long   9220s  best 3694/4096  current 3620  kicks 143  iters 18900532 (2049/s)  best: cx 28 tof 21
[2026-09-25 09:50:57] span_L5_s61_c1_z3_long   9234s  best 3694/4096  current 3622  kicks 143  iters 18932682 (2050/s)  best: cx 28 tof 21
[2026-09-25 09:51:07] span_L5_s61_c1_z3_long   9244s  best 3694/4096  current 3632  kicks 143  iters 18955022 (2050/s)  best: cx 28 tof 21
[2026-09-25 09:51:18] span_L5_s61_c1_z3_long   9255s  best 3694/4096  current 3566  kicks 144  iters 18974985 (2050/s)  best: cx 28 tof 21
[2026-09-25 09:51:28] span_L5_s61_c1_z3_long   9265s  best 3694/4096  current 3572  kicks 144  iters 18994145 (2049/s)  best: cx 28 tof 21
[2026-09-25 09:51:38] span_L5_s61_c1_z3_long   9276s  best 3694/4096  current 3571  kicks 144  iters 19012983 (2049/s)  best: cx 28 tof 21
[2026-09-25 09:51:48] span_L5_s61_c1_z3_long   9286s  best 3694/4096  current 3573  kicks 144  iters 19030989 (2049/s)  best: cx 28 tof 21
[2026-09-25 09:52:03] span_L5_s61_c1_z3_long   9301s  best 3694/4096  current 3576  kicks 144  iters 19058100 (2049/s)  best: cx 28 tof 21
[2026-09-25 09:52:17] span_L5_s61_c1_z3_long   9314s  best 3694/4096  current 3566  kicks 145  iters 19090978 (2049/s)  best: cx 28 tof 21
[2026-09-25 09:52:27] span_L5_s61_c1_z3_long   9325s  best 3694/4096  current 3574  kicks 145  iters 19116631 (2050/s)  best: cx 28 tof 21
[2026-09-25 09:52:37] span_L5_s61_c1_z3_long   9335s  best 3694/4096  current 3576  kicks 145  iters 19140582 (2050/s)  best: cx 28 tof 21
[2026-09-25 09:52:52] span_L5_s61_c1_z3_long   9350s  best 3694/4096  current 3634  kicks 145  iters 19175320 (2050/s)  best: cx 28 tof 21
[2026-09-25 09:53:02] span_L5_s61_c1_z3_long   9360s  best 3694/4096  current 3637  kicks 145  iters 19199371 (2051/s)  best: cx 28 tof 21
[2026-09-25 09:53:13] span_L5_s61_c1_z3_long   9370s  best 3694/4096  current 3647  kicks 145  iters 19223010 (2051/s)  best: cx 28 tof 21
[2026-09-25 09:53:23] span_L5_s61_c1_z3_long   9381s  best 3694/4096  current 3596  kicks 146  iters 19244854 (2051/s)  best: cx 28 tof 21
[2026-09-25 09:53:33] span_L5_s61_c1_z3_long   9391s  best 3694/4096  current 3602  kicks 146  iters 19264406 (2051/s)  best: cx 28 tof 21
[2026-09-25 09:53:44] span_L5_s61_c1_z3_long   9401s  best 3694/4096  current 3597  kicks 146  iters 19283390 (2051/s)  best: cx 28 tof 21
[2026-09-25 09:53:58] span_L5_s61_c1_z3_long   9416s  best 3694/4096  current 3618  kicks 146  iters 19311032 (2050/s)  best: cx 28 tof 21
[2026-09-25 09:54:08] span_L5_s61_c1_z3_long   9426s  best 3694/4096  current 3633  kicks 146  iters 19331138 (2050/s)  best: cx 28 tof 21
[2026-09-25 09:54:23] span_L5_s61_c1_z3_long   9441s  best 3694/4096  current 3597  kicks 147  iters 19362276 (2050/s)  best: cx 28 tof 21
[2026-09-25 09:54:33] span_L5_s61_c1_z3_long   9451s  best 3694/4096  current 3608  kicks 147  iters 19382959 (2050/s)  best: cx 28 tof 21
[2026-09-25 09:54:43] span_L5_s61_c1_z3_long   9461s  best 3694/4096  current 3621  kicks 147  iters 19403722 (2050/s)  best: cx 28 tof 21
[2026-09-25 09:54:58] span_L5_s61_c1_z3_long   9476s  best 3694/4096  current 3624  kicks 147  iters 19434690 (2050/s)  best: cx 28 tof 21
[2026-09-25 09:55:13] span_L5_s61_c1_z3_long   9491s  best 3694/4096  current 3625  kicks 147  iters 19464343 (2050/s)  best: cx 28 tof 21
[2026-09-25 09:55:23] span_L5_s61_c1_z3_long   9501s  best 3694/4096  current 3579  kicks 148  iters 19484499 (2050/s)  best: cx 28 tof 21
[2026-09-25 09:55:34] span_L5_s61_c1_z3_long   9511s  best 3694/4096  current 3596  kicks 148  iters 19503642 (2050/s)  best: cx 28 tof 21
[2026-09-25 09:55:49] span_L5_s61_c1_z3_long   9526s  best 3694/4096  current 3596  kicks 148  iters 19530970 (2050/s)  best: cx 28 tof 21
[2026-09-25 09:55:59] span_L5_s61_c1_z3_long   9537s  best 3694/4096  current 3593  kicks 148  iters 19548811 (2049/s)  best: cx 28 tof 21
[2026-09-25 09:56:14] span_L5_s61_c1_z3_long   9551s  best 3694/4096  current 3596  kicks 148  iters 19576361 (2049/s)  best: cx 28 tof 21
[2026-09-25 09:56:24] span_L5_s61_c1_z3_long   9562s  best 3694/4096  current 3548  kicks 149  iters 19595287 (2049/s)  best: cx 28 tof 21
[2026-09-25 09:56:35] span_L5_s61_c1_z3_long   9572s  best 3694/4096  current 3572  kicks 149  iters 19611632 (2048/s)  best: cx 28 tof 21
[2026-09-25 09:56:50] span_L5_s61_c1_z3_long   9587s  best 3694/4096  current 3574  kicks 149  iters 19634450 (2047/s)  best: cx 28 tof 21
[2026-09-25 09:57:04] span_L5_s61_c1_z3_long   9602s  best 3694/4096  current 3615  kicks 149  iters 19659215 (2047/s)  best: cx 28 tof 21
[2026-09-25 09:57:19] span_L5_s61_c1_z3_long   9617s  best 3694/4096  current 3616  kicks 149  iters 19683736 (2046/s)  best: cx 28 tof 21
[2026-09-25 09:57:34] span_L5_s61_c1_z3_long   9631s  best 3694/4096  current 3609  kicks 150  iters 19712812 (2046/s)  best: cx 28 tof 21
[2026-09-25 09:57:49] span_L5_s61_c1_z3_long   9646s  best 3694/4096  current 3623  kicks 150  iters 19741991 (2046/s)  best: cx 28 tof 21
[2026-09-25 09:58:03] span_L5_s61_c1_z3_long   9661s  best 3694/4096  current 3636  kicks 150  iters 19771888 (2046/s)  best: cx 28 tof 21
[2026-09-25 09:58:14] span_L5_s61_c1_z3_long   9671s  best 3694/4096  current 3633  kicks 150  iters 19792118 (2046/s)  best: cx 28 tof 21
[2026-09-25 09:58:29] span_L5_s61_c1_z3_long   9687s  best 3694/4096  current 3552  kicks 151  iters 19821055 (2046/s)  best: cx 28 tof 21
[2026-09-25 09:58:39] span_L5_s61_c1_z3_long   9697s  best 3694/4096  current 3560  kicks 151  iters 19838902 (2045/s)  best: cx 28 tof 21
[2026-09-25 09:58:49] span_L5_s61_c1_z3_long   9707s  best 3694/4096  current 3578  kicks 151  iters 19855638 (2045/s)  best: cx 28 tof 21
[2026-09-25 09:59:04] span_L5_s61_c1_z3_long   9722s  best 3694/4096  current 3576  kicks 151  iters 19883010 (2045/s)  best: cx 28 tof 21
[2026-09-25 09:59:14] span_L5_s61_c1_z3_long   9732s  best 3694/4096  current 3580  kicks 151  iters 19901666 (2044/s)  best: cx 28 tof 21
[2026-09-25 09:59:28] span_L5_s61_c1_z3_long   9746s  best 3694/4096  current 3532  kicks 152  iters 19929382 (2044/s)  best: cx 28 tof 21
[2026-09-25 09:59:39] span_L5_s61_c1_z3_long   9756s  best 3694/4096  current 3548  kicks 152  iters 19950954 (2044/s)  best: cx 28 tof 21
[2026-09-25 09:59:54] span_L5_s61_c1_z3_long   9772s  best 3694/4096  current 3559  kicks 152  iters 19983278 (2045/s)  best: cx 28 tof 21
[2026-09-25 10:00:09] span_L5_s61_c1_z3_long   9787s  best 3694/4096  current 3594  kicks 152  iters 20013889 (2045/s)  best: cx 28 tof 21
[2026-09-25 10:00:24] span_L5_s61_c1_z3_long   9801s  best 3694/4096  current 3594  kicks 152  iters 20043518 (2044/s)  best: cx 28 tof 21
[2026-09-25 10:00:39] span_L5_s61_c1_z3_long   9816s  best 3694/4096  current 3563  kicks 153  iters 20074351 (2045/s)  best: cx 28 tof 21
[2026-09-25 10:00:49] span_L5_s61_c1_z3_long   9826s  best 3694/4096  current 3560  kicks 153  iters 20094328 (2044/s)  best: cx 28 tof 21
[2026-09-25 10:00:59] span_L5_s61_c1_z3_long   9837s  best 3694/4096  current 3613  kicks 153  iters 20114163 (2044/s)  best: cx 28 tof 21
[2026-09-25 10:01:09] span_L5_s61_c1_z3_long   9847s  best 3694/4096  current 3622  kicks 153  iters 20132392 (2044/s)  best: cx 28 tof 21
[2026-09-25 10:01:19] span_L5_s61_c1_z3_long   9857s  best 3694/4096  current 3616  kicks 153  iters 20151136 (2044/s)  best: cx 28 tof 21
[2026-09-25 10:01:30] span_L5_s61_c1_z3_long   9867s  best 3694/4096  current 3615  kicks 153  iters 20169024 (2044/s)  best: cx 28 tof 21
[2026-09-25 10:01:44] span_L5_s61_c1_z3_long   9882s  best 3694/4096  current 3555  kicks 154  iters 20199050 (2044/s)  best: cx 28 tof 21
[2026-09-25 10:01:58] span_L5_s61_c1_z3_long   9896s  best 3694/4096  current 3553  kicks 154  iters 20230942 (2044/s)  best: cx 28 tof 21
[2026-09-25 10:02:09] span_L5_s61_c1_z3_long   9906s  best 3694/4096  current 3557  kicks 154  iters 20254093 (2044/s)  best: cx 28 tof 21
[2026-09-25 10:02:19] span_L5_s61_c1_z3_long   9916s  best 3694/4096  current 3551  kicks 154  iters 20277577 (2044/s)  best: cx 28 tof 21
[2026-09-25 10:02:29] span_L5_s61_c1_z3_long   9927s  best 3694/4096  current 3562  kicks 154  iters 20300588 (2045/s)  best: cx 28 tof 21
[2026-09-25 10:02:44] span_L5_s61_c1_z3_long   9942s  best 3694/4096  current 3553  kicks 155  iters 20333956 (2045/s)  best: cx 28 tof 21
[2026-09-25 10:02:55] span_L5_s61_c1_z3_long   9952s  best 3694/4096  current 3563  kicks 155  iters 20353289 (2045/s)  best: cx 28 tof 21
[2026-09-25 10:03:09] span_L5_s61_c1_z3_long   9967s  best 3694/4096  current 3567  kicks 155  iters 20381292 (2044/s)  best: cx 28 tof 21
[2026-09-25 10:03:24] span_L5_s61_c1_z3_long   9982s  best 3694/4096  current 3578  kicks 155  iters 20411793 (2044/s)  best: cx 28 tof 21
[2026-09-25 10:03:35] span_L5_s61_c1_z3_long   9992s  best 3694/4096  current 3578  kicks 155  iters 20431143 (2044/s)  best: cx 28 tof 21
[2026-09-25 10:03:50] span_L5_s61_c1_z3_long  10008s  best 3694/4096  current 3568  kicks 156  iters 20461151 (2044/s)  best: cx 28 tof 21
[2026-09-25 10:04:04] span_L5_s61_c1_z3_long  10022s  best 3694/4096  current 3564  kicks 156  iters 20490608 (2044/s)  best: cx 28 tof 21
[2026-09-25 10:04:20] span_L5_s61_c1_z3_long  10037s  best 3694/4096  current 3587  kicks 156  iters 20520668 (2044/s)  best: cx 28 tof 21
[2026-09-25 10:04:30] span_L5_s61_c1_z3_long  10047s  best 3694/4096  current 3589  kicks 156  iters 20540100 (2044/s)  best: cx 28 tof 21
[2026-09-25 10:04:44] span_L5_s61_c1_z3_long  10062s  best 3694/4096  current 3615  kicks 157  iters 20568892 (2044/s)  best: cx 28 tof 21
[2026-09-25 10:04:55] span_L5_s61_c1_z3_long  10073s  best 3694/4096  current 3644  kicks 157  iters 20588669 (2043/s)  best: cx 28 tof 21
[2026-09-25 10:05:10] span_L5_s61_c1_z3_long  10087s  best 3694/4096  current 3653  kicks 157  iters 20616386 (2043/s)  best: cx 28 tof 21
[2026-09-25 10:05:24] span_L5_s61_c1_z3_long  10102s  best 3694/4096  current 3654  kicks 157  iters 20646283 (2043/s)  best: cx 28 tof 21
[2026-09-25 10:05:39] span_L5_s61_c1_z3_long  10117s  best 3694/4096  current 3661  kicks 157  iters 20679926 (2044/s)  best: cx 28 tof 21
[2026-09-25 10:05:54] span_L5_s61_c1_z3_long  10132s  best 3694/4096  current 3595  kicks 158  iters 20714647 (2044/s)  best: cx 28 tof 21
[2026-09-25 10:06:09] span_L5_s61_c1_z3_long  10147s  best 3694/4096  current 3603  kicks 158  iters 20748349 (2044/s)  best: cx 28 tof 21
[2026-09-25 10:06:19] span_L5_s61_c1_z3_long  10157s  best 3694/4096  current 3625  kicks 158  iters 20771452 (2045/s)  best: cx 28 tof 21
[2026-09-25 10:06:29] span_L5_s61_c1_z3_long  10167s  best 3694/4096  current 3629  kicks 158  iters 20792573 (2045/s)  best: cx 28 tof 21
[2026-09-25 10:06:39] span_L5_s61_c1_z3_long  10177s  best 3694/4096  current 3652  kicks 158  iters 20814209 (2045/s)  best: cx 28 tof 21
[2026-09-25 10:06:50] span_L5_s61_c1_z3_long  10188s  best 3694/4096  current 3578  kicks 159  iters 20833816 (2044/s)  best: cx 28 tof 21
[2026-09-25 10:07:05] span_L5_s61_c1_z3_long  10202s  best 3694/4096  current 3580  kicks 159  iters 20863382 (2044/s)  best: cx 28 tof 21
[2026-09-25 10:07:16] span_L5_s61_c1_z3_long  10214s  best 3694/4096  current 3593  kicks 159  iters 20882175 (2044/s)  best: cx 28 tof 21
[2026-09-25 10:07:27] span_L5_s61_c1_z3_long  10225s  best 3694/4096  current 3603  kicks 159  iters 20896612 (2043/s)  best: cx 28 tof 21
[2026-09-25 10:07:42] span_L5_s61_c1_z3_long  10239s  best 3694/4096  current 3616  kicks 159  iters 20918586 (2042/s)  best: cx 28 tof 21
[2026-09-25 10:07:56] span_L5_s61_c1_z3_long  10253s  best 3694/4096  current 3583  kicks 160  iters 20946212 (2042/s)  best: cx 28 tof 21
[2026-09-25 10:08:06] span_L5_s61_c1_z3_long  10263s  best 3694/4096  current 3588  kicks 160  iters 20965308 (2042/s)  best: cx 28 tof 21
[2026-09-25 10:08:21] span_L5_s61_c1_z3_long  10278s  best 3694/4096  current 3600  kicks 160  iters 20993242 (2042/s)  best: cx 28 tof 21
[2026-09-25 10:08:35] span_L5_s61_c1_z3_long  10293s  best 3694/4096  current 3606  kicks 160  iters 21022173 (2042/s)  best: cx 28 tof 21
[2026-09-25 10:08:46] span_L5_s61_c1_z3_long  10303s  best 3694/4096  current 3602  kicks 160  iters 21041105 (2042/s)  best: cx 28 tof 21
[2026-09-25 10:09:00] span_L5_s61_c1_z3_long  10318s  best 3694/4096  current 3575  kicks 161  iters 21072290 (2042/s)  best: cx 28 tof 21
[2026-09-25 10:09:10] span_L5_s61_c1_z3_long  10328s  best 3694/4096  current 3602  kicks 161  iters 21094145 (2042/s)  best: cx 28 tof 21
[2026-09-25 10:09:25] span_L5_s61_c1_z3_long  10343s  best 3694/4096  current 3610  kicks 161  iters 21126163 (2042/s)  best: cx 28 tof 21
[2026-09-25 10:09:40] span_L5_s61_c1_z3_long  10357s  best 3694/4096  current 3610  kicks 161  iters 21158562 (2042/s)  best: cx 28 tof 21
[2026-09-25 10:09:50] span_L5_s61_c1_z3_long  10368s  best 3694/4096  current 3611  kicks 161  iters 21180938 (2042/s)  best: cx 28 tof 21
[2026-09-25 10:10:00] span_L5_s61_c1_z3_long  10378s  best 3694/4096  current 3559  kicks 162  iters 21204580 (2043/s)  best: cx 28 tof 21
[2026-09-25 10:10:10] span_L5_s61_c1_z3_long  10388s  best 3694/4096  current 3559  kicks 162  iters 21225960 (2043/s)  best: cx 28 tof 21
[2026-09-25 10:10:25] span_L5_s61_c1_z3_long  10403s  best 3694/4096  current 3566  kicks 162  iters 21257977 (2043/s)  best: cx 28 tof 21
[2026-09-25 10:10:40] span_L5_s61_c1_z3_long  10418s  best 3694/4096  current 3555  kicks 162  iters 21290998 (2043/s)  best: cx 28 tof 21
[2026-09-25 10:10:55] span_L5_s61_c1_z3_long  10433s  best 3694/4096  current 3570  kicks 162  iters 21325223 (2044/s)  best: cx 28 tof 21
[2026-09-25 10:11:05] span_L5_s61_c1_z3_long  10443s  best 3694/4096  current 3536  kicks 163  iters 21346935 (2044/s)  best: cx 28 tof 21
[2026-09-25 10:11:20] span_L5_s61_c1_z3_long  10458s  best 3694/4096  current 3538  kicks 163  iters 21379198 (2044/s)  best: cx 28 tof 21
[2026-09-25 10:11:35] span_L5_s61_c1_z3_long  10473s  best 3694/4096  current 3556  kicks 163  iters 21413543 (2044/s)  best: cx 28 tof 21
[2026-09-25 10:11:46] span_L5_s61_c1_z3_long  10484s  best 3694/4096  current 3560  kicks 163  iters 21435575 (2044/s)  best: cx 28 tof 21
[2026-09-25 10:12:01] span_L5_s61_c1_z3_long  10499s  best 3694/4096  current 3552  kicks 164  iters 21464041 (2044/s)  best: cx 28 tof 21
[2026-09-25 10:12:15] span_L5_s61_c1_z3_long  10513s  best 3694/4096  current 3598  kicks 164  iters 21491885 (2044/s)  best: cx 28 tof 21
[2026-09-25 10:12:25] span_L5_s61_c1_z3_long  10523s  best 3694/4096  current 3599  kicks 164  iters 21515320 (2044/s)  best: cx 28 tof 21
[2026-09-25 10:12:35] span_L5_s61_c1_z3_long  10533s  best 3694/4096  current 3606  kicks 164  iters 21538436 (2044/s)  best: cx 28 tof 21
[2026-09-25 10:12:46] span_L5_s61_c1_z3_long  10543s  best 3694/4096  current 3607  kicks 164  iters 21560597 (2044/s)  best: cx 28 tof 21
[2026-09-25 10:13:01] span_L5_s61_c1_z3_long  10558s  best 3694/4096  current 3611  kicks 164  iters 21592430 (2045/s)  best: cx 28 tof 21
[2026-09-25 10:13:11] span_L5_s61_c1_z3_long  10569s  best 3694/4096  current 3581  kicks 165  iters 21613054 (2045/s)  best: cx 28 tof 21
[2026-09-25 10:13:26] span_L5_s61_c1_z3_long  10583s  best 3694/4096  current 3595  kicks 165  iters 21643351 (2045/s)  best: cx 28 tof 21
[2026-09-25 10:13:41] span_L5_s61_c1_z3_long  10598s  best 3694/4096  current 3589  kicks 165  iters 21674071 (2045/s)  best: cx 28 tof 21
[2026-09-25 10:13:55] span_L5_s61_c1_z3_long  10613s  best 3694/4096  current 3608  kicks 165  iters 21705716 (2045/s)  best: cx 28 tof 21
[2026-09-25 10:14:06] span_L5_s61_c1_z3_long  10623s  best 3694/4096  current 3553  kicks 166  iters 21726828 (2045/s)  best: cx 28 tof 21
[2026-09-25 10:14:16] span_L5_s61_c1_z3_long  10634s  best 3694/4096  current 3583  kicks 166  iters 21746263 (2045/s)  best: cx 28 tof 21
[2026-09-25 10:14:26] span_L5_s61_c1_z3_long  10644s  best 3694/4096  current 3596  kicks 166  iters 21766056 (2044/s)  best: cx 28 tof 21
[2026-09-25 10:14:37] span_L5_s61_c1_z3_long  10655s  best 3694/4096  current 3607  kicks 166  iters 21783721 (2044/s)  best: cx 28 tof 21
[2026-09-25 10:14:52] span_L5_s61_c1_z3_long  10670s  best 3694/4096  current 3603  kicks 166  iters 21808056 (2043/s)  best: cx 28 tof 21
[2026-09-25 10:15:02] span_L5_s61_c1_z3_long  10680s  best 3694/4096  current 3613  kicks 166  iters 21825091 (2043/s)  best: cx 28 tof 21
[2026-09-25 10:15:16] span_L5_s61_c1_z3_long  10694s  best 3694/4096  current 3602  kicks 167  iters 21851565 (2043/s)  best: cx 28 tof 21
[2026-09-25 10:15:31] span_L5_s61_c1_z3_long  10709s  best 3694/4096  current 3610  kicks 167  iters 21882122 (2043/s)  best: cx 28 tof 21
[2026-09-25 10:15:46] span_L5_s61_c1_z3_long  10724s  best 3694/4096  current 3623  kicks 167  iters 21913094 (2043/s)  best: cx 28 tof 21
[2026-09-25 10:16:01] span_L5_s61_c1_z3_long  10739s  best 3694/4096  current 3629  kicks 167  iters 21944707 (2043/s)  best: cx 28 tof 21
[2026-09-25 10:16:15] span_L5_s61_c1_z3_long  10753s  best 3694/4096  current 3577  kicks 168  iters 21977238 (2043/s)  best: cx 28 tof 21
[2026-09-25 10:16:26] span_L5_s61_c1_z3_long  10763s  best 3694/4096  current 3581  kicks 168  iters 21999806 (2043/s)  best: cx 28 tof 21
[2026-09-25 10:16:36] span_L5_s61_c1_z3_long  10774s  best 3694/4096  current 3592  kicks 168  iters 22021969 (2044/s)  best: cx 28 tof 21
[2026-09-25 10:16:51] span_L5_s61_c1_z3_long  10788s  best 3694/4096  current 3591  kicks 168  iters 22054414 (2044/s)  best: cx 28 tof 21
[2026-09-25 10:17:06] span_L5_s61_c1_z3_long  10803s  best 3694/4096  current 3597  kicks 168  iters 22088453 (2044/s)  best: cx 28 tof 21
[span_L5_s61_c1_z3_long] final best 3694 / 4096
