[span_L5_s64_c1_z3_long] start fitness 2999 / 4096  (CZ layer 3, LCX 1, TEMP 1.00, MAXMUT 3, KICK 8 gates after 60s stuck)
[2026-09-25 07:17:16] span_L5_s64_c1_z3_long     14s  best 2999/4096  current 2999  kicks 0  iters 64326 (4742/s)  best: cx 0 tof 0
[2026-09-25 07:17:31] span_L5_s64_c1_z3_long     29s  best 2999/4096  current 2999  kicks 0  iters 135541 (4730/s)  best: cx 0 tof 0
[2026-09-25 07:17:41] span_L5_s64_c1_z3_long     39s  best 2999/4096  current 2999  kicks 0  iters 183404 (4726/s)  best: cx 0 tof 0
[2026-09-25 07:17:56] span_L5_s64_c1_z3_long     54s  best 2999/4096  current 2999  kicks 0  iters 254697 (4751/s)  best: cx 0 tof 0
[2026-09-25 07:18:06] span_L5_s64_c1_z3_long     64s  best 2999/4096  current 2999  kicks 0  iters 302348 (4741/s)  best: cx 0 tof 0
[2026-09-25 07:18:21] span_L5_s64_c1_z3_long     79s  best 2999/4096  current 2999  kicks 1  iters 373783 (4729/s)  best: cx 0 tof 0
[2026-09-25 07:18:36] span_L5_s64_c1_z3_long     94s  best 2999/4096  current 2999  kicks 1  iters 443870 (4736/s)  best: cx 0 tof 0
[2026-09-25 07:18:46] span_L5_s64_c1_z3_long    104s  best 2999/4096  current 2999  kicks 1  iters 492197 (4737/s)  best: cx 0 tof 0
[2026-09-25 07:19:01] span_L5_s64_c1_z3_long    119s  best 2999/4096  current 2999  kicks 1  iters 562506 (4727/s)  best: cx 0 tof 0
[2026-09-25 07:19:16] span_L5_s64_c1_z3_long    134s  best 2999/4096  current 2999  kicks 2  iters 633734 (4733/s)  best: cx 0 tof 0
[2026-09-25 07:19:26] span_L5_s64_c1_z3_long    144s  best 2999/4096  current 2999  kicks 2  iters 680856 (4726/s)  best: cx 0 tof 0
[2026-09-25 07:19:41] span_L5_s64_c1_z3_long    159s  best 2999/4096  current 2999  kicks 2  iters 751736 (4726/s)  best: cx 0 tof 0
[2026-09-25 07:19:56] span_L5_s64_c1_z3_long    174s  best 2999/4096  current 2999  kicks 2  iters 822503 (4727/s)  best: cx 0 tof 0
[2026-09-25 07:20:11] span_L5_s64_c1_z3_long    189s  best 2999/4096  current 2999  kicks 3  iters 893497 (4727/s)  best: cx 0 tof 0
[2026-09-25 07:20:26] span_L5_s64_c1_z3_long    204s  best 2999/4096  current 2999  kicks 3  iters 963854 (4727/s)  best: cx 0 tof 0
[2026-09-25 07:20:41] span_L5_s64_c1_z3_long    219s  best 2999/4096  current 2999  kicks 3  iters 1035723 (4733/s)  best: cx 0 tof 0
[2026-09-25 07:20:51] span_L5_s64_c1_z3_long    229s  best 2999/4096  current 2999  kicks 3  iters 1083306 (4728/s)  best: cx 0 tof 0
[2026-09-25 07:21:06] span_L5_s64_c1_z3_long    244s  best 2999/4096  current 2999  kicks 3  iters 1153627 (4728/s)  best: cx 0 tof 0
[2026-09-25 07:21:21] span_L5_s64_c1_z3_long    259s  best 2999/4096  current 2999  kicks 4  iters 1224280 (4726/s)  best: cx 0 tof 0
[2026-09-25 07:21:36] span_L5_s64_c1_z3_long    274s  best 2999/4096  current 2999  kicks 4  iters 1294307 (4725/s)  best: cx 0 tof 0
[2026-09-25 07:21:46] span_L5_s64_c1_z3_long    284s  best 2999/4096  current 2999  kicks 4  iters 1342049 (4725/s)  best: cx 0 tof 0
[2026-09-25 07:21:56] span_L5_s64_c1_z3_long    294s  best 2999/4096  current 2999  kicks 4  iters 1389696 (4726/s)  best: cx 0 tof 0
[2026-09-25 07:22:11] span_L5_s64_c1_z3_long    309s  best 2999/4096  current 2999  kicks 4  iters 1461121 (4727/s)  best: cx 0 tof 0
[2026-09-25 07:22:26] span_L5_s64_c1_z3_long    324s  best 2999/4096  current 2999  kicks 5  iters 1533518 (4734/s)  best: cx 0 tof 0
[2026-09-25 07:22:41] span_L5_s64_c1_z3_long    339s  best 2999/4096  current 2999  kicks 5  iters 1606639 (4739/s)  best: cx 0 tof 0
[2026-09-25 07:22:56] span_L5_s64_c1_z3_long    354s  best 2999/4096  current 2999  kicks 5  iters 1678433 (4743/s)  best: cx 0 tof 0
[2026-09-25 07:23:06] span_L5_s64_c1_z3_long    364s  best 2999/4096  current 2999  kicks 5  iters 1727334 (4747/s)  best: cx 0 tof 0
[2026-09-25 07:23:16] span_L5_s64_c1_z3_long    374s  best 2999/4096  current 2999  kicks 6  iters 1774774 (4745/s)  best: cx 0 tof 0
[2026-09-25 07:23:26] span_L5_s64_c1_z3_long    384s  best 2999/4096  current 2999  kicks 6  iters 1821887 (4742/s)  best: cx 0 tof 0
[2026-09-25 07:23:41] span_L5_s64_c1_z3_long    399s  best 2999/4096  current 2999  kicks 6  iters 1892052 (4743/s)  best: cx 0 tof 0
[2026-09-25 07:23:56] span_L5_s64_c1_z3_long    414s  best 2999/4096  current 2999  kicks 6  iters 1965483 (4748/s)  best: cx 0 tof 0
[2026-09-25 07:24:07] span_L5_s64_c1_z3_long    424s  best 2999/4096  current 2999  kicks 6  iters 2013371 (4745/s)  best: cx 0 tof 0
[2026-09-25 07:24:22] span_L5_s64_c1_z3_long    439s  best 2999/4096  current 2999  kicks 7  iters 2082752 (4741/s)  best: cx 0 tof 0
[2026-09-25 07:24:36] span_L5_s64_c1_z3_long    454s  best 2999/4096  current 2999  kicks 7  iters 2152925 (4740/s)  best: cx 0 tof 0
[2026-09-25 07:24:51] span_L5_s64_c1_z3_long    469s  best 2999/4096  current 2999  kicks 7  iters 2224837 (4743/s)  best: cx 0 tof 0
[2026-09-25 07:25:06] span_L5_s64_c1_z3_long    484s  best 2999/4096  current 2999  kicks 7  iters 2296652 (4745/s)  best: cx 0 tof 0
[2026-09-25 07:25:21] span_L5_s64_c1_z3_long    499s  best 2999/4096  current 2999  kicks 8  iters 2368082 (4745/s)  best: cx 0 tof 0
[2026-09-25 07:25:31] span_L5_s64_c1_z3_long    509s  best 2999/4096  current 2999  kicks 8  iters 2415655 (4745/s)  best: cx 0 tof 0
[2026-09-25 07:25:46] span_L5_s64_c1_z3_long    524s  best 2999/4096  current 2999  kicks 8  iters 2487915 (4748/s)  best: cx 0 tof 0
[2026-09-25 07:26:01] span_L5_s64_c1_z3_long    539s  best 2999/4096  current 2999  kicks 8  iters 2561279 (4752/s)  best: cx 0 tof 0
[2026-09-25 07:26:11] span_L5_s64_c1_z3_long    549s  best 2999/4096  current 2999  kicks 8  iters 2610042 (4752/s)  best: cx 0 tof 0
[2026-09-25 07:26:26] span_L5_s64_c1_z3_long    564s  best 2999/4096  current 2999  kicks 9  iters 2680157 (4752/s)  best: cx 0 tof 0
[2026-09-25 07:26:36] span_L5_s64_c1_z3_long    574s  best 2999/4096  current 2999  kicks 9  iters 2728123 (4752/s)  best: cx 0 tof 0
[2026-09-25 07:26:51] span_L5_s64_c1_z3_long    589s  best 2999/4096  current 2999  kicks 9  iters 2799715 (4753/s)  best: cx 0 tof 0
[2026-09-25 07:27:01] span_L5_s64_c1_z3_long    599s  best 2999/4096  current 2999  kicks 9  iters 2848482 (4755/s)  best: cx 0 tof 0
[2026-09-25 07:27:11] span_L5_s64_c1_z3_long    609s  best 2999/4096  current 2999  kicks 9  iters 2896951 (4756/s)  best: cx 0 tof 0
[2026-09-25 07:27:26] span_L5_s64_c1_z3_long    624s  best 2999/4096  current 2999  kicks 10  iters 2969411 (4757/s)  best: cx 0 tof 0
[2026-09-25 07:27:42] span_L5_s64_c1_z3_long    639s  best 2999/4096  current 2999  kicks 10  iters 3039883 (4754/s)  best: cx 0 tof 0
[2026-09-25 07:27:56] span_L5_s64_c1_z3_long    654s  best 2999/4096  current 2999  kicks 10  iters 3110969 (4756/s)  best: cx 0 tof 0
[2026-09-25 07:28:06] span_L5_s64_c1_z3_long    664s  best 2999/4096  current 2999  kicks 10  iters 3159197 (4756/s)  best: cx 0 tof 0
[2026-09-25 07:28:21] span_L5_s64_c1_z3_long    679s  best 2999/4096  current 2999  kicks 10  iters 3230359 (4756/s)  best: cx 0 tof 0
[2026-09-25 07:28:36] span_L5_s64_c1_z3_long    694s  best 2999/4096  current 2999  kicks 11  iters 3301540 (4757/s)  best: cx 0 tof 0
[2026-09-25 07:28:51] span_L5_s64_c1_z3_long    709s  best 2999/4096  current 2999  kicks 11  iters 3375880 (4762/s)  best: cx 0 tof 0
[2026-09-25 07:29:01] span_L5_s64_c1_z3_long    719s  best 2999/4096  current 2999  kicks 11  iters 3426045 (4765/s)  best: cx 0 tof 0
[2026-09-25 07:29:11] span_L5_s64_c1_z3_long    729s  best 2999/4096  current 2999  kicks 11  iters 3475198 (4765/s)  best: cx 0 tof 0
[2026-09-25 07:29:26] span_L5_s64_c1_z3_long    744s  best 2999/4096  current 2999  kicks 11  iters 3546318 (4766/s)  best: cx 0 tof 0
[2026-09-25 07:29:36] span_L5_s64_c1_z3_long    754s  best 2999/4096  current 2999  kicks 12  iters 3594713 (4766/s)  best: cx 0 tof 0
[2026-09-25 07:29:51] span_L5_s64_c1_z3_long    769s  best 2999/4096  current 2999  kicks 12  iters 3666668 (4766/s)  best: cx 0 tof 0
[2026-09-25 07:30:06] span_L5_s64_c1_z3_long    784s  best 2999/4096  current 2999  kicks 12  iters 3738361 (4766/s)  best: cx 0 tof 0
[2026-09-25 07:30:21] span_L5_s64_c1_z3_long    799s  best 2999/4096  current 2999  kicks 12  iters 3810969 (4768/s)  best: cx 0 tof 0
[2026-09-25 07:30:37] span_L5_s64_c1_z3_long    814s  best 2999/4096  current 2999  kicks 13  iters 3882744 (4768/s)  best: cx 0 tof 0
[2026-09-25 07:30:51] span_L5_s64_c1_z3_long    829s  best 2999/4096  current 2999  kicks 13  iters 3952946 (4767/s)  best: cx 0 tof 0
[2026-09-25 07:31:07] span_L5_s64_c1_z3_long    844s  best 2999/4096  current 2999  kicks 13  iters 4024276 (4765/s)  best: cx 0 tof 0
[2026-09-25 07:31:21] span_L5_s64_c1_z3_long    859s  best 2999/4096  current 2999  kicks 13  iters 4095118 (4766/s)  best: cx 0 tof 0
[2026-09-25 07:31:32] span_L5_s64_c1_z3_long    869s  best 2999/4096  current 2999  kicks 13  iters 4143461 (4766/s)  best: cx 0 tof 0
[2026-09-25 07:31:46] span_L5_s64_c1_z3_long    884s  best 2999/4096  current 2999  kicks 14  iters 4214637 (4767/s)  best: cx 0 tof 0
[2026-09-25 07:32:02] span_L5_s64_c1_z3_long    899s  best 2999/4096  current 2999  kicks 14  iters 4287235 (4767/s)  best: cx 0 tof 0
[2026-09-25 07:32:16] span_L5_s64_c1_z3_long    914s  best 2999/4096  current 2999  kicks 14  iters 4359742 (4768/s)  best: cx 0 tof 0
[2026-09-25 07:32:26] span_L5_s64_c1_z3_long    924s  best 2999/4096  current 2999  kicks 14  iters 4407877 (4769/s)  best: cx 0 tof 0
[2026-09-25 07:32:37] span_L5_s64_c1_z3_long    934s  best 2999/4096  current 2999  kicks 14  iters 4456729 (4770/s)  best: cx 0 tof 0
[2026-09-25 07:32:51] span_L5_s64_c1_z3_long    949s  best 2999/4096  current 2999  kicks 15  iters 4529384 (4772/s)  best: cx 0 tof 0
[2026-09-25 07:33:02] span_L5_s64_c1_z3_long    959s  best 2999/4096  current 2999  kicks 15  iters 4579002 (4772/s)  best: cx 0 tof 0
[2026-09-25 07:33:16] span_L5_s64_c1_z3_long    974s  best 2999/4096  current 2999  kicks 15  iters 4649144 (4772/s)  best: cx 0 tof 0
[2026-09-25 07:33:31] span_L5_s64_c1_z3_long    989s  best 2999/4096  current 2999  kicks 15  iters 4720683 (4772/s)  best: cx 0 tof 0
[2026-09-25 07:33:46] span_L5_s64_c1_z3_long   1004s  best 2999/4096  current 2999  kicks 16  iters 4793811 (4773/s)  best: cx 0 tof 0
[2026-09-25 07:33:57] span_L5_s64_c1_z3_long   1014s  best 2999/4096  current 2999  kicks 16  iters 4841449 (4772/s)  best: cx 0 tof 0
[2026-09-25 07:34:12] span_L5_s64_c1_z3_long   1029s  best 2999/4096  current 2999  kicks 16  iters 4912803 (4772/s)  best: cx 0 tof 0
[2026-09-25 07:34:26] span_L5_s64_c1_z3_long   1044s  best 2999/4096  current 2999  kicks 16  iters 4985190 (4773/s)  best: cx 0 tof 0
[2026-09-25 07:34:37] span_L5_s64_c1_z3_long   1054s  best 2999/4096  current 2999  kicks 16  iters 5032793 (4772/s)  best: cx 0 tof 0
[2026-09-25 07:34:52] span_L5_s64_c1_z3_long   1069s  best 2999/4096  current 2999  kicks 17  iters 5104201 (4773/s)  best: cx 0 tof 0
[2026-09-25 07:35:02] span_L5_s64_c1_z3_long   1080s  best 2999/4096  current 2999  kicks 17  iters 5151309 (4771/s)  best: cx 0 tof 0
[2026-09-25 07:35:16] span_L5_s64_c1_z3_long   1094s  best 2999/4096  current 2999  kicks 17  iters 5221263 (4771/s)  best: cx 0 tof 0
[2026-09-25 07:35:27] span_L5_s64_c1_z3_long   1104s  best 2999/4096  current 2999  kicks 17  iters 5269586 (4772/s)  best: cx 0 tof 0
[2026-09-25 07:35:42] span_L5_s64_c1_z3_long   1119s  best 2999/4096  current 2999  kicks 17  iters 5341538 (4772/s)  best: cx 0 tof 0
[2026-09-25 07:35:52] span_L5_s64_c1_z3_long   1129s  best 2999/4096  current 2999  kicks 18  iters 5389939 (4772/s)  best: cx 0 tof 0
[2026-09-25 07:36:07] span_L5_s64_c1_z3_long   1144s  best 2999/4096  current 2999  kicks 18  iters 5461132 (4772/s)  best: cx 0 tof 0
[2026-09-25 07:36:22] span_L5_s64_c1_z3_long   1159s  best 2999/4096  current 2999  kicks 18  iters 5532997 (4772/s)  best: cx 0 tof 0
[2026-09-25 07:36:32] span_L5_s64_c1_z3_long   1169s  best 2999/4096  current 2999  kicks 18  iters 5581972 (4773/s)  best: cx 0 tof 0
[2026-09-25 07:36:42] span_L5_s64_c1_z3_long   1179s  best 2999/4096  current 2999  kicks 18  iters 5629729 (4772/s)  best: cx 0 tof 0
[2026-09-25 07:36:57] span_L5_s64_c1_z3_long   1194s  best 2999/4096  current 2999  kicks 19  iters 5700385 (4773/s)  best: cx 0 tof 0
[2026-09-25 07:37:07] span_L5_s64_c1_z3_long   1204s  best 2999/4096  current 2999  kicks 19  iters 5748887 (4773/s)  best: cx 0 tof 0
[2026-09-25 07:37:17] span_L5_s64_c1_z3_long   1214s  best 2999/4096  current 2999  kicks 19  iters 5795801 (4772/s)  best: cx 0 tof 0
[2026-09-25 07:37:32] span_L5_s64_c1_z3_long   1230s  best 2999/4096  current 2999  kicks 19  iters 5867296 (4771/s)  best: cx 0 tof 0
[2026-09-25 07:37:47] span_L5_s64_c1_z3_long   1244s  best 2999/4096  current 2999  kicks 19  iters 5938742 (4772/s)  best: cx 0 tof 0
[2026-09-25 07:38:02] span_L5_s64_c1_z3_long   1259s  best 2999/4096  current 2999  kicks 20  iters 6010919 (4773/s)  best: cx 0 tof 0
[2026-09-25 07:38:12] span_L5_s64_c1_z3_long   1269s  best 2999/4096  current 2999  kicks 20  iters 6059202 (4773/s)  best: cx 0 tof 0
[2026-09-25 07:38:22] span_L5_s64_c1_z3_long   1280s  best 2999/4096  current 2999  kicks 20  iters 6107105 (4772/s)  best: cx 0 tof 0
[2026-09-25 07:38:37] span_L5_s64_c1_z3_long   1294s  best 2999/4096  current 2999  kicks 20  iters 6178195 (4773/s)  best: cx 0 tof 0
[2026-09-25 07:38:47] span_L5_s64_c1_z3_long   1304s  best 2999/4096  current 2999  kicks 20  iters 6226378 (4773/s)  best: cx 0 tof 0
[2026-09-25 07:39:02] span_L5_s64_c1_z3_long   1319s  best 2999/4096  current 2999  kicks 21  iters 6299067 (4774/s)  best: cx 0 tof 0
[2026-09-25 07:39:12] span_L5_s64_c1_z3_long   1329s  best 2999/4096  current 2999  kicks 21  iters 6348803 (4776/s)  best: cx 0 tof 0
[2026-09-25 07:39:22] span_L5_s64_c1_z3_long   1340s  best 2999/4096  current 2999  kicks 21  iters 6398267 (4776/s)  best: cx 0 tof 0
[2026-09-25 07:39:37] span_L5_s64_c1_z3_long   1355s  best 2999/4096  current 2999  kicks 21  iters 6468856 (4775/s)  best: cx 0 tof 0
[2026-09-25 07:39:52] span_L5_s64_c1_z3_long   1369s  best 2999/4096  current 2999  kicks 21  iters 6540924 (4776/s)  best: cx 0 tof 0
[2026-09-25 07:40:02] span_L5_s64_c1_z3_long   1379s  best 2999/4096  current 2999  kicks 22  iters 6590187 (4777/s)  best: cx 0 tof 0
[2026-09-25 07:40:17] span_L5_s64_c1_z3_long   1394s  best 2999/4096  current 2999  kicks 22  iters 6662365 (4778/s)  best: cx 0 tof 0
[2026-09-25 07:40:27] span_L5_s64_c1_z3_long   1404s  best 2999/4096  current 2999  kicks 22  iters 6710875 (4778/s)  best: cx 0 tof 0
[2026-09-25 07:40:37] span_L5_s64_c1_z3_long   1415s  best 2999/4096  current 2999  kicks 22  iters 6758356 (4777/s)  best: cx 0 tof 0
[2026-09-25 07:40:52] span_L5_s64_c1_z3_long   1430s  best 2999/4096  current 2999  kicks 22  iters 6828528 (4776/s)  best: cx 0 tof 0
[2026-09-25 07:41:07] span_L5_s64_c1_z3_long   1444s  best 2999/4096  current 2999  kicks 23  iters 6900899 (4777/s)  best: cx 0 tof 0
[2026-09-25 07:41:22] span_L5_s64_c1_z3_long   1459s  best 2999/4096  current 2999  kicks 23  iters 6974632 (4779/s)  best: cx 0 tof 0
[2026-09-25 07:41:32] span_L5_s64_c1_z3_long   1470s  best 2999/4096  current 2999  kicks 23  iters 7023482 (4778/s)  best: cx 0 tof 0
[2026-09-25 07:41:47] span_L5_s64_c1_z3_long   1484s  best 2999/4096  current 2999  kicks 23  iters 7093416 (4778/s)  best: cx 0 tof 0
[2026-09-25 07:41:57] span_L5_s64_c1_z3_long   1495s  best 2999/4096  current 2999  kicks 23  iters 7140779 (4777/s)  best: cx 0 tof 0
[2026-09-25 07:42:12] span_L5_s64_c1_z3_long   1509s  best 2999/4096  current 2999  kicks 24  iters 7211661 (4777/s)  best: cx 0 tof 0
[2026-09-25 07:42:27] span_L5_s64_c1_z3_long   1524s  best 2999/4096  current 2999  kicks 24  iters 7284077 (4778/s)  best: cx 0 tof 0
[2026-09-25 07:42:37] span_L5_s64_c1_z3_long   1535s  best 2999/4096  current 2999  kicks 24  iters 7331938 (4778/s)  best: cx 0 tof 0
[2026-09-25 07:42:52] span_L5_s64_c1_z3_long   1549s  best 2999/4096  current 2999  kicks 24  iters 7405294 (4779/s)  best: cx 0 tof 0
[2026-09-25 07:43:02] span_L5_s64_c1_z3_long   1560s  best 2999/4096  current 2999  kicks 24  iters 7454208 (4779/s)  best: cx 0 tof 0
[2026-09-25 07:43:17] span_L5_s64_c1_z3_long   1574s  best 2999/4096  current 2999  kicks 25  iters 7524476 (4779/s)  best: cx 0 tof 0
[2026-09-25 07:43:27] span_L5_s64_c1_z3_long   1585s  best 2999/4096  current 2999  kicks 25  iters 7571904 (4778/s)  best: cx 0 tof 0
[2026-09-25 07:43:42] span_L5_s64_c1_z3_long   1600s  best 2999/4096  current 2999  kicks 25  iters 7642502 (4777/s)  best: cx 0 tof 0
[2026-09-25 07:43:52] span_L5_s64_c1_z3_long   1610s  best 2999/4096  current 2999  kicks 25  iters 7690310 (4777/s)  best: cx 0 tof 0
[2026-09-25 07:44:02] span_L5_s64_c1_z3_long   1620s  best 2999/4096  current 2999  kicks 25  iters 7736761 (4776/s)  best: cx 0 tof 0
[2026-09-25 07:44:17] span_L5_s64_c1_z3_long   1635s  best 2999/4096  current 2999  kicks 26  iters 7807262 (4776/s)  best: cx 0 tof 0
[2026-09-25 07:44:27] span_L5_s64_c1_z3_long   1645s  best 2999/4096  current 2999  kicks 26  iters 7855391 (4776/s)  best: cx 0 tof 0
[2026-09-25 07:44:42] span_L5_s64_c1_z3_long   1660s  best 2999/4096  current 2999  kicks 26  iters 7927461 (4776/s)  best: cx 0 tof 0
[2026-09-25 07:44:52] span_L5_s64_c1_z3_long   1670s  best 2999/4096  current 2999  kicks 26  iters 7974642 (4775/s)  best: cx 0 tof 0
[2026-09-25 07:45:07] span_L5_s64_c1_z3_long   1685s  best 2999/4096  current 2999  kicks 26  iters 8044590 (4775/s)  best: cx 0 tof 0
[2026-09-25 07:45:22] span_L5_s64_c1_z3_long   1700s  best 2999/4096  current 2999  kicks 27  iters 8115965 (4775/s)  best: cx 0 tof 0
[2026-09-25 07:45:37] span_L5_s64_c1_z3_long   1715s  best 2999/4096  current 2999  kicks 27  iters 8187643 (4774/s)  best: cx 0 tof 0
[2026-09-25 07:45:52] span_L5_s64_c1_z3_long   1730s  best 2999/4096  current 2999  kicks 27  iters 8259559 (4775/s)  best: cx 0 tof 0
[2026-09-25 07:46:02] span_L5_s64_c1_z3_long   1740s  best 2999/4096  current 2999  kicks 27  iters 8307137 (4775/s)  best: cx 0 tof 0
[2026-09-25 07:46:17] span_L5_s64_c1_z3_long   1755s  best 2999/4096  current 2999  kicks 28  iters 8379234 (4775/s)  best: cx 0 tof 0
[2026-09-25 07:46:32] span_L5_s64_c1_z3_long   1770s  best 2999/4096  current 2999  kicks 28  iters 8450522 (4775/s)  best: cx 0 tof 0
[2026-09-25 07:46:47] span_L5_s64_c1_z3_long   1785s  best 2999/4096  current 2999  kicks 28  iters 8521397 (4774/s)  best: cx 0 tof 0
[2026-09-25 07:46:57] span_L5_s64_c1_z3_long   1795s  best 2999/4096  current 2999  kicks 28  iters 8568525 (4774/s)  best: cx 0 tof 0
[2026-09-25 07:47:12] span_L5_s64_c1_z3_long   1810s  best 2999/4096  current 2999  kicks 28  iters 8639667 (4774/s)  best: cx 0 tof 0
[2026-09-25 07:47:27] span_L5_s64_c1_z3_long   1825s  best 2999/4096  current 2999  kicks 29  iters 8711391 (4774/s)  best: cx 0 tof 0
[2026-09-25 07:47:42] span_L5_s64_c1_z3_long   1839s  best 2999/4096  current 2999  kicks 29  iters 8783039 (4774/s)  best: cx 0 tof 0
[2026-09-25 07:47:52] span_L5_s64_c1_z3_long   1850s  best 2999/4096  current 2999  kicks 29  iters 8832080 (4774/s)  best: cx 0 tof 0
[2026-09-25 07:48:02] span_L5_s64_c1_z3_long   1860s  best 2999/4096  current 2999  kicks 29  iters 8880702 (4775/s)  best: cx 0 tof 0
[2026-09-25 07:48:17] span_L5_s64_c1_z3_long   1875s  best 2999/4096  current 2999  kicks 29  iters 8952030 (4775/s)  best: cx 0 tof 0
[2026-09-25 07:48:27] span_L5_s64_c1_z3_long   1885s  best 2999/4096  current 2999  kicks 30  iters 9001365 (4776/s)  best: cx 0 tof 0
[2026-09-25 07:48:42] span_L5_s64_c1_z3_long   1900s  best 2999/4096  current 2999  kicks 30  iters 9073597 (4776/s)  best: cx 0 tof 0
[2026-09-25 07:48:52] span_L5_s64_c1_z3_long   1910s  best 2999/4096  current 2999  kicks 30  iters 9121311 (4776/s)  best: cx 0 tof 0
[2026-09-25 07:49:07] span_L5_s64_c1_z3_long   1925s  best 2999/4096  current 2999  kicks 30  iters 9192162 (4775/s)  best: cx 0 tof 0
[2026-09-25 07:49:22] span_L5_s64_c1_z3_long   1940s  best 2999/4096  current 2999  kicks 31  iters 9264424 (4776/s)  best: cx 0 tof 0
[2026-09-25 07:49:32] span_L5_s64_c1_z3_long   1950s  best 2999/4096  current 2999  kicks 31  iters 9311762 (4775/s)  best: cx 0 tof 0
[2026-09-25 07:49:47] span_L5_s64_c1_z3_long   1965s  best 2999/4096  current 2999  kicks 31  iters 9382446 (4775/s)  best: cx 0 tof 0
[2026-09-25 07:50:02] span_L5_s64_c1_z3_long   1980s  best 2999/4096  current 2999  kicks 31  iters 9453067 (4774/s)  best: cx 0 tof 0
[2026-09-25 07:50:17] span_L5_s64_c1_z3_long   1995s  best 2999/4096  current 2999  kicks 31  iters 9525340 (4774/s)  best: cx 0 tof 0
[2026-09-25 07:50:32] span_L5_s64_c1_z3_long   2010s  best 2999/4096  current 2999  kicks 32  iters 9596357 (4775/s)  best: cx 0 tof 0
[2026-09-25 07:50:42] span_L5_s64_c1_z3_long   2020s  best 2999/4096  current 2999  kicks 32  iters 9644691 (4775/s)  best: cx 0 tof 0
[2026-09-25 07:50:57] span_L5_s64_c1_z3_long   2035s  best 2999/4096  current 2999  kicks 32  iters 9715857 (4775/s)  best: cx 0 tof 0
[2026-09-25 07:51:07] span_L5_s64_c1_z3_long   2045s  best 2999/4096  current 2999  kicks 32  iters 9765114 (4775/s)  best: cx 0 tof 0
[2026-09-25 07:51:22] span_L5_s64_c1_z3_long   2060s  best 2999/4096  current 2999  kicks 32  iters 9837198 (4775/s)  best: cx 0 tof 0
[2026-09-25 07:51:37] span_L5_s64_c1_z3_long   2075s  best 2999/4096  current 2999  kicks 33  iters 9908765 (4775/s)  best: cx 0 tof 0
[2026-09-25 07:51:52] span_L5_s64_c1_z3_long   2090s  best 2999/4096  current 2999  kicks 33  iters 9980295 (4775/s)  best: cx 0 tof 0
[2026-09-25 07:52:07] span_L5_s64_c1_z3_long   2105s  best 2999/4096  current 2999  kicks 33  iters 10051275 (4775/s)  best: cx 0 tof 0
[2026-09-25 07:52:17] span_L5_s64_c1_z3_long   2115s  best 2999/4096  current 2999  kicks 33  iters 10099611 (4775/s)  best: cx 0 tof 0
[2026-09-25 07:52:32] span_L5_s64_c1_z3_long   2130s  best 2999/4096  current 2999  kicks 34  iters 10171735 (4775/s)  best: cx 0 tof 0
[2026-09-25 07:52:42] span_L5_s64_c1_z3_long   2140s  best 2999/4096  current 2999  kicks 34  iters 10219023 (4775/s)  best: cx 0 tof 0
[2026-09-25 07:52:52] span_L5_s64_c1_z3_long   2150s  best 2999/4096  current 2999  kicks 34  iters 10266112 (4775/s)  best: cx 0 tof 0
[2026-09-25 07:53:07] span_L5_s64_c1_z3_long   2165s  best 2999/4096  current 2999  kicks 34  iters 10337006 (4775/s)  best: cx 0 tof 0
[2026-09-25 07:53:17] span_L5_s64_c1_z3_long   2175s  best 2999/4096  current 2999  kicks 34  iters 10385303 (4775/s)  best: cx 0 tof 0
[2026-09-25 07:53:27] span_L5_s64_c1_z3_long   2185s  best 2999/4096  current 2999  kicks 34  iters 10432640 (4774/s)  best: cx 0 tof 0
[2026-09-25 07:53:37] span_L5_s64_c1_z3_long   2195s  best 2999/4096  current 2999  kicks 35  iters 10478878 (4773/s)  best: cx 0 tof 0
[2026-09-25 07:53:52] span_L5_s64_c1_z3_long   2210s  best 2999/4096  current 2999  kicks 35  iters 10550724 (4774/s)  best: cx 0 tof 0
[2026-09-25 07:54:02] span_L5_s64_c1_z3_long   2220s  best 2999/4096  current 2999  kicks 35  iters 10599439 (4774/s)  best: cx 0 tof 0
[2026-09-25 07:54:17] span_L5_s64_c1_z3_long   2235s  best 2999/4096  current 2999  kicks 35  iters 10671854 (4775/s)  best: cx 0 tof 0
[2026-09-25 07:54:27] span_L5_s64_c1_z3_long   2245s  best 2999/4096  current 2999  kicks 35  iters 10719118 (4774/s)  best: cx 0 tof 0
[2026-09-25 07:54:42] span_L5_s64_c1_z3_long   2260s  best 2999/4096  current 2999  kicks 36  iters 10790985 (4775/s)  best: cx 0 tof 0
[2026-09-25 07:54:57] span_L5_s64_c1_z3_long   2275s  best 2999/4096  current 2999  kicks 36  iters 10862693 (4774/s)  best: cx 0 tof 0
[2026-09-25 07:55:12] span_L5_s64_c1_z3_long   2290s  best 2999/4096  current 2999  kicks 36  iters 10933002 (4774/s)  best: cx 0 tof 0
[2026-09-25 07:55:22] span_L5_s64_c1_z3_long   2300s  best 2999/4096  current 2999  kicks 36  iters 10980659 (4774/s)  best: cx 0 tof 0
[2026-09-25 07:55:32] span_L5_s64_c1_z3_long   2310s  best 2999/4096  current 2999  kicks 37  iters 11027937 (4774/s)  best: cx 0 tof 0
[2026-09-25 07:55:42] span_L5_s64_c1_z3_long   2320s  best 2999/4096  current 2999  kicks 37  iters 11074952 (4773/s)  best: cx 0 tof 0
[2026-09-25 07:55:57] span_L5_s64_c1_z3_long   2335s  best 2999/4096  current 2999  kicks 37  iters 11145430 (4773/s)  best: cx 0 tof 0
[2026-09-25 07:56:07] span_L5_s64_c1_z3_long   2345s  best 2999/4096  current 2999  kicks 37  iters 11193749 (4773/s)  best: cx 0 tof 0
[2026-09-25 07:56:22] span_L5_s64_c1_z3_long   2360s  best 2999/4096  current 2999  kicks 37  iters 11264816 (4773/s)  best: cx 0 tof 0
[2026-09-25 07:56:32] span_L5_s64_c1_z3_long   2370s  best 2999/4096  current 2999  kicks 37  iters 11312392 (4773/s)  best: cx 0 tof 0
[2026-09-25 07:56:47] span_L5_s64_c1_z3_long   2385s  best 2999/4096  current 2999  kicks 38  iters 11383565 (4773/s)  best: cx 0 tof 0
[2026-09-25 07:56:57] span_L5_s64_c1_z3_long   2395s  best 2999/4096  current 2999  kicks 38  iters 11431881 (4773/s)  best: cx 0 tof 0
[2026-09-25 07:57:12] span_L5_s64_c1_z3_long   2410s  best 2999/4096  current 2999  kicks 38  iters 11503960 (4773/s)  best: cx 0 tof 0
[2026-09-25 07:57:27] span_L5_s64_c1_z3_long   2425s  best 2999/4096  current 2999  kicks 38  iters 11574953 (4773/s)  best: cx 0 tof 0
[2026-09-25 07:57:37] span_L5_s64_c1_z3_long   2435s  best 2999/4096  current 2999  kicks 38  iters 11622566 (4773/s)  best: cx 0 tof 0
[2026-09-25 07:57:52] span_L5_s64_c1_z3_long   2450s  best 2999/4096  current 2999  kicks 39  iters 11694616 (4773/s)  best: cx 0 tof 0
[2026-09-25 07:58:02] span_L5_s64_c1_z3_long   2460s  best 2999/4096  current 2999  kicks 39  iters 11742797 (4773/s)  best: cx 0 tof 0
[2026-09-25 07:58:12] span_L5_s64_c1_z3_long   2470s  best 2999/4096  current 2999  kicks 39  iters 11790383 (4773/s)  best: cx 0 tof 0
[2026-09-25 07:58:27] span_L5_s64_c1_z3_long   2485s  best 2999/4096  current 2999  kicks 39  iters 11861949 (4773/s)  best: cx 0 tof 0
[2026-09-25 07:58:42] span_L5_s64_c1_z3_long   2500s  best 2999/4096  current 2999  kicks 39  iters 11933702 (4773/s)  best: cx 0 tof 0
[2026-09-25 07:58:52] span_L5_s64_c1_z3_long   2510s  best 2999/4096  current 2999  kicks 40  iters 11981069 (4773/s)  best: cx 0 tof 0
[2026-09-25 07:59:07] span_L5_s64_c1_z3_long   2525s  best 2999/4096  current 2999  kicks 40  iters 12051293 (4772/s)  best: cx 0 tof 0
[2026-09-25 07:59:22] span_L5_s64_c1_z3_long   2540s  best 2999/4096  current 2999  kicks 40  iters 12121263 (4772/s)  best: cx 0 tof 0
[2026-09-25 07:59:37] span_L5_s64_c1_z3_long   2555s  best 2999/4096  current 2999  kicks 40  iters 12192720 (4771/s)  best: cx 0 tof 0
[2026-09-25 07:59:52] span_L5_s64_c1_z3_long   2570s  best 2999/4096  current 2999  kicks 41  iters 12262843 (4771/s)  best: cx 0 tof 0
[2026-09-25 08:00:07] span_L5_s64_c1_z3_long   2585s  best 2999/4096  current 2999  kicks 41  iters 12333070 (4770/s)  best: cx 0 tof 0
[2026-09-25 08:00:22] span_L5_s64_c1_z3_long   2600s  best 2999/4096  current 2999  kicks 41  iters 12405361 (4771/s)  best: cx 0 tof 0
[2026-09-25 08:00:32] span_L5_s64_c1_z3_long   2610s  best 2999/4096  current 2999  kicks 41  iters 12453483 (4771/s)  best: cx 0 tof 0
[2026-09-25 08:00:42] span_L5_s64_c1_z3_long   2620s  best 2999/4096  current 2999  kicks 41  iters 12501003 (4771/s)  best: cx 0 tof 0
[2026-09-25 08:00:52] span_L5_s64_c1_z3_long   2630s  best 2999/4096  current 2999  kicks 42  iters 12549074 (4771/s)  best: cx 0 tof 0
[2026-09-25 08:01:07] span_L5_s64_c1_z3_long   2645s  best 2999/4096  current 2999  kicks 42  iters 12620053 (4770/s)  best: cx 0 tof 0
[2026-09-25 08:01:22] span_L5_s64_c1_z3_long   2660s  best 2999/4096  current 2999  kicks 42  iters 12690658 (4771/s)  best: cx 0 tof 0
[2026-09-25 08:01:37] span_L5_s64_c1_z3_long   2675s  best 2999/4096  current 2999  kicks 42  iters 12763194 (4771/s)  best: cx 0 tof 0
[2026-09-25 08:01:47] span_L5_s64_c1_z3_long   2685s  best 2999/4096  current 2999  kicks 42  iters 12810623 (4771/s)  best: cx 0 tof 0
[2026-09-25 08:02:02] span_L5_s64_c1_z3_long   2700s  best 2999/4096  current 2999  kicks 43  iters 12881546 (4770/s)  best: cx 0 tof 0
[2026-09-25 08:02:17] span_L5_s64_c1_z3_long   2715s  best 2999/4096  current 2999  kicks 43  iters 12951804 (4770/s)  best: cx 0 tof 0
[2026-09-25 08:02:32] span_L5_s64_c1_z3_long   2730s  best 2999/4096  current 2999  kicks 43  iters 13022394 (4769/s)  best: cx 0 tof 0
[2026-09-25 08:02:42] span_L5_s64_c1_z3_long   2740s  best 2999/4096  current 2999  kicks 43  iters 13069426 (4769/s)  best: cx 0 tof 0
[2026-09-25 08:02:57] span_L5_s64_c1_z3_long   2755s  best 2999/4096  current 2999  kicks 44  iters 13140540 (4770/s)  best: cx 0 tof 0
[2026-09-25 08:03:07] span_L5_s64_c1_z3_long   2765s  best 2999/4096  current 2999  kicks 44  iters 13191130 (4770/s)  best: cx 0 tof 0
[2026-09-25 08:03:17] span_L5_s64_c1_z3_long   2775s  best 2999/4096  current 2999  kicks 44  iters 13239297 (4770/s)  best: cx 0 tof 0
[2026-09-25 08:03:32] span_L5_s64_c1_z3_long   2790s  best 2999/4096  current 2999  kicks 44  iters 13311524 (4771/s)  best: cx 0 tof 0
[2026-09-25 08:03:42] span_L5_s64_c1_z3_long   2800s  best 2999/4096  current 2999  kicks 44  iters 13358976 (4770/s)  best: cx 0 tof 0
[2026-09-25 08:03:52] span_L5_s64_c1_z3_long   2810s  best 2999/4096  current 2999  kicks 44  iters 13406797 (4770/s)  best: cx 0 tof 0
[2026-09-25 08:04:02] span_L5_s64_c1_z3_long   2820s  best 2999/4096  current 2999  kicks 45  iters 13454083 (4770/s)  best: cx 0 tof 0
[2026-09-25 08:04:17] span_L5_s64_c1_z3_long   2835s  best 2999/4096  current 2999  kicks 45  iters 13526120 (4771/s)  best: cx 0 tof 0
[2026-09-25 08:04:32] span_L5_s64_c1_z3_long   2850s  best 2999/4096  current 2999  kicks 45  iters 13598914 (4771/s)  best: cx 0 tof 0
[2026-09-25 08:04:42] span_L5_s64_c1_z3_long   2860s  best 2999/4096  current 2999  kicks 45  iters 13648295 (4771/s)  best: cx 0 tof 0
[2026-09-25 08:04:53] span_L5_s64_c1_z3_long   2870s  best 2999/4096  current 2999  kicks 45  iters 13696441 (4771/s)  best: cx 0 tof 0
[2026-09-25 08:05:08] span_L5_s64_c1_z3_long   2885s  best 2999/4096  current 2999  kicks 46  iters 13767362 (4771/s)  best: cx 0 tof 0
[2026-09-25 08:05:22] span_L5_s64_c1_z3_long   2900s  best 2999/4096  current 2999  kicks 46  iters 13838407 (4771/s)  best: cx 0 tof 0
[2026-09-25 08:05:33] span_L5_s64_c1_z3_long   2910s  best 2999/4096  current 2999  kicks 46  iters 13885534 (4771/s)  best: cx 0 tof 0
[2026-09-25 08:05:43] span_L5_s64_c1_z3_long   2920s  best 2999/4096  current 2999  kicks 46  iters 13932271 (4770/s)  best: cx 0 tof 0
[2026-09-25 08:05:57] span_L5_s64_c1_z3_long   2935s  best 2999/4096  current 2999  kicks 46  iters 14003200 (4770/s)  best: cx 0 tof 0
[2026-09-25 08:06:08] span_L5_s64_c1_z3_long   2945s  best 2999/4096  current 2999  kicks 46  iters 14051152 (4770/s)  best: cx 0 tof 0
[2026-09-25 08:06:23] span_L5_s64_c1_z3_long   2960s  best 2999/4096  current 2999  kicks 47  iters 14122757 (4770/s)  best: cx 0 tof 0
[2026-09-25 08:06:37] span_L5_s64_c1_z3_long   2975s  best 2999/4096  current 2999  kicks 47  iters 14193004 (4770/s)  best: cx 0 tof 0
[2026-09-25 08:06:53] span_L5_s64_c1_z3_long   2990s  best 2999/4096  current 2999  kicks 47  iters 14265333 (4770/s)  best: cx 0 tof 0
[2026-09-25 08:07:07] span_L5_s64_c1_z3_long   3005s  best 2999/4096  current 2999  kicks 47  iters 14336539 (4770/s)  best: cx 0 tof 0
[2026-09-25 08:07:23] span_L5_s64_c1_z3_long   3020s  best 2999/4096  current 2999  kicks 48  iters 14409396 (4770/s)  best: cx 0 tof 0
[2026-09-25 08:07:33] span_L5_s64_c1_z3_long   3030s  best 2999/4096  current 2999  kicks 48  iters 14456558 (4770/s)  best: cx 0 tof 0
[2026-09-25 08:07:47] span_L5_s64_c1_z3_long   3045s  best 2999/4096  current 2999  kicks 48  iters 14526542 (4770/s)  best: cx 0 tof 0
[2026-09-25 08:07:58] span_L5_s64_c1_z3_long   3055s  best 2999/4096  current 2999  kicks 48  iters 14575330 (4770/s)  best: cx 0 tof 0
[2026-09-25 08:08:13] span_L5_s64_c1_z3_long   3070s  best 2999/4096  current 2999  kicks 48  iters 14647221 (4770/s)  best: cx 0 tof 0
[2026-09-25 08:08:28] span_L5_s64_c1_z3_long   3086s  best 2999/4096  current 2999  kicks 49  iters 14719743 (4770/s)  best: cx 0 tof 0
[2026-09-25 08:08:43] span_L5_s64_c1_z3_long   3100s  best 2999/4096  current 2999  kicks 49  iters 14789372 (4770/s)  best: cx 0 tof 0
[2026-09-25 08:08:53] span_L5_s64_c1_z3_long   3110s  best 2999/4096  current 2999  kicks 49  iters 14836008 (4769/s)  best: cx 0 tof 0
[2026-09-25 08:09:03] span_L5_s64_c1_z3_long   3120s  best 2999/4096  current 2999  kicks 49  iters 14882761 (4769/s)  best: cx 0 tof 0
[2026-09-25 08:09:17] span_L5_s64_c1_z3_long   3135s  best 2999/4096  current 2999  kicks 49  iters 14952128 (4769/s)  best: cx 0 tof 0
[2026-09-25 08:09:28] span_L5_s64_c1_z3_long   3145s  best 2999/4096  current 2999  kicks 50  iters 15001084 (4769/s)  best: cx 0 tof 0
[2026-09-25 08:09:38] span_L5_s64_c1_z3_long   3155s  best 2999/4096  current 2999  kicks 50  iters 15048891 (4769/s)  best: cx 0 tof 0
[2026-09-25 08:09:53] span_L5_s64_c1_z3_long   3170s  best 2999/4096  current 2999  kicks 50  iters 15119543 (4769/s)  best: cx 0 tof 0
[2026-09-25 08:10:03] span_L5_s64_c1_z3_long   3180s  best 2999/4096  current 2999  kicks 50  iters 15167691 (4769/s)  best: cx 0 tof 0
[2026-09-25 08:10:13] span_L5_s64_c1_z3_long   3190s  best 2999/4096  current 2999  kicks 50  iters 15215197 (4769/s)  best: cx 0 tof 0
[2026-09-25 08:10:28] span_L5_s64_c1_z3_long   3205s  best 2999/4096  current 2999  kicks 51  iters 15285891 (4768/s)  best: cx 0 tof 0
[2026-09-25 08:10:43] span_L5_s64_c1_z3_long   3220s  best 2999/4096  current 2999  kicks 51  iters 15357199 (4768/s)  best: cx 0 tof 0
[2026-09-25 08:10:53] span_L5_s64_c1_z3_long   3230s  best 2999/4096  current 2999  kicks 51  iters 15405249 (4768/s)  best: cx 0 tof 0
[2026-09-25 08:11:03] span_L5_s64_c1_z3_long   3240s  best 2999/4096  current 2999  kicks 51  iters 15453023 (4768/s)  best: cx 0 tof 0
[2026-09-25 08:11:18] span_L5_s64_c1_z3_long   3255s  best 2999/4096  current 2999  kicks 51  iters 15523368 (4768/s)  best: cx 0 tof 0
[2026-09-25 08:11:28] span_L5_s64_c1_z3_long   3265s  best 2999/4096  current 2999  kicks 52  iters 15570560 (4768/s)  best: cx 0 tof 0
[2026-09-25 08:11:43] span_L5_s64_c1_z3_long   3280s  best 2999/4096  current 2999  kicks 52  iters 15640973 (4768/s)  best: cx 0 tof 0
[2026-09-25 08:11:58] span_L5_s64_c1_z3_long   3295s  best 2999/4096  current 2999  kicks 52  iters 15713184 (4768/s)  best: cx 0 tof 0
[2026-09-25 08:12:08] span_L5_s64_c1_z3_long   3306s  best 2999/4096  current 2999  kicks 52  iters 15760344 (4767/s)  best: cx 0 tof 0
[2026-09-25 08:12:23] span_L5_s64_c1_z3_long   3321s  best 2999/4096  current 2999  kicks 52  iters 15830497 (4767/s)  best: cx 0 tof 0
[2026-09-25 08:12:38] span_L5_s64_c1_z3_long   3335s  best 2999/4096  current 2999  kicks 53  iters 15900059 (4767/s)  best: cx 0 tof 0
[2026-09-25 08:12:48] span_L5_s64_c1_z3_long   3345s  best 2999/4096  current 2999  kicks 53  iters 15947604 (4767/s)  best: cx 0 tof 0
[2026-09-25 08:13:03] span_L5_s64_c1_z3_long   3360s  best 2999/4096  current 2999  kicks 53  iters 16019468 (4767/s)  best: cx 0 tof 0
[2026-09-25 08:13:18] span_L5_s64_c1_z3_long   3375s  best 2999/4096  current 2999  kicks 53  iters 16090324 (4766/s)  best: cx 0 tof 0
[2026-09-25 08:13:28] span_L5_s64_c1_z3_long   3386s  best 2999/4096  current 2999  kicks 53  iters 16137895 (4766/s)  best: cx 0 tof 0
[2026-09-25 08:13:43] span_L5_s64_c1_z3_long   3400s  best 2999/4096  current 2999  kicks 54  iters 16209666 (4766/s)  best: cx 0 tof 0
[2026-09-25 08:13:53] span_L5_s64_c1_z3_long   3410s  best 2999/4096  current 2999  kicks 54  iters 16256809 (4766/s)  best: cx 0 tof 0
[2026-09-25 08:14:03] span_L5_s64_c1_z3_long   3420s  best 2999/4096  current 2999  kicks 54  iters 16304346 (4766/s)  best: cx 0 tof 0
[2026-09-25 08:14:18] span_L5_s64_c1_z3_long   3435s  best 2999/4096  current 2999  kicks 54  iters 16376054 (4766/s)  best: cx 0 tof 0
[2026-09-25 08:14:28] span_L5_s64_c1_z3_long   3445s  best 2999/4096  current 2999  kicks 54  iters 16424556 (4766/s)  best: cx 0 tof 0
[2026-09-25 08:14:43] span_L5_s64_c1_z3_long   3460s  best 2999/4096  current 2999  kicks 55  iters 16496021 (4767/s)  best: cx 0 tof 0
[2026-09-25 08:14:53] span_L5_s64_c1_z3_long   3470s  best 2999/4096  current 2999  kicks 55  iters 16543917 (4767/s)  best: cx 0 tof 0
[2026-09-25 08:15:03] span_L5_s64_c1_z3_long   3481s  best 2999/4096  current 2999  kicks 55  iters 16592029 (4766/s)  best: cx 0 tof 0
[2026-09-25 08:15:18] span_L5_s64_c1_z3_long   3495s  best 2999/4096  current 2999  kicks 55  iters 16662300 (4766/s)  best: cx 0 tof 0
[2026-09-25 08:15:28] span_L5_s64_c1_z3_long   3506s  best 2999/4096  current 2999  kicks 55  iters 16710347 (4766/s)  best: cx 0 tof 0
[2026-09-25 08:15:43] span_L5_s64_c1_z3_long   3520s  best 2999/4096  current 2999  kicks 56  iters 16781098 (4766/s)  best: cx 0 tof 0
[2026-09-25 08:15:58] span_L5_s64_c1_z3_long   3535s  best 2999/4096  current 2999  kicks 56  iters 16854079 (4767/s)  best: cx 0 tof 0
[2026-09-25 08:16:13] span_L5_s64_c1_z3_long   3551s  best 2999/4096  current 2999  kicks 56  iters 16926503 (4767/s)  best: cx 0 tof 0
[2026-09-25 08:16:28] span_L5_s64_c1_z3_long   3566s  best 2999/4096  current 2999  kicks 56  iters 16999272 (4767/s)  best: cx 0 tof 0
[2026-09-25 08:16:43] span_L5_s64_c1_z3_long   3581s  best 2999/4096  current 2999  kicks 57  iters 17070564 (4767/s)  best: cx 0 tof 0
[2026-09-25 08:16:53] span_L5_s64_c1_z3_long   3591s  best 2999/4096  current 2999  kicks 57  iters 17117783 (4767/s)  best: cx 0 tof 0
[2026-09-25 08:17:08] span_L5_s64_c1_z3_long   3605s  best 2999/4096  current 2999  kicks 57  iters 17189088 (4767/s)  best: cx 0 tof 0
[2026-09-25 08:17:23] span_L5_s64_c1_z3_long   3621s  best 2999/4096  current 2999  kicks 57  iters 17261046 (4767/s)  best: cx 0 tof 0
[2026-09-25 08:17:33] span_L5_s64_c1_z3_long   3631s  best 2999/4096  current 2999  kicks 57  iters 17309626 (4767/s)  best: cx 0 tof 0
[2026-09-25 08:17:48] span_L5_s64_c1_z3_long   3646s  best 2999/4096  current 2999  kicks 58  iters 17380232 (4767/s)  best: cx 0 tof 0
[2026-09-25 08:18:03] span_L5_s64_c1_z3_long   3660s  best 2999/4096  current 2999  kicks 58  iters 17451394 (4767/s)  best: cx 0 tof 0
[2026-09-25 08:18:13] span_L5_s64_c1_z3_long   3671s  best 2999/4096  current 2999  kicks 58  iters 17499743 (4767/s)  best: cx 0 tof 0
[2026-09-25 08:18:28] span_L5_s64_c1_z3_long   3686s  best 2999/4096  current 2999  kicks 58  iters 17571486 (4767/s)  best: cx 0 tof 0
[2026-09-25 08:18:43] span_L5_s64_c1_z3_long   3700s  best 2999/4096  current 2999  kicks 59  iters 17640877 (4767/s)  best: cx 0 tof 0
[2026-09-25 08:18:53] span_L5_s64_c1_z3_long   3711s  best 2999/4096  current 2999  kicks 59  iters 17690000 (4767/s)  best: cx 0 tof 0
[2026-09-25 08:19:08] span_L5_s64_c1_z3_long   3726s  best 2999/4096  current 2999  kicks 59  iters 17762552 (4767/s)  best: cx 0 tof 0
[2026-09-25 08:19:23] span_L5_s64_c1_z3_long   3741s  best 2999/4096  current 2999  kicks 59  iters 17834564 (4767/s)  best: cx 0 tof 0
[2026-09-25 08:19:33] span_L5_s64_c1_z3_long   3751s  best 2999/4096  current 2999  kicks 59  iters 17882719 (4767/s)  best: cx 0 tof 0
[2026-09-25 08:19:48] span_L5_s64_c1_z3_long   3766s  best 2999/4096  current 2999  kicks 60  iters 17953911 (4767/s)  best: cx 0 tof 0
[2026-09-25 08:20:03] span_L5_s64_c1_z3_long   3781s  best 2999/4096  current 2999  kicks 60  iters 18024894 (4767/s)  best: cx 0 tof 0
[2026-09-25 08:20:18] span_L5_s64_c1_z3_long   3796s  best 2999/4096  current 2999  kicks 60  iters 18096232 (4767/s)  best: cx 0 tof 0
[2026-09-25 08:20:28] span_L5_s64_c1_z3_long   3806s  best 2999/4096  current 2999  kicks 60  iters 18143970 (4767/s)  best: cx 0 tof 0
[2026-09-25 08:20:38] span_L5_s64_c1_z3_long   3816s  best 2999/4096  current 2999  kicks 60  iters 18190691 (4767/s)  best: cx 0 tof 0
[2026-09-25 08:20:53] span_L5_s64_c1_z3_long   3831s  best 2999/4096  current 2999  kicks 61  iters 18261232 (4766/s)  best: cx 0 tof 0
[2026-09-25 08:21:08] span_L5_s64_c1_z3_long   3846s  best 2999/4096  current 2999  kicks 61  iters 18332206 (4766/s)  best: cx 0 tof 0
[2026-09-25 08:21:23] span_L5_s64_c1_z3_long   3861s  best 2999/4096  current 2999  kicks 61  iters 18404041 (4766/s)  best: cx 0 tof 0
[2026-09-25 08:21:38] span_L5_s64_c1_z3_long   3876s  best 2999/4096  current 2999  kicks 61  iters 18474320 (4766/s)  best: cx 0 tof 0
[2026-09-25 08:21:53] span_L5_s64_c1_z3_long   3891s  best 2999/4096  current 2999  kicks 62  iters 18547059 (4767/s)  best: cx 0 tof 0
[2026-09-25 08:22:03] span_L5_s64_c1_z3_long   3901s  best 2999/4096  current 2999  kicks 62  iters 18595618 (4767/s)  best: cx 0 tof 0
[2026-09-25 08:22:18] span_L5_s64_c1_z3_long   3916s  best 2999/4096  current 2999  kicks 62  iters 18667410 (4767/s)  best: cx 0 tof 0
[2026-09-25 08:22:28] span_L5_s64_c1_z3_long   3926s  best 2999/4096  current 2999  kicks 62  iters 18715505 (4767/s)  best: cx 0 tof 0
[2026-09-25 08:22:38] span_L5_s64_c1_z3_long   3936s  best 2999/4096  current 2999  kicks 62  iters 18762885 (4767/s)  best: cx 0 tof 0
[2026-09-25 08:22:53] span_L5_s64_c1_z3_long   3951s  best 2999/4096  current 2999  kicks 62  iters 18834515 (4767/s)  best: cx 0 tof 0
[2026-09-25 08:23:08] span_L5_s64_c1_z3_long   3966s  best 2999/4096  current 2999  kicks 63  iters 18906433 (4767/s)  best: cx 0 tof 0
[2026-09-25 08:23:23] span_L5_s64_c1_z3_long   3981s  best 2999/4096  current 2999  kicks 63  iters 18978289 (4767/s)  best: cx 0 tof 0
[2026-09-25 08:23:38] span_L5_s64_c1_z3_long   3996s  best 2999/4096  current 2999  kicks 63  iters 19050269 (4767/s)  best: cx 0 tof 0
[2026-09-25 08:23:48] span_L5_s64_c1_z3_long   4006s  best 2999/4096  current 2999  kicks 63  iters 19098795 (4767/s)  best: cx 0 tof 0
[2026-09-25 08:23:58] span_L5_s64_c1_z3_long   4016s  best 2999/4096  current 2999  kicks 63  iters 19147104 (4767/s)  best: cx 0 tof 0
[2026-09-25 08:24:08] span_L5_s64_c1_z3_long   4026s  best 2999/4096  current 2999  kicks 64  iters 19194325 (4767/s)  best: cx 0 tof 0
[2026-09-25 08:24:23] span_L5_s64_c1_z3_long   4041s  best 2999/4096  current 2999  kicks 64  iters 19265769 (4767/s)  best: cx 0 tof 0
[2026-09-25 08:24:33] span_L5_s64_c1_z3_long   4051s  best 2999/4096  current 2999  kicks 64  iters 19313569 (4767/s)  best: cx 0 tof 0
[2026-09-25 08:24:43] span_L5_s64_c1_z3_long   4061s  best 2999/4096  current 2999  kicks 64  iters 19360052 (4767/s)  best: cx 0 tof 0
[2026-09-25 08:24:58] span_L5_s64_c1_z3_long   4076s  best 2999/4096  current 2999  kicks 64  iters 19430434 (4767/s)  best: cx 0 tof 0
[2026-09-25 08:25:08] span_L5_s64_c1_z3_long   4086s  best 2999/4096  current 2999  kicks 65  iters 19478257 (4767/s)  best: cx 0 tof 0
[2026-09-25 08:25:23] span_L5_s64_c1_z3_long   4101s  best 2999/4096  current 2999  kicks 65  iters 19549094 (4767/s)  best: cx 0 tof 0
[2026-09-25 08:25:38] span_L5_s64_c1_z3_long   4116s  best 2999/4096  current 2999  kicks 65  iters 19620917 (4767/s)  best: cx 0 tof 0
[2026-09-25 08:25:53] span_L5_s64_c1_z3_long   4131s  best 2999/4096  current 2999  kicks 65  iters 19694144 (4767/s)  best: cx 0 tof 0
[2026-09-25 08:26:08] span_L5_s64_c1_z3_long   4146s  best 2999/4096  current 2999  kicks 65  iters 19765613 (4767/s)  best: cx 0 tof 0
[2026-09-25 08:26:23] span_L5_s64_c1_z3_long   4161s  best 2999/4096  current 2999  kicks 66  iters 19837752 (4767/s)  best: cx 0 tof 0
[2026-09-25 08:26:38] span_L5_s64_c1_z3_long   4176s  best 2999/4096  current 2999  kicks 66  iters 19909797 (4767/s)  best: cx 0 tof 0
[2026-09-25 08:26:48] span_L5_s64_c1_z3_long   4186s  best 2999/4096  current 2999  kicks 66  iters 19957950 (4767/s)  best: cx 0 tof 0
[2026-09-25 08:27:03] span_L5_s64_c1_z3_long   4201s  best 2999/4096  current 2999  kicks 66  iters 20028352 (4767/s)  best: cx 0 tof 0
[2026-09-25 08:27:18] span_L5_s64_c1_z3_long   4216s  best 2999/4096  current 2999  kicks 67  iters 20101364 (4768/s)  best: cx 0 tof 0
[2026-09-25 08:27:28] span_L5_s64_c1_z3_long   4226s  best 2999/4096  current 2999  kicks 67  iters 20149746 (4768/s)  best: cx 0 tof 0
[2026-09-25 08:27:38] span_L5_s64_c1_z3_long   4236s  best 2999/4096  current 2999  kicks 67  iters 20197707 (4768/s)  best: cx 0 tof 0
[2026-09-25 08:27:53] span_L5_s64_c1_z3_long   4251s  best 2999/4096  current 2999  kicks 67  iters 20269736 (4768/s)  best: cx 0 tof 0
[2026-09-25 08:28:03] span_L5_s64_c1_z3_long   4261s  best 2999/4096  current 2999  kicks 67  iters 20316587 (4768/s)  best: cx 0 tof 0
[2026-09-25 08:28:18] span_L5_s64_c1_z3_long   4276s  best 2999/4096  current 2999  kicks 68  iters 20388988 (4768/s)  best: cx 0 tof 0
[2026-09-25 08:28:28] span_L5_s64_c1_z3_long   4286s  best 2999/4096  current 2999  kicks 68  iters 20437426 (4768/s)  best: cx 0 tof 0
[2026-09-25 08:28:43] span_L5_s64_c1_z3_long   4301s  best 2999/4096  current 2999  kicks 68  iters 20509172 (4768/s)  best: cx 0 tof 0
[2026-09-25 08:28:53] span_L5_s64_c1_z3_long   4311s  best 2999/4096  current 2999  kicks 68  iters 20557804 (4768/s)  best: cx 0 tof 0
[2026-09-25 08:29:03] span_L5_s64_c1_z3_long   4321s  best 2999/4096  current 2999  kicks 68  iters 20606402 (4768/s)  best: cx 0 tof 0
[2026-09-25 08:29:18] span_L5_s64_c1_z3_long   4336s  best 2999/4096  current 2999  kicks 69  iters 20677530 (4769/s)  best: cx 0 tof 0
[2026-09-25 08:29:28] span_L5_s64_c1_z3_long   4346s  best 2999/4096  current 2999  kicks 69  iters 20725698 (4768/s)  best: cx 0 tof 0
[2026-09-25 08:29:38] span_L5_s64_c1_z3_long   4356s  best 2999/4096  current 2999  kicks 69  iters 20772697 (4768/s)  best: cx 0 tof 0
[2026-09-25 08:29:53] span_L5_s64_c1_z3_long   4371s  best 2999/4096  current 2999  kicks 69  iters 20845393 (4769/s)  best: cx 0 tof 0
[2026-09-25 08:30:08] span_L5_s64_c1_z3_long   4386s  best 2999/4096  current 2999  kicks 69  iters 20918306 (4769/s)  best: cx 0 tof 0
[2026-09-25 08:30:18] span_L5_s64_c1_z3_long   4396s  best 2999/4096  current 2999  kicks 70  iters 20965556 (4769/s)  best: cx 0 tof 0
[2026-09-25 08:30:33] span_L5_s64_c1_z3_long   4411s  best 2999/4096  current 2999  kicks 70  iters 21036101 (4768/s)  best: cx 0 tof 0
[2026-09-25 08:30:48] span_L5_s64_c1_z3_long   4426s  best 2999/4096  current 2999  kicks 70  iters 21107108 (4768/s)  best: cx 0 tof 0
[2026-09-25 08:31:03] span_L5_s64_c1_z3_long   4441s  best 2999/4096  current 2999  kicks 70  iters 21177162 (4768/s)  best: cx 0 tof 0
[2026-09-25 08:31:13] span_L5_s64_c1_z3_long   4451s  best 2999/4096  current 2999  kicks 70  iters 21225056 (4768/s)  best: cx 0 tof 0
[2026-09-25 08:31:28] span_L5_s64_c1_z3_long   4466s  best 2999/4096  current 2999  kicks 71  iters 21296868 (4768/s)  best: cx 0 tof 0
[2026-09-25 08:31:43] span_L5_s64_c1_z3_long   4481s  best 2999/4096  current 2999  kicks 71  iters 21368923 (4769/s)  best: cx 0 tof 0
[2026-09-25 08:31:53] span_L5_s64_c1_z3_long   4491s  best 2999/4096  current 2999  kicks 71  iters 21418291 (4769/s)  best: cx 0 tof 0
[2026-09-25 08:32:03] span_L5_s64_c1_z3_long   4501s  best 2999/4096  current 2999  kicks 71  iters 21467092 (4769/s)  best: cx 0 tof 0
[2026-09-25 08:32:13] span_L5_s64_c1_z3_long   4511s  best 2999/4096  current 2999  kicks 71  iters 21515492 (4769/s)  best: cx 0 tof 0
[2026-09-25 08:32:23] span_L5_s64_c1_z3_long   4521s  best 2999/4096  current 2999  kicks 71  iters 21564320 (4769/s)  best: cx 0 tof 0
[2026-09-25 08:32:33] span_L5_s64_c1_z3_long   4531s  best 2999/4096  current 2999  kicks 72  iters 21612304 (4769/s)  best: cx 0 tof 0
[2026-09-25 08:32:48] span_L5_s64_c1_z3_long   4546s  best 2999/4096  current 2999  kicks 72  iters 21685347 (4770/s)  best: cx 0 tof 0
[2026-09-25 08:32:58] span_L5_s64_c1_z3_long   4556s  best 2999/4096  current 2999  kicks 72  iters 21732057 (4769/s)  best: cx 0 tof 0
[2026-09-25 08:33:13] span_L5_s64_c1_z3_long   4571s  best 2999/4096  current 2999  kicks 72  iters 21801961 (4769/s)  best: cx 0 tof 0
[2026-09-25 08:33:24] span_L5_s64_c1_z3_long   4581s  best 2999/4096  current 2999  kicks 72  iters 21849893 (4769/s)  best: cx 0 tof 0
[2026-09-25 08:33:38] span_L5_s64_c1_z3_long   4596s  best 2999/4096  current 2999  kicks 73  iters 21919993 (4769/s)  best: cx 0 tof 0
[2026-09-25 08:33:53] span_L5_s64_c1_z3_long   4611s  best 2999/4096  current 2999  kicks 73  iters 21989810 (4768/s)  best: cx 0 tof 0
[2026-09-25 08:34:08] span_L5_s64_c1_z3_long   4626s  best 2999/4096  current 2999  kicks 73  iters 22058478 (4768/s)  best: cx 0 tof 0
[2026-09-25 08:34:18] span_L5_s64_c1_z3_long   4636s  best 2999/4096  current 2999  kicks 73  iters 22104244 (4767/s)  best: cx 0 tof 0
[2026-09-25 08:34:33] span_L5_s64_c1_z3_long   4651s  best 2999/4096  current 2999  kicks 74  iters 22175748 (4768/s)  best: cx 0 tof 0
[2026-09-25 08:34:43] span_L5_s64_c1_z3_long   4661s  best 2999/4096  current 2999  kicks 74  iters 22224085 (4768/s)  best: cx 0 tof 0
[2026-09-25 08:34:53] span_L5_s64_c1_z3_long   4671s  best 2999/4096  current 2999  kicks 74  iters 22271280 (4767/s)  best: cx 0 tof 0
[2026-09-25 08:35:08] span_L5_s64_c1_z3_long   4686s  best 2999/4096  current 2999  kicks 74  iters 22343624 (4768/s)  best: cx 0 tof 0
[2026-09-25 08:35:23] span_L5_s64_c1_z3_long   4701s  best 2999/4096  current 2999  kicks 74  iters 22415274 (4768/s)  best: cx 0 tof 0
[2026-09-25 08:35:33] span_L5_s64_c1_z3_long   4711s  best 2999/4096  current 2999  kicks 75  iters 22463528 (4768/s)  best: cx 0 tof 0
[2026-09-25 08:35:48] span_L5_s64_c1_z3_long   4726s  best 2999/4096  current 2999  kicks 75  iters 22534627 (4768/s)  best: cx 0 tof 0
[2026-09-25 08:36:03] span_L5_s64_c1_z3_long   4741s  best 2999/4096  current 2999  kicks 75  iters 22605374 (4768/s)  best: cx 0 tof 0
[2026-09-25 08:36:13] span_L5_s64_c1_z3_long   4751s  best 2999/4096  current 2999  kicks 75  iters 22652370 (4767/s)  best: cx 0 tof 0
[2026-09-25 08:36:28] span_L5_s64_c1_z3_long   4766s  best 2999/4096  current 2999  kicks 75  iters 22724807 (4768/s)  best: cx 0 tof 0
[2026-09-25 08:36:38] span_L5_s64_c1_z3_long   4776s  best 2999/4096  current 2999  kicks 76  iters 22772397 (4768/s)  best: cx 0 tof 0
[2026-09-25 08:36:48] span_L5_s64_c1_z3_long   4786s  best 2999/4096  current 2999  kicks 76  iters 22819489 (4767/s)  best: cx 0 tof 0
[2026-09-25 08:37:04] span_L5_s64_c1_z3_long   4801s  best 2999/4096  current 2999  kicks 76  iters 22890519 (4767/s)  best: cx 0 tof 0
[2026-09-25 08:37:19] span_L5_s64_c1_z3_long   4816s  best 2999/4096  current 2999  kicks 76  iters 22960870 (4767/s)  best: cx 0 tof 0
[2026-09-25 08:37:33] span_L5_s64_c1_z3_long   4831s  best 2999/4096  current 2999  kicks 76  iters 23032154 (4767/s)  best: cx 0 tof 0
[2026-09-25 08:37:48] span_L5_s64_c1_z3_long   4846s  best 2999/4096  current 2999  kicks 77  iters 23103477 (4767/s)  best: cx 0 tof 0
[2026-09-25 08:37:58] span_L5_s64_c1_z3_long   4856s  best 2999/4096  current 2999  kicks 77  iters 23152119 (4767/s)  best: cx 0 tof 0
[2026-09-25 08:38:08] span_L5_s64_c1_z3_long   4866s  best 2999/4096  current 2999  kicks 77  iters 23199789 (4767/s)  best: cx 0 tof 0
[2026-09-25 08:38:18] span_L5_s64_c1_z3_long   4876s  best 2999/4096  current 2999  kicks 77  iters 23247925 (4767/s)  best: cx 0 tof 0
[2026-09-25 08:38:33] span_L5_s64_c1_z3_long   4891s  best 2999/4096  current 2999  kicks 77  iters 23319791 (4767/s)  best: cx 0 tof 0
[2026-09-25 08:38:43] span_L5_s64_c1_z3_long   4901s  best 2999/4096  current 2999  kicks 78  iters 23368016 (4767/s)  best: cx 0 tof 0
[2026-09-25 08:38:58] span_L5_s64_c1_z3_long   4916s  best 2999/4096  current 2999  kicks 78  iters 23439904 (4767/s)  best: cx 0 tof 0
[2026-09-25 08:39:09] span_L5_s64_c1_z3_long   4926s  best 2999/4096  current 2999  kicks 78  iters 23487248 (4767/s)  best: cx 0 tof 0
[2026-09-25 08:39:23] span_L5_s64_c1_z3_long   4941s  best 2999/4096  current 2999  kicks 78  iters 23557876 (4767/s)  best: cx 0 tof 0
[2026-09-25 08:39:38] span_L5_s64_c1_z3_long   4956s  best 2999/4096  current 2999  kicks 78  iters 23628210 (4767/s)  best: cx 0 tof 0
[2026-09-25 08:39:48] span_L5_s64_c1_z3_long   4966s  best 2999/4096  current 2999  kicks 79  iters 23676177 (4767/s)  best: cx 0 tof 0
[2026-09-25 08:39:58] span_L5_s64_c1_z3_long   4976s  best 2999/4096  current 2999  kicks 79  iters 23723118 (4767/s)  best: cx 0 tof 0
[2026-09-25 08:40:09] span_L5_s64_c1_z3_long   4986s  best 2999/4096  current 2999  kicks 79  iters 23770322 (4767/s)  best: cx 0 tof 0
[2026-09-25 08:40:24] span_L5_s64_c1_z3_long   5001s  best 2999/4096  current 2999  kicks 79  iters 23840966 (4766/s)  best: cx 0 tof 0
[2026-09-25 08:40:34] span_L5_s64_c1_z3_long   5011s  best 2999/4096  current 2999  kicks 79  iters 23888582 (4766/s)  best: cx 0 tof 0
[2026-09-25 08:40:48] span_L5_s64_c1_z3_long   5026s  best 2999/4096  current 2999  kicks 80  iters 23958797 (4766/s)  best: cx 0 tof 0
[2026-09-25 08:41:04] span_L5_s64_c1_z3_long   5041s  best 2999/4096  current 2999  kicks 80  iters 24030696 (4766/s)  best: cx 0 tof 0
[2026-09-25 08:41:18] span_L5_s64_c1_z3_long   5056s  best 2999/4096  current 2999  kicks 80  iters 24101991 (4766/s)  best: cx 0 tof 0
[2026-09-25 08:41:34] span_L5_s64_c1_z3_long   5071s  best 2999/4096  current 2999  kicks 80  iters 24176047 (4767/s)  best: cx 0 tof 0
[2026-09-25 08:41:48] span_L5_s64_c1_z3_long   5086s  best 2999/4096  current 2999  kicks 80  iters 24248902 (4767/s)  best: cx 0 tof 0
[2026-09-25 08:41:58] span_L5_s64_c1_z3_long   5096s  best 2999/4096  current 2999  kicks 81  iters 24296827 (4767/s)  best: cx 0 tof 0
[2026-09-25 08:42:09] span_L5_s64_c1_z3_long   5106s  best 2999/4096  current 2999  kicks 81  iters 24344116 (4767/s)  best: cx 0 tof 0
[2026-09-25 08:42:24] span_L5_s64_c1_z3_long   5121s  best 2999/4096  current 2999  kicks 81  iters 24415248 (4767/s)  best: cx 0 tof 0
[2026-09-25 08:42:34] span_L5_s64_c1_z3_long   5131s  best 2999/4096  current 2999  kicks 81  iters 24462302 (4767/s)  best: cx 0 tof 0
[2026-09-25 08:42:48] span_L5_s64_c1_z3_long   5146s  best 2999/4096  current 2999  kicks 81  iters 24534796 (4767/s)  best: cx 0 tof 0
[2026-09-25 08:42:58] span_L5_s64_c1_z3_long   5156s  best 2999/4096  current 2999  kicks 82  iters 24583711 (4767/s)  best: cx 0 tof 0
[2026-09-25 08:43:09] span_L5_s64_c1_z3_long   5166s  best 2999/4096  current 2999  kicks 82  iters 24632318 (4767/s)  best: cx 0 tof 0
[2026-09-25 08:43:23] span_L5_s64_c1_z3_long   5181s  best 2999/4096  current 2999  kicks 82  iters 24702919 (4767/s)  best: cx 0 tof 0
[2026-09-25 08:43:34] span_L5_s64_c1_z3_long   5191s  best 2999/4096  current 2999  kicks 82  iters 24751567 (4767/s)  best: cx 0 tof 0
[2026-09-25 08:43:44] span_L5_s64_c1_z3_long   5201s  best 2999/4096  current 2999  kicks 82  iters 24798827 (4767/s)  best: cx 0 tof 0
[2026-09-25 08:43:58] span_L5_s64_c1_z3_long   5216s  best 2999/4096  current 2999  kicks 83  iters 24869202 (4767/s)  best: cx 0 tof 0
[2026-09-25 08:44:09] span_L5_s64_c1_z3_long   5226s  best 2999/4096  current 2999  kicks 83  iters 24916133 (4767/s)  best: cx 0 tof 0
[2026-09-25 08:44:24] span_L5_s64_c1_z3_long   5241s  best 2999/4096  current 2999  kicks 83  iters 24987493 (4767/s)  best: cx 0 tof 0
[2026-09-25 08:44:38] span_L5_s64_c1_z3_long   5256s  best 2999/4096  current 2999  kicks 83  iters 25060210 (4767/s)  best: cx 0 tof 0
[2026-09-25 08:44:49] span_L5_s64_c1_z3_long   5266s  best 2999/4096  current 2999  kicks 83  iters 25108264 (4767/s)  best: cx 0 tof 0
[2026-09-25 08:45:03] span_L5_s64_c1_z3_long   5281s  best 2999/4096  current 2999  kicks 84  iters 25180979 (4768/s)  best: cx 0 tof 0
[2026-09-25 08:45:13] span_L5_s64_c1_z3_long   5291s  best 2999/4096  current 2999  kicks 84  iters 25229363 (4768/s)  best: cx 0 tof 0
[2026-09-25 08:45:24] span_L5_s64_c1_z3_long   5301s  best 2999/4096  current 2999  kicks 84  iters 25277816 (4768/s)  best: cx 0 tof 0
[2026-09-25 08:45:39] span_L5_s64_c1_z3_long   5316s  best 2999/4096  current 2999  kicks 84  iters 25349203 (4768/s)  best: cx 0 tof 0
[2026-09-25 08:45:53] span_L5_s64_c1_z3_long   5331s  best 2999/4096  current 2999  kicks 84  iters 25420688 (4768/s)  best: cx 0 tof 0
[2026-09-25 08:46:04] span_L5_s64_c1_z3_long   5341s  best 2999/4096  current 2999  kicks 85  iters 25469607 (4768/s)  best: cx 0 tof 0
[2026-09-25 08:46:19] span_L5_s64_c1_z3_long   5356s  best 2999/4096  current 2999  kicks 85  iters 25541476 (4768/s)  best: cx 0 tof 0
[2026-09-25 08:46:29] span_L5_s64_c1_z3_long   5366s  best 2999/4096  current 2999  kicks 85  iters 25588382 (4768/s)  best: cx 0 tof 0
[2026-09-25 08:46:44] span_L5_s64_c1_z3_long   5381s  best 2999/4096  current 2999  kicks 85  iters 25659133 (4768/s)  best: cx 0 tof 0
[2026-09-25 08:46:59] span_L5_s64_c1_z3_long   5396s  best 2999/4096  current 2999  kicks 85  iters 25730017 (4767/s)  best: cx 0 tof 0
[2026-09-25 08:47:14] span_L5_s64_c1_z3_long   5411s  best 2999/4096  current 2999  kicks 86  iters 25801117 (4767/s)  best: cx 0 tof 0
[2026-09-25 08:47:29] span_L5_s64_c1_z3_long   5426s  best 2999/4096  current 2999  kicks 86  iters 25872804 (4767/s)  best: cx 0 tof 0
[2026-09-25 08:47:44] span_L5_s64_c1_z3_long   5442s  best 2999/4096  current 2999  kicks 86  iters 25944388 (4767/s)  best: cx 0 tof 0
[2026-09-25 08:47:59] span_L5_s64_c1_z3_long   5456s  best 2999/4096  current 2999  kicks 86  iters 26016033 (4768/s)  best: cx 0 tof 0
[2026-09-25 08:48:09] span_L5_s64_c1_z3_long   5466s  best 2999/4096  current 2999  kicks 87  iters 26063353 (4767/s)  best: cx 0 tof 0
[2026-09-25 08:48:24] span_L5_s64_c1_z3_long   5481s  best 2999/4096  current 2999  kicks 87  iters 26136042 (4768/s)  best: cx 0 tof 0
[2026-09-25 08:48:34] span_L5_s64_c1_z3_long   5491s  best 2999/4096  current 2999  kicks 87  iters 26183875 (4768/s)  best: cx 0 tof 0
[2026-09-25 08:48:49] span_L5_s64_c1_z3_long   5506s  best 2999/4096  current 2999  kicks 87  iters 26256215 (4768/s)  best: cx 0 tof 0
[2026-09-25 08:49:04] span_L5_s64_c1_z3_long   5521s  best 2999/4096  current 2999  kicks 87  iters 26329048 (4768/s)  best: cx 0 tof 0
[2026-09-25 08:49:19] span_L5_s64_c1_z3_long   5536s  best 2999/4096  current 2999  kicks 88  iters 26400446 (4768/s)  best: cx 0 tof 0
[2026-09-25 08:49:29] span_L5_s64_c1_z3_long   5547s  best 2999/4096  current 2999  kicks 88  iters 26448504 (4768/s)  best: cx 0 tof 0
[2026-09-25 08:49:44] span_L5_s64_c1_z3_long   5561s  best 2999/4096  current 2999  kicks 88  iters 26518969 (4768/s)  best: cx 0 tof 0
[2026-09-25 08:49:59] span_L5_s64_c1_z3_long   5576s  best 2999/4096  current 2999  kicks 88  iters 26590701 (4768/s)  best: cx 0 tof 0
[2026-09-25 08:50:09] span_L5_s64_c1_z3_long   5587s  best 2999/4096  current 2999  kicks 88  iters 26637930 (4768/s)  best: cx 0 tof 0
[2026-09-25 08:50:24] span_L5_s64_c1_z3_long   5601s  best 2999/4096  current 2999  kicks 89  iters 26708947 (4768/s)  best: cx 0 tof 0
[2026-09-25 08:50:39] span_L5_s64_c1_z3_long   5616s  best 2999/4096  current 2999  kicks 89  iters 26780970 (4768/s)  best: cx 0 tof 0
[2026-09-25 08:50:54] span_L5_s64_c1_z3_long   5631s  best 2999/4096  current 2999  kicks 89  iters 26853406 (4768/s)  best: cx 0 tof 0
[2026-09-25 08:51:04] span_L5_s64_c1_z3_long   5641s  best 2999/4096  current 2999  kicks 89  iters 26902004 (4768/s)  best: cx 0 tof 0
[2026-09-25 08:51:18] span_L5_s64_c1_z3_long   5656s  best 2999/4096  current 2999  kicks 90  iters 26975092 (4769/s)  best: cx 0 tof 0
[2026-09-25 08:51:29] span_L5_s64_c1_z3_long   5666s  best 2999/4096  current 2999  kicks 90  iters 27023539 (4769/s)  best: cx 0 tof 0
[2026-09-25 08:51:44] span_L5_s64_c1_z3_long   5681s  best 2999/4096  current 2999  kicks 90  iters 27096144 (4769/s)  best: cx 0 tof 0
[2026-09-25 08:51:54] span_L5_s64_c1_z3_long   5691s  best 2999/4096  current 2999  kicks 90  iters 27145011 (4769/s)  best: cx 0 tof 0
[2026-09-25 08:52:04] span_L5_s64_c1_z3_long   5702s  best 2999/4096  current 2999  kicks 90  iters 27193222 (4769/s)  best: cx 0 tof 0
[2026-09-25 08:52:19] span_L5_s64_c1_z3_long   5717s  best 2999/4096  current 2999  kicks 91  iters 27264857 (4769/s)  best: cx 0 tof 0
[2026-09-25 08:52:34] span_L5_s64_c1_z3_long   5731s  best 2999/4096  current 2999  kicks 91  iters 27334174 (4769/s)  best: cx 0 tof 0
[2026-09-25 08:52:44] span_L5_s64_c1_z3_long   5741s  best 2999/4096  current 2999  kicks 91  iters 27381650 (4769/s)  best: cx 0 tof 0
[2026-09-25 08:52:54] span_L5_s64_c1_z3_long   5752s  best 2999/4096  current 2999  kicks 91  iters 27429874 (4769/s)  best: cx 0 tof 0
[2026-09-25 08:53:09] span_L5_s64_c1_z3_long   5766s  best 2999/4096  current 2999  kicks 91  iters 27500090 (4768/s)  best: cx 0 tof 0
[2026-09-25 08:53:24] span_L5_s64_c1_z3_long   5781s  best 2999/4096  current 2999  kicks 92  iters 27572024 (4769/s)  best: cx 0 tof 0
[2026-09-25 08:53:34] span_L5_s64_c1_z3_long   5791s  best 2999/4096  current 2999  kicks 92  iters 27620369 (4769/s)  best: cx 0 tof 0
[2026-09-25 08:53:49] span_L5_s64_c1_z3_long   5806s  best 2999/4096  current 2999  kicks 92  iters 27692517 (4769/s)  best: cx 0 tof 0
[2026-09-25 08:53:59] span_L5_s64_c1_z3_long   5816s  best 2999/4096  current 2999  kicks 92  iters 27741438 (4769/s)  best: cx 0 tof 0
[2026-09-25 08:54:09] span_L5_s64_c1_z3_long   5827s  best 2999/4096  current 2999  kicks 92  iters 27789784 (4769/s)  best: cx 0 tof 0
[2026-09-25 08:54:24] span_L5_s64_c1_z3_long   5842s  best 2999/4096  current 2999  kicks 93  iters 27861103 (4769/s)  best: cx 0 tof 0
[2026-09-25 08:54:39] span_L5_s64_c1_z3_long   5857s  best 2999/4096  current 2999  kicks 93  iters 27933030 (4769/s)  best: cx 0 tof 0
[2026-09-25 08:54:54] span_L5_s64_c1_z3_long   5872s  best 2999/4096  current 2999  kicks 93  iters 28004861 (4769/s)  best: cx 0 tof 0
[2026-09-25 08:55:09] span_L5_s64_c1_z3_long   5886s  best 2999/4096  current 2999  kicks 93  iters 28077292 (4769/s)  best: cx 0 tof 0
[2026-09-25 08:55:19] span_L5_s64_c1_z3_long   5896s  best 2999/4096  current 2999  kicks 93  iters 28125866 (4769/s)  best: cx 0 tof 0
[2026-09-25 08:55:29] span_L5_s64_c1_z3_long   5907s  best 2999/4096  current 2999  kicks 94  iters 28173402 (4769/s)  best: cx 0 tof 0
[2026-09-25 08:55:44] span_L5_s64_c1_z3_long   5922s  best 2999/4096  current 2999  kicks 94  iters 28243411 (4769/s)  best: cx 0 tof 0
[2026-09-25 08:55:54] span_L5_s64_c1_z3_long   5932s  best 2999/4096  current 2999  kicks 94  iters 28291280 (4769/s)  best: cx 0 tof 0
[2026-09-25 08:56:09] span_L5_s64_c1_z3_long   5947s  best 2999/4096  current 2999  kicks 94  iters 28361874 (4769/s)  best: cx 0 tof 0
[2026-09-25 08:56:24] span_L5_s64_c1_z3_long   5962s  best 2999/4096  current 2999  kicks 94  iters 28433650 (4769/s)  best: cx 0 tof 0
[2026-09-25 08:56:39] span_L5_s64_c1_z3_long   5976s  best 2999/4096  current 2999  kicks 95  iters 28506296 (4769/s)  best: cx 0 tof 0
[2026-09-25 08:56:49] span_L5_s64_c1_z3_long   5987s  best 2999/4096  current 2999  kicks 95  iters 28554715 (4769/s)  best: cx 0 tof 0
[2026-09-25 08:57:04] span_L5_s64_c1_z3_long   6001s  best 2999/4096  current 2999  kicks 95  iters 28626837 (4769/s)  best: cx 0 tof 0
[2026-09-25 08:57:14] span_L5_s64_c1_z3_long   6012s  best 2999/4096  current 2999  kicks 95  iters 28674354 (4769/s)  best: cx 0 tof 0
[2026-09-25 08:57:29] span_L5_s64_c1_z3_long   6027s  best 2999/4096  current 2999  kicks 95  iters 28746815 (4769/s)  best: cx 0 tof 0
[2026-09-25 08:57:39] span_L5_s64_c1_z3_long   6037s  best 2999/4096  current 2999  kicks 96  iters 28794472 (4769/s)  best: cx 0 tof 0
[2026-09-25 08:57:54] span_L5_s64_c1_z3_long   6051s  best 2999/4096  current 2999  kicks 96  iters 28864965 (4769/s)  best: cx 0 tof 0
[2026-09-25 08:58:04] span_L5_s64_c1_z3_long   6062s  best 2999/4096  current 2999  kicks 96  iters 28913687 (4769/s)  best: cx 0 tof 0
[2026-09-25 08:58:19] span_L5_s64_c1_z3_long   6077s  best 2999/4096  current 2999  kicks 96  iters 28984935 (4769/s)  best: cx 0 tof 0
[2026-09-25 08:58:34] span_L5_s64_c1_z3_long   6092s  best 2999/4096  current 2999  kicks 96  iters 29056443 (4769/s)  best: cx 0 tof 0
[2026-09-25 08:58:49] span_L5_s64_c1_z3_long   6107s  best 2999/4096  current 2999  kicks 97  iters 29126478 (4769/s)  best: cx 0 tof 0
[2026-09-25 08:58:59] span_L5_s64_c1_z3_long   6117s  best 2999/4096  current 2999  kicks 97  iters 29172745 (4769/s)  best: cx 0 tof 0
[2026-09-25 08:59:14] span_L5_s64_c1_z3_long   6132s  best 2999/4096  current 2999  kicks 97  iters 29243257 (4769/s)  best: cx 0 tof 0
[2026-09-25 08:59:24] span_L5_s64_c1_z3_long   6142s  best 2999/4096  current 2999  kicks 97  iters 29291887 (4769/s)  best: cx 0 tof 0
[2026-09-25 08:59:34] span_L5_s64_c1_z3_long   6152s  best 2999/4096  current 2999  kicks 97  iters 29337749 (4769/s)  best: cx 0 tof 0
[2026-09-25 08:59:49] span_L5_s64_c1_z3_long   6167s  best 2999/4096  current 2999  kicks 98  iters 29409150 (4769/s)  best: cx 0 tof 0
[2026-09-25 09:00:04] span_L5_s64_c1_z3_long   6182s  best 2999/4096  current 2999  kicks 98  iters 29481111 (4769/s)  best: cx 0 tof 0
[2026-09-25 09:00:14] span_L5_s64_c1_z3_long   6192s  best 2999/4096  current 2999  kicks 98  iters 29529494 (4769/s)  best: cx 0 tof 0
[2026-09-25 09:00:29] span_L5_s64_c1_z3_long   6207s  best 2999/4096  current 2999  kicks 98  iters 29599811 (4769/s)  best: cx 0 tof 0
[2026-09-25 09:00:39] span_L5_s64_c1_z3_long   6217s  best 2999/4096  current 2999  kicks 98  iters 29647389 (4768/s)  best: cx 0 tof 0
[2026-09-25 09:00:54] span_L5_s64_c1_z3_long   6232s  best 2999/4096  current 2999  kicks 99  iters 29717168 (4768/s)  best: cx 0 tof 0
[2026-09-25 09:01:04] span_L5_s64_c1_z3_long   6242s  best 2999/4096  current 2999  kicks 99  iters 29765075 (4768/s)  best: cx 0 tof 0
[2026-09-25 09:01:14] span_L5_s64_c1_z3_long   6252s  best 2999/4096  current 2999  kicks 99  iters 29812085 (4768/s)  best: cx 0 tof 0
[2026-09-25 09:01:29] span_L5_s64_c1_z3_long   6267s  best 2999/4096  current 2999  kicks 99  iters 29883157 (4768/s)  best: cx 0 tof 0
[2026-09-25 09:01:39] span_L5_s64_c1_z3_long   6277s  best 2999/4096  current 2999  kicks 99  iters 29931556 (4768/s)  best: cx 0 tof 0
[2026-09-25 09:01:54] span_L5_s64_c1_z3_long   6292s  best 2999/4096  current 2999  kicks 100  iters 30001625 (4768/s)  best: cx 0 tof 0
[2026-09-25 09:02:04] span_L5_s64_c1_z3_long   6302s  best 2999/4096  current 2999  kicks 100  iters 30047598 (4767/s)  best: cx 0 tof 0
[2026-09-25 09:02:19] span_L5_s64_c1_z3_long   6317s  best 2999/4096  current 2999  kicks 100  iters 30116887 (4767/s)  best: cx 0 tof 0
[2026-09-25 09:02:34] span_L5_s64_c1_z3_long   6332s  best 2999/4096  current 2999  kicks 100  iters 30187605 (4767/s)  best: cx 0 tof 0
[2026-09-25 09:02:44] span_L5_s64_c1_z3_long   6342s  best 2999/4096  current 2999  kicks 100  iters 30234839 (4767/s)  best: cx 0 tof 0
[2026-09-25 09:02:59] span_L5_s64_c1_z3_long   6357s  best 2999/4096  current 2999  kicks 101  iters 30306709 (4767/s)  best: cx 0 tof 0
[2026-09-25 09:03:09] span_L5_s64_c1_z3_long   6367s  best 2999/4096  current 2999  kicks 101  iters 30354042 (4767/s)  best: cx 0 tof 0
[2026-09-25 09:03:24] span_L5_s64_c1_z3_long   6382s  best 2999/4096  current 2999  kicks 101  iters 30425599 (4767/s)  best: cx 0 tof 0
[2026-09-25 09:03:34] span_L5_s64_c1_z3_long   6392s  best 2999/4096  current 2999  kicks 101  iters 30474322 (4767/s)  best: cx 0 tof 0
[2026-09-25 09:03:49] span_L5_s64_c1_z3_long   6407s  best 2999/4096  current 2999  kicks 101  iters 30546927 (4767/s)  best: cx 0 tof 0
[2026-09-25 09:04:04] span_L5_s64_c1_z3_long   6422s  best 2999/4096  current 2999  kicks 102  iters 30618519 (4768/s)  best: cx 0 tof 0
[2026-09-25 09:04:14] span_L5_s64_c1_z3_long   6432s  best 2999/4096  current 2999  kicks 102  iters 30667922 (4768/s)  best: cx 0 tof 0
[2026-09-25 09:04:29] span_L5_s64_c1_z3_long   6447s  best 2999/4096  current 2999  kicks 102  iters 30740997 (4768/s)  best: cx 0 tof 0
[2026-09-25 09:04:39] span_L5_s64_c1_z3_long   6457s  best 2999/4096  current 2999  kicks 102  iters 30790313 (4768/s)  best: cx 0 tof 0
[2026-09-25 09:04:54] span_L5_s64_c1_z3_long   6472s  best 2999/4096  current 2999  kicks 102  iters 30861950 (4768/s)  best: cx 0 tof 0
[2026-09-25 09:05:09] span_L5_s64_c1_z3_long   6487s  best 2999/4096  current 2999  kicks 103  iters 30934734 (4768/s)  best: cx 0 tof 0
[2026-09-25 09:05:19] span_L5_s64_c1_z3_long   6497s  best 2999/4096  current 2999  kicks 103  iters 30982063 (4768/s)  best: cx 0 tof 0
[2026-09-25 09:05:34] span_L5_s64_c1_z3_long   6512s  best 2999/4096  current 2999  kicks 103  iters 31052638 (4768/s)  best: cx 0 tof 0
[2026-09-25 09:05:44] span_L5_s64_c1_z3_long   6522s  best 2999/4096  current 2999  kicks 103  iters 31100411 (4768/s)  best: cx 0 tof 0
[2026-09-25 09:05:54] span_L5_s64_c1_z3_long   6532s  best 2999/4096  current 2999  kicks 103  iters 31148320 (4768/s)  best: cx 0 tof 0
[2026-09-25 09:06:09] span_L5_s64_c1_z3_long   6547s  best 2999/4096  current 2999  kicks 104  iters 31220076 (4768/s)  best: cx 0 tof 0
[2026-09-25 09:06:24] span_L5_s64_c1_z3_long   6562s  best 2999/4096  current 2999  kicks 104  iters 31292272 (4768/s)  best: cx 0 tof 0
[2026-09-25 09:06:39] span_L5_s64_c1_z3_long   6577s  best 2999/4096  current 2999  kicks 104  iters 31363383 (4768/s)  best: cx 0 tof 0
[2026-09-25 09:06:54] span_L5_s64_c1_z3_long   6592s  best 2999/4096  current 2999  kicks 104  iters 31435287 (4768/s)  best: cx 0 tof 0
[2026-09-25 09:07:04] span_L5_s64_c1_z3_long   6602s  best 2999/4096  current 2999  kicks 105  iters 31484695 (4769/s)  best: cx 0 tof 0
[2026-09-25 09:07:14] span_L5_s64_c1_z3_long   6612s  best 2999/4096  current 2999  kicks 105  iters 31532755 (4769/s)  best: cx 0 tof 0
[2026-09-25 09:07:25] span_L5_s64_c1_z3_long   6622s  best 2999/4096  current 2999  kicks 105  iters 31580554 (4768/s)  best: cx 0 tof 0
[2026-09-25 09:07:39] span_L5_s64_c1_z3_long   6637s  best 2999/4096  current 2999  kicks 105  iters 31649895 (4768/s)  best: cx 0 tof 0
[2026-09-25 09:07:49] span_L5_s64_c1_z3_long   6647s  best 2999/4096  current 2999  kicks 105  iters 31698190 (4768/s)  best: cx 0 tof 0
[2026-09-25 09:08:04] span_L5_s64_c1_z3_long   6662s  best 2999/4096  current 2999  kicks 106  iters 31769886 (4768/s)  best: cx 0 tof 0
[2026-09-25 09:08:14] span_L5_s64_c1_z3_long   6672s  best 2999/4096  current 2999  kicks 106  iters 31817818 (4768/s)  best: cx 0 tof 0
[2026-09-25 09:08:24] span_L5_s64_c1_z3_long   6682s  best 2999/4096  current 2999  kicks 106  iters 31865017 (4768/s)  best: cx 0 tof 0
[2026-09-25 09:08:39] span_L5_s64_c1_z3_long   6697s  best 2999/4096  current 2999  kicks 106  iters 31935607 (4768/s)  best: cx 0 tof 0
[2026-09-25 09:08:49] span_L5_s64_c1_z3_long   6707s  best 2999/4096  current 2999  kicks 106  iters 31983678 (4768/s)  best: cx 0 tof 0
[2026-09-25 09:08:59] span_L5_s64_c1_z3_long   6717s  best 2999/4096  current 2999  kicks 106  iters 32030778 (4768/s)  best: cx 0 tof 0
[2026-09-25 09:09:14] span_L5_s64_c1_z3_long   6732s  best 2999/4096  current 2999  kicks 107  iters 32102278 (4768/s)  best: cx 0 tof 0
[2026-09-25 09:09:24] span_L5_s64_c1_z3_long   6742s  best 2999/4096  current 2999  kicks 107  iters 32151905 (4768/s)  best: cx 0 tof 0
[2026-09-25 09:09:39] span_L5_s64_c1_z3_long   6757s  best 2999/4096  current 2999  kicks 107  iters 32222126 (4768/s)  best: cx 0 tof 0
[2026-09-25 09:09:49] span_L5_s64_c1_z3_long   6767s  best 2999/4096  current 2999  kicks 107  iters 32269287 (4768/s)  best: cx 0 tof 0
[2026-09-25 09:10:04] span_L5_s64_c1_z3_long   6782s  best 2999/4096  current 2999  kicks 107  iters 32340277 (4768/s)  best: cx 0 tof 0
[2026-09-25 09:10:14] span_L5_s64_c1_z3_long   6792s  best 2999/4096  current 2999  kicks 108  iters 32388068 (4768/s)  best: cx 0 tof 0
[2026-09-25 09:10:25] span_L5_s64_c1_z3_long   6802s  best 2999/4096  current 2999  kicks 108  iters 32435683 (4768/s)  best: cx 0 tof 0
[2026-09-25 09:10:39] span_L5_s64_c1_z3_long   6817s  best 2999/4096  current 2999  kicks 108  iters 32506389 (4768/s)  best: cx 0 tof 0
[2026-09-25 09:10:54] span_L5_s64_c1_z3_long   6832s  best 2999/4096  current 2999  kicks 108  iters 32577191 (4768/s)  best: cx 0 tof 0
[2026-09-25 09:11:09] span_L5_s64_c1_z3_long   6847s  best 2999/4096  current 2999  kicks 109  iters 32649230 (4768/s)  best: cx 0 tof 0
[2026-09-25 09:11:24] span_L5_s64_c1_z3_long   6862s  best 2999/4096  current 2999  kicks 109  iters 32720734 (4768/s)  best: cx 0 tof 0
[2026-09-25 09:11:34] span_L5_s64_c1_z3_long   6872s  best 2999/4096  current 2999  kicks 109  iters 32767865 (4768/s)  best: cx 0 tof 0
[2026-09-25 09:11:49] span_L5_s64_c1_z3_long   6887s  best 2999/4096  current 2999  kicks 109  iters 32838467 (4768/s)  best: cx 0 tof 0
[2026-09-25 09:11:59] span_L5_s64_c1_z3_long   6897s  best 2999/4096  current 2999  kicks 109  iters 32885388 (4767/s)  best: cx 0 tof 0
[2026-09-25 09:12:14] span_L5_s64_c1_z3_long   6912s  best 2999/4096  current 2999  kicks 110  iters 32955760 (4767/s)  best: cx 0 tof 0
[2026-09-25 09:12:24] span_L5_s64_c1_z3_long   6922s  best 2999/4096  current 2999  kicks 110  iters 33003946 (4767/s)  best: cx 0 tof 0
[2026-09-25 09:12:39] span_L5_s64_c1_z3_long   6937s  best 2999/4096  current 2999  kicks 110  iters 33075602 (4767/s)  best: cx 0 tof 0
[2026-09-25 09:12:54] span_L5_s64_c1_z3_long   6952s  best 2999/4096  current 2999  kicks 110  iters 33148457 (4768/s)  best: cx 0 tof 0
[2026-09-25 09:13:09] span_L5_s64_c1_z3_long   6967s  best 2999/4096  current 2999  kicks 110  iters 33221264 (4768/s)  best: cx 0 tof 0
[2026-09-25 09:13:19] span_L5_s64_c1_z3_long   6977s  best 2999/4096  current 2999  kicks 111  iters 33269182 (4768/s)  best: cx 0 tof 0
[2026-09-25 09:13:29] span_L5_s64_c1_z3_long   6987s  best 2999/4096  current 2999  kicks 111  iters 33316894 (4768/s)  best: cx 0 tof 0
[2026-09-25 09:13:44] span_L5_s64_c1_z3_long   7002s  best 2999/4096  current 2999  kicks 111  iters 33387946 (4768/s)  best: cx 0 tof 0
[2026-09-25 09:13:59] span_L5_s64_c1_z3_long   7017s  best 2999/4096  current 2999  kicks 111  iters 33460141 (4768/s)  best: cx 0 tof 0
[2026-09-25 09:14:09] span_L5_s64_c1_z3_long   7027s  best 2999/4096  current 2999  kicks 111  iters 33507778 (4768/s)  best: cx 0 tof 0
[2026-09-25 09:14:20] span_L5_s64_c1_z3_long   7037s  best 2999/4096  current 2999  kicks 112  iters 33555043 (4768/s)  best: cx 0 tof 0
[2026-09-25 09:14:35] span_L5_s64_c1_z3_long   7052s  best 2999/4096  current 2999  kicks 112  iters 33624351 (4767/s)  best: cx 0 tof 0
[2026-09-25 09:14:49] span_L5_s64_c1_z3_long   7067s  best 2999/4096  current 2999  kicks 112  iters 33694820 (4767/s)  best: cx 0 tof 0
[2026-09-25 09:15:00] span_L5_s64_c1_z3_long   7077s  best 2999/4096  current 2999  kicks 112  iters 33741575 (4767/s)  best: cx 0 tof 0
[2026-09-25 09:15:14] span_L5_s64_c1_z3_long   7092s  best 2999/4096  current 2999  kicks 112  iters 33812153 (4767/s)  best: cx 0 tof 0
[2026-09-25 09:15:29] span_L5_s64_c1_z3_long   7107s  best 2999/4096  current 2999  kicks 113  iters 33883945 (4767/s)  best: cx 0 tof 0
[2026-09-25 09:15:39] span_L5_s64_c1_z3_long   7117s  best 2999/4096  current 2999  kicks 113  iters 33932159 (4767/s)  best: cx 0 tof 0
[2026-09-25 09:15:54] span_L5_s64_c1_z3_long   7132s  best 2999/4096  current 2999  kicks 113  iters 34005700 (4768/s)  best: cx 0 tof 0
[2026-09-25 09:16:04] span_L5_s64_c1_z3_long   7142s  best 2999/4096  current 2999  kicks 113  iters 34054179 (4768/s)  best: cx 0 tof 0
[2026-09-25 09:16:19] span_L5_s64_c1_z3_long   7157s  best 2999/4096  current 2999  kicks 113  iters 34127654 (4768/s)  best: cx 0 tof 0
[2026-09-25 09:16:29] span_L5_s64_c1_z3_long   7167s  best 2999/4096  current 2999  kicks 114  iters 34174973 (4768/s)  best: cx 0 tof 0
[2026-09-25 09:16:40] span_L5_s64_c1_z3_long   7177s  best 2999/4096  current 2999  kicks 114  iters 34222476 (4768/s)  best: cx 0 tof 0
[2026-09-25 09:16:54] span_L5_s64_c1_z3_long   7192s  best 2999/4096  current 2999  kicks 114  iters 34292770 (4768/s)  best: cx 0 tof 0
[2026-09-25 09:17:09] span_L5_s64_c1_z3_long   7207s  best 2999/4096  current 2999  kicks 114  iters 34364145 (4768/s)  best: cx 0 tof 0
[2026-09-25 09:17:24] span_L5_s64_c1_z3_long   7222s  best 2999/4096  current 2999  kicks 114  iters 34437385 (4768/s)  best: cx 0 tof 0
[2026-09-25 09:17:34] span_L5_s64_c1_z3_long   7232s  best 2999/4096  current 2999  kicks 115  iters 34484976 (4768/s)  best: cx 0 tof 0
[2026-09-25 09:17:45] span_L5_s64_c1_z3_long   7242s  best 2999/4096  current 2999  kicks 115  iters 34531571 (4767/s)  best: cx 0 tof 0
[2026-09-25 09:17:55] span_L5_s64_c1_z3_long   7252s  best 2999/4096  current 2999  kicks 115  iters 34579146 (4767/s)  best: cx 0 tof 0
[2026-09-25 09:18:10] span_L5_s64_c1_z3_long   7267s  best 2999/4096  current 2999  kicks 115  iters 34649148 (4767/s)  best: cx 0 tof 0
[2026-09-25 09:18:25] span_L5_s64_c1_z3_long   7282s  best 2999/4096  current 2999  kicks 115  iters 34721214 (4767/s)  best: cx 0 tof 0
[2026-09-25 09:18:40] span_L5_s64_c1_z3_long   7297s  best 2999/4096  current 2999  kicks 116  iters 34792871 (4767/s)  best: cx 0 tof 0
[2026-09-25 09:18:55] span_L5_s64_c1_z3_long   7312s  best 2999/4096  current 2999  kicks 116  iters 34864972 (4767/s)  best: cx 0 tof 0
[2026-09-25 09:19:09] span_L5_s64_c1_z3_long   7327s  best 2999/4096  current 2999  kicks 116  iters 34936814 (4768/s)  best: cx 0 tof 0
[2026-09-25 09:19:20] span_L5_s64_c1_z3_long   7337s  best 2999/4096  current 2999  kicks 116  iters 34984975 (4768/s)  best: cx 0 tof 0
[2026-09-25 09:19:34] span_L5_s64_c1_z3_long   7352s  best 2999/4096  current 2999  kicks 117  iters 35056714 (4768/s)  best: cx 0 tof 0
[2026-09-25 09:19:45] span_L5_s64_c1_z3_long   7362s  best 2999/4096  current 2999  kicks 117  iters 35105146 (4768/s)  best: cx 0 tof 0
[2026-09-25 09:19:55] span_L5_s64_c1_z3_long   7373s  best 2999/4096  current 2999  kicks 117  iters 35153440 (4768/s)  best: cx 0 tof 0
[2026-09-25 09:20:10] span_L5_s64_c1_z3_long   7387s  best 2999/4096  current 2999  kicks 117  iters 35223640 (4768/s)  best: cx 0 tof 0
[2026-09-25 09:20:20] span_L5_s64_c1_z3_long   7397s  best 2999/4096  current 2999  kicks 117  iters 35271546 (4768/s)  best: cx 0 tof 0
[2026-09-25 09:20:35] span_L5_s64_c1_z3_long   7412s  best 2999/4096  current 2999  kicks 118  iters 35343868 (4768/s)  best: cx 0 tof 0
[2026-09-25 09:20:49] span_L5_s64_c1_z3_long   7427s  best 2999/4096  current 2999  kicks 118  iters 35416378 (4768/s)  best: cx 0 tof 0
[2026-09-25 09:21:00] span_L5_s64_c1_z3_long   7437s  best 2999/4096  current 2999  kicks 118  iters 35464566 (4768/s)  best: cx 0 tof 0
[2026-09-25 09:21:15] span_L5_s64_c1_z3_long   7452s  best 2999/4096  current 2999  kicks 118  iters 35537085 (4768/s)  best: cx 0 tof 0
[2026-09-25 09:21:25] span_L5_s64_c1_z3_long   7462s  best 2999/4096  current 2999  kicks 118  iters 35584211 (4768/s)  best: cx 0 tof 0
[2026-09-25 09:21:35] span_L5_s64_c1_z3_long   7472s  best 2999/4096  current 2999  kicks 119  iters 35630731 (4768/s)  best: cx 0 tof 0
[2026-09-25 09:21:50] span_L5_s64_c1_z3_long   7487s  best 2999/4096  current 2999  kicks 119  iters 35701934 (4768/s)  best: cx 0 tof 0
[2026-09-25 09:22:05] span_L5_s64_c1_z3_long   7503s  best 2999/4096  current 2999  kicks 119  iters 35773268 (4768/s)  best: cx 0 tof 0
[2026-09-25 09:22:20] span_L5_s64_c1_z3_long   7517s  best 2999/4096  current 2999  kicks 119  iters 35843901 (4768/s)  best: cx 0 tof 0
[2026-09-25 09:22:35] span_L5_s64_c1_z3_long   7532s  best 2999/4096  current 2999  kicks 119  iters 35915540 (4768/s)  best: cx 0 tof 0
[2026-09-25 09:22:45] span_L5_s64_c1_z3_long   7542s  best 2999/4096  current 2999  kicks 120  iters 35964919 (4768/s)  best: cx 0 tof 0
[2026-09-25 09:22:55] span_L5_s64_c1_z3_long   7552s  best 2999/4096  current 2999  kicks 120  iters 36012682 (4768/s)  best: cx 0 tof 0
[2026-09-25 09:23:10] span_L5_s64_c1_z3_long   7568s  best 2999/4096  current 2999  kicks 120  iters 36084480 (4768/s)  best: cx 0 tof 0
[2026-09-25 09:23:25] span_L5_s64_c1_z3_long   7583s  best 2999/4096  current 2999  kicks 120  iters 36156061 (4768/s)  best: cx 0 tof 0
[2026-09-25 09:23:40] span_L5_s64_c1_z3_long   7597s  best 2999/4096  current 2999  kicks 120  iters 36228522 (4768/s)  best: cx 0 tof 0
[2026-09-25 09:23:50] span_L5_s64_c1_z3_long   7608s  best 2999/4096  current 2999  kicks 121  iters 36276023 (4768/s)  best: cx 0 tof 0
[2026-09-25 09:24:05] span_L5_s64_c1_z3_long   7622s  best 2999/4096  current 2999  kicks 121  iters 36345983 (4768/s)  best: cx 0 tof 0
[2026-09-25 09:24:20] span_L5_s64_c1_z3_long   7637s  best 2999/4096  current 2999  kicks 121  iters 36418490 (4768/s)  best: cx 0 tof 0
[2026-09-25 09:24:30] span_L5_s64_c1_z3_long   7648s  best 2999/4096  current 2999  kicks 121  iters 36466738 (4768/s)  best: cx 0 tof 0
[2026-09-25 09:24:45] span_L5_s64_c1_z3_long   7662s  best 2999/4096  current 2999  kicks 122  iters 36538546 (4768/s)  best: cx 0 tof 0
[2026-09-25 09:24:55] span_L5_s64_c1_z3_long   7672s  best 2999/4096  current 2999  kicks 122  iters 36586855 (4768/s)  best: cx 0 tof 0
[2026-09-25 09:25:05] span_L5_s64_c1_z3_long   7683s  best 2999/4096  current 2999  kicks 122  iters 36635325 (4768/s)  best: cx 0 tof 0
[2026-09-25 09:25:20] span_L5_s64_c1_z3_long   7697s  best 2999/4096  current 2999  kicks 122  iters 36705716 (4768/s)  best: cx 0 tof 0
[2026-09-25 09:25:30] span_L5_s64_c1_z3_long   7707s  best 2999/4096  current 2999  kicks 122  iters 36754200 (4768/s)  best: cx 0 tof 0
[2026-09-25 09:25:40] span_L5_s64_c1_z3_long   7717s  best 2999/4096  current 2999  kicks 122  iters 36802542 (4768/s)  best: cx 0 tof 0
[2026-09-25 09:25:50] span_L5_s64_c1_z3_long   7728s  best 2999/4096  current 2999  kicks 123  iters 36850427 (4768/s)  best: cx 0 tof 0
[2026-09-25 09:26:05] span_L5_s64_c1_z3_long   7742s  best 2999/4096  current 2999  kicks 123  iters 36921882 (4768/s)  best: cx 0 tof 0
[2026-09-25 09:26:15] span_L5_s64_c1_z3_long   7753s  best 2999/4096  current 2999  kicks 123  iters 36969359 (4768/s)  best: cx 0 tof 0
[2026-09-25 09:26:25] span_L5_s64_c1_z3_long   7763s  best 2999/4096  current 2999  kicks 123  iters 37016839 (4768/s)  best: cx 0 tof 0
[2026-09-25 09:26:40] span_L5_s64_c1_z3_long   7777s  best 2999/4096  current 2999  kicks 123  iters 37088027 (4768/s)  best: cx 0 tof 0
[2026-09-25 09:26:55] span_L5_s64_c1_z3_long   7793s  best 2999/4096  current 2999  kicks 124  iters 37160034 (4768/s)  best: cx 0 tof 0
[2026-09-25 09:27:10] span_L5_s64_c1_z3_long   7808s  best 2999/4096  current 2999  kicks 124  iters 37229676 (4768/s)  best: cx 0 tof 0
[2026-09-25 09:27:20] span_L5_s64_c1_z3_long   7818s  best 2999/4096  current 2999  kicks 124  iters 37276385 (4768/s)  best: cx 0 tof 0
[2026-09-25 09:27:35] span_L5_s64_c1_z3_long   7833s  best 2999/4096  current 2999  kicks 124  iters 37346604 (4768/s)  best: cx 0 tof 0
[2026-09-25 09:27:50] span_L5_s64_c1_z3_long   7847s  best 2999/4096  current 2999  kicks 125  iters 37417595 (4768/s)  best: cx 0 tof 0
[2026-09-25 09:28:00] span_L5_s64_c1_z3_long   7858s  best 2999/4096  current 2999  kicks 125  iters 37465058 (4768/s)  best: cx 0 tof 0
[2026-09-25 09:28:10] span_L5_s64_c1_z3_long   7868s  best 2999/4096  current 2999  kicks 125  iters 37513076 (4768/s)  best: cx 0 tof 0
[2026-09-25 09:28:20] span_L5_s64_c1_z3_long   7878s  best 2999/4096  current 2999  kicks 125  iters 37559743 (4767/s)  best: cx 0 tof 0
[2026-09-25 09:28:35] span_L5_s64_c1_z3_long   7893s  best 2999/4096  current 2999  kicks 125  iters 37632837 (4768/s)  best: cx 0 tof 0
[2026-09-25 09:28:45] span_L5_s64_c1_z3_long   7903s  best 2999/4096  current 2999  kicks 126  iters 37680162 (4767/s)  best: cx 0 tof 0
[2026-09-25 09:29:00] span_L5_s64_c1_z3_long   7918s  best 2999/4096  current 2999  kicks 126  iters 37751402 (4768/s)  best: cx 0 tof 0
[2026-09-25 09:29:10] span_L5_s64_c1_z3_long   7928s  best 2999/4096  current 2999  kicks 126  iters 37799430 (4767/s)  best: cx 0 tof 0
[2026-09-25 09:29:25] span_L5_s64_c1_z3_long   7943s  best 2999/4096  current 2999  kicks 126  iters 37869655 (4767/s)  best: cx 0 tof 0
[2026-09-25 09:29:40] span_L5_s64_c1_z3_long   7958s  best 2999/4096  current 2999  kicks 126  iters 37941840 (4768/s)  best: cx 0 tof 0
[2026-09-25 09:29:50] span_L5_s64_c1_z3_long   7968s  best 2999/4096  current 2999  kicks 127  iters 37989108 (4767/s)  best: cx 0 tof 0
[2026-09-25 09:30:00] span_L5_s64_c1_z3_long   7978s  best 2999/4096  current 2999  kicks 127  iters 38036085 (4767/s)  best: cx 0 tof 0
[2026-09-25 09:30:15] span_L5_s64_c1_z3_long   7993s  best 2999/4096  current 2999  kicks 127  iters 38107237 (4767/s)  best: cx 0 tof 0
[2026-09-25 09:30:25] span_L5_s64_c1_z3_long   8003s  best 2999/4096  current 2999  kicks 127  iters 38155686 (4767/s)  best: cx 0 tof 0
[2026-09-25 09:30:35] span_L5_s64_c1_z3_long   8013s  best 2999/4096  current 2999  kicks 127  iters 38202732 (4767/s)  best: cx 0 tof 0
[2026-09-25 09:30:50] span_L5_s64_c1_z3_long   8028s  best 2999/4096  current 2999  kicks 128  iters 38272589 (4767/s)  best: cx 0 tof 0
[2026-09-25 09:31:05] span_L5_s64_c1_z3_long   8043s  best 2999/4096  current 2999  kicks 128  iters 38344189 (4767/s)  best: cx 0 tof 0
[2026-09-25 09:31:15] span_L5_s64_c1_z3_long   8053s  best 2999/4096  current 2999  kicks 128  iters 38391016 (4767/s)  best: cx 0 tof 0
[2026-09-25 09:31:30] span_L5_s64_c1_z3_long   8068s  best 2999/4096  current 2999  kicks 128  iters 38463431 (4767/s)  best: cx 0 tof 0
[2026-09-25 09:31:45] span_L5_s64_c1_z3_long   8083s  best 2999/4096  current 2999  kicks 128  iters 38535414 (4767/s)  best: cx 0 tof 0
[2026-09-25 09:32:00] span_L5_s64_c1_z3_long   8098s  best 2999/4096  current 2999  kicks 129  iters 38607229 (4767/s)  best: cx 0 tof 0
[2026-09-25 09:32:10] span_L5_s64_c1_z3_long   8108s  best 2999/4096  current 2999  kicks 129  iters 38654797 (4767/s)  best: cx 0 tof 0
[2026-09-25 09:32:25] span_L5_s64_c1_z3_long   8123s  best 2999/4096  current 2999  kicks 129  iters 38726393 (4767/s)  best: cx 0 tof 0
[2026-09-25 09:32:35] span_L5_s64_c1_z3_long   8133s  best 2999/4096  current 2999  kicks 129  iters 38773067 (4767/s)  best: cx 0 tof 0
[2026-09-25 09:32:50] span_L5_s64_c1_z3_long   8148s  best 2999/4096  current 2999  kicks 129  iters 38844690 (4767/s)  best: cx 0 tof 0
[2026-09-25 09:33:00] span_L5_s64_c1_z3_long   8158s  best 2999/4096  current 2999  kicks 130  iters 38894806 (4767/s)  best: cx 0 tof 0
[2026-09-25 09:33:10] span_L5_s64_c1_z3_long   8168s  best 2999/4096  current 2999  kicks 130  iters 38942952 (4767/s)  best: cx 0 tof 0
[2026-09-25 09:33:25] span_L5_s64_c1_z3_long   8183s  best 2999/4096  current 2999  kicks 130  iters 39014340 (4767/s)  best: cx 0 tof 0
[2026-09-25 09:33:40] span_L5_s64_c1_z3_long   8198s  best 2999/4096  current 2999  kicks 130  iters 39084039 (4767/s)  best: cx 0 tof 0
[2026-09-25 09:33:50] span_L5_s64_c1_z3_long   8208s  best 2999/4096  current 2999  kicks 130  iters 39131137 (4767/s)  best: cx 0 tof 0
[2026-09-25 09:34:05] span_L5_s64_c1_z3_long   8223s  best 2999/4096  current 2999  kicks 131  iters 39202485 (4767/s)  best: cx 0 tof 0
[2026-09-25 09:34:20] span_L5_s64_c1_z3_long   8238s  best 2999/4096  current 2999  kicks 131  iters 39275564 (4767/s)  best: cx 0 tof 0
[2026-09-25 09:34:35] span_L5_s64_c1_z3_long   8253s  best 2999/4096  current 2999  kicks 131  iters 39348627 (4767/s)  best: cx 0 tof 0
[2026-09-25 09:34:45] span_L5_s64_c1_z3_long   8263s  best 2999/4096  current 2999  kicks 131  iters 39398423 (4768/s)  best: cx 0 tof 0
[2026-09-25 09:34:55] span_L5_s64_c1_z3_long   8273s  best 2999/4096  current 2999  kicks 131  iters 39447744 (4768/s)  best: cx 0 tof 0
[2026-09-25 09:35:05] span_L5_s64_c1_z3_long   8283s  best 2999/4096  current 2999  kicks 132  iters 39496334 (4768/s)  best: cx 0 tof 0
[2026-09-25 09:35:15] span_L5_s64_c1_z3_long   8293s  best 2999/4096  current 2999  kicks 132  iters 39544403 (4768/s)  best: cx 0 tof 0
[2026-09-25 09:35:25] span_L5_s64_c1_z3_long   8303s  best 2999/4096  current 2999  kicks 132  iters 39591281 (4768/s)  best: cx 0 tof 0
[2026-09-25 09:35:40] span_L5_s64_c1_z3_long   8318s  best 2999/4096  current 2999  kicks 132  iters 39662984 (4768/s)  best: cx 0 tof 0
[2026-09-25 09:35:50] span_L5_s64_c1_z3_long   8328s  best 2999/4096  current 2999  kicks 132  iters 39710713 (4768/s)  best: cx 0 tof 0
[2026-09-25 09:36:05] span_L5_s64_c1_z3_long   8343s  best 2999/4096  current 2999  kicks 132  iters 39783059 (4768/s)  best: cx 0 tof 0
[2026-09-25 09:36:15] span_L5_s64_c1_z3_long   8353s  best 2999/4096  current 2999  kicks 133  iters 39832105 (4768/s)  best: cx 0 tof 0
[2026-09-25 09:36:25] span_L5_s64_c1_z3_long   8363s  best 2999/4096  current 2999  kicks 133  iters 39879640 (4768/s)  best: cx 0 tof 0
[2026-09-25 09:36:40] span_L5_s64_c1_z3_long   8378s  best 2999/4096  current 2999  kicks 133  iters 39950582 (4768/s)  best: cx 0 tof 0
[2026-09-25 09:36:55] span_L5_s64_c1_z3_long   8393s  best 2999/4096  current 2999  kicks 133  iters 40020667 (4768/s)  best: cx 0 tof 0
[2026-09-25 09:37:05] span_L5_s64_c1_z3_long   8403s  best 2999/4096  current 2999  kicks 133  iters 40068599 (4768/s)  best: cx 0 tof 0
[2026-09-25 09:37:20] span_L5_s64_c1_z3_long   8418s  best 2999/4096  current 2999  kicks 134  iters 40141309 (4768/s)  best: cx 0 tof 0
[2026-09-25 09:37:30] span_L5_s64_c1_z3_long   8428s  best 2999/4096  current 2999  kicks 134  iters 40189907 (4768/s)  best: cx 0 tof 0
[2026-09-25 09:37:45] span_L5_s64_c1_z3_long   8443s  best 2999/4096  current 2999  kicks 134  iters 40261377 (4768/s)  best: cx 0 tof 0
[2026-09-25 09:37:55] span_L5_s64_c1_z3_long   8453s  best 2999/4096  current 2999  kicks 134  iters 40309764 (4768/s)  best: cx 0 tof 0
[2026-09-25 09:38:05] span_L5_s64_c1_z3_long   8463s  best 2999/4096  current 2999  kicks 134  iters 40356283 (4768/s)  best: cx 0 tof 0
[2026-09-25 09:38:15] span_L5_s64_c1_z3_long   8473s  best 2999/4096  current 2999  kicks 135  iters 40404842 (4768/s)  best: cx 0 tof 0
[2026-09-25 09:38:25] span_L5_s64_c1_z3_long   8483s  best 2999/4096  current 2999  kicks 135  iters 40454051 (4768/s)  best: cx 0 tof 0
[2026-09-25 09:38:40] span_L5_s64_c1_z3_long   8498s  best 2999/4096  current 2999  kicks 135  iters 40525099 (4768/s)  best: cx 0 tof 0
[2026-09-25 09:38:55] span_L5_s64_c1_z3_long   8513s  best 2999/4096  current 2999  kicks 135  iters 40597712 (4768/s)  best: cx 0 tof 0
[2026-09-25 09:39:05] span_L5_s64_c1_z3_long   8523s  best 2999/4096  current 2999  kicks 135  iters 40646509 (4769/s)  best: cx 0 tof 0
[2026-09-25 09:39:20] span_L5_s64_c1_z3_long   8538s  best 2999/4096  current 2999  kicks 136  iters 40719434 (4769/s)  best: cx 0 tof 0
[2026-09-25 09:39:35] span_L5_s64_c1_z3_long   8553s  best 2999/4096  current 2999  kicks 136  iters 40790256 (4769/s)  best: cx 0 tof 0
[2026-09-25 09:39:50] span_L5_s64_c1_z3_long   8568s  best 2999/4096  current 2999  kicks 136  iters 40862230 (4769/s)  best: cx 0 tof 0
[2026-09-25 09:40:00] span_L5_s64_c1_z3_long   8578s  best 2999/4096  current 2999  kicks 136  iters 40909714 (4769/s)  best: cx 0 tof 0
[2026-09-25 09:40:10] span_L5_s64_c1_z3_long   8588s  best 2999/4096  current 2999  kicks 136  iters 40956830 (4768/s)  best: cx 0 tof 0
[2026-09-25 09:40:25] span_L5_s64_c1_z3_long   8603s  best 2999/4096  current 2999  kicks 137  iters 41029555 (4769/s)  best: cx 0 tof 0
[2026-09-25 09:40:35] span_L5_s64_c1_z3_long   8613s  best 2999/4096  current 2999  kicks 137  iters 41078536 (4769/s)  best: cx 0 tof 0
[2026-09-25 09:40:50] span_L5_s64_c1_z3_long   8628s  best 2999/4096  current 2999  kicks 137  iters 41150213 (4769/s)  best: cx 0 tof 0
[2026-09-25 09:41:00] span_L5_s64_c1_z3_long   8638s  best 2999/4096  current 2999  kicks 137  iters 41198598 (4769/s)  best: cx 0 tof 0
[2026-09-25 09:41:15] span_L5_s64_c1_z3_long   8653s  best 2999/4096  current 2999  kicks 137  iters 41270384 (4769/s)  best: cx 0 tof 0
[2026-09-25 09:41:25] span_L5_s64_c1_z3_long   8663s  best 2999/4096  current 2999  kicks 138  iters 41320060 (4769/s)  best: cx 0 tof 0
[2026-09-25 09:41:35] span_L5_s64_c1_z3_long   8673s  best 2999/4096  current 2999  kicks 138  iters 41368221 (4769/s)  best: cx 0 tof 0
[2026-09-25 09:41:46] span_L5_s64_c1_z3_long   8683s  best 2999/4096  current 2999  kicks 138  iters 41415636 (4769/s)  best: cx 0 tof 0
[2026-09-25 09:42:00] span_L5_s64_c1_z3_long   8698s  best 2999/4096  current 2999  kicks 138  iters 41486641 (4769/s)  best: cx 0 tof 0
[2026-09-25 09:42:15] span_L5_s64_c1_z3_long   8713s  best 2999/4096  current 2999  kicks 138  iters 41557771 (4769/s)  best: cx 0 tof 0
[2026-09-25 09:42:25] span_L5_s64_c1_z3_long   8723s  best 2999/4096  current 2999  kicks 139  iters 41606178 (4769/s)  best: cx 0 tof 0
[2026-09-25 09:42:41] span_L5_s64_c1_z3_long   8738s  best 2999/4096  current 2999  kicks 139  iters 41677141 (4769/s)  best: cx 0 tof 0
[2026-09-25 09:42:55] span_L5_s64_c1_z3_long   8753s  best 2999/4096  current 2999  kicks 139  iters 41748246 (4769/s)  best: cx 0 tof 0
[2026-09-25 09:43:05] span_L5_s64_c1_z3_long   8763s  best 2999/4096  current 2999  kicks 139  iters 41795988 (4769/s)  best: cx 0 tof 0
[2026-09-25 09:43:20] span_L5_s64_c1_z3_long   8778s  best 2999/4096  current 2999  kicks 139  iters 41867014 (4769/s)  best: cx 0 tof 0
[2026-09-25 09:43:30] span_L5_s64_c1_z3_long   8788s  best 2999/4096  current 2999  kicks 140  iters 41915195 (4769/s)  best: cx 0 tof 0
[2026-09-25 09:43:45] span_L5_s64_c1_z3_long   8803s  best 2999/4096  current 2999  kicks 140  iters 41986124 (4769/s)  best: cx 0 tof 0
[2026-09-25 09:43:55] span_L5_s64_c1_z3_long   8813s  best 2999/4096  current 2999  kicks 140  iters 42033878 (4769/s)  best: cx 0 tof 0
[2026-09-25 09:44:10] span_L5_s64_c1_z3_long   8828s  best 2999/4096  current 2999  kicks 140  iters 42106609 (4769/s)  best: cx 0 tof 0
[2026-09-25 09:44:25] span_L5_s64_c1_z3_long   8843s  best 2999/4096  current 2999  kicks 141  iters 42179480 (4769/s)  best: cx 0 tof 0
[2026-09-25 09:44:40] span_L5_s64_c1_z3_long   8858s  best 2999/4096  current 2999  kicks 141  iters 42251962 (4769/s)  best: cx 0 tof 0
[2026-09-25 09:44:55] span_L5_s64_c1_z3_long   8873s  best 2999/4096  current 2999  kicks 141  iters 42324943 (4770/s)  best: cx 0 tof 0
[2026-09-25 09:45:05] span_L5_s64_c1_z3_long   8883s  best 2999/4096  current 2999  kicks 141  iters 42373707 (4770/s)  best: cx 0 tof 0
[2026-09-25 09:45:20] span_L5_s64_c1_z3_long   8898s  best 2999/4096  current 2999  kicks 141  iters 42446194 (4770/s)  best: cx 0 tof 0
[2026-09-25 09:45:31] span_L5_s64_c1_z3_long   8908s  best 2999/4096  current 2999  kicks 142  iters 42493927 (4770/s)  best: cx 0 tof 0
[2026-09-25 09:45:41] span_L5_s64_c1_z3_long   8918s  best 2999/4096  current 2999  kicks 142  iters 42541074 (4770/s)  best: cx 0 tof 0
[2026-09-25 09:45:55] span_L5_s64_c1_z3_long   8933s  best 2999/4096  current 2999  kicks 142  iters 42612665 (4770/s)  best: cx 0 tof 0
[2026-09-25 09:46:06] span_L5_s64_c1_z3_long   8943s  best 2999/4096  current 2999  kicks 142  iters 42662363 (4770/s)  best: cx 0 tof 0
[2026-09-25 09:46:21] span_L5_s64_c1_z3_long   8958s  best 2999/4096  current 2999  kicks 142  iters 42733953 (4770/s)  best: cx 0 tof 0
[2026-09-25 09:46:35] span_L5_s64_c1_z3_long   8973s  best 2999/4096  current 2999  kicks 143  iters 42806156 (4770/s)  best: cx 0 tof 0
[2026-09-25 09:46:50] span_L5_s64_c1_z3_long   8988s  best 2999/4096  current 2999  kicks 143  iters 42879294 (4770/s)  best: cx 0 tof 0
[2026-09-25 09:47:01] span_L5_s64_c1_z3_long   8998s  best 2999/4096  current 2999  kicks 143  iters 42929514 (4770/s)  best: cx 0 tof 0
[2026-09-25 09:47:15] span_L5_s64_c1_z3_long   9013s  best 2999/4096  current 2999  kicks 143  iters 43002161 (4771/s)  best: cx 0 tof 0
[2026-09-25 09:47:26] span_L5_s64_c1_z3_long   9023s  best 2999/4096  current 2999  kicks 143  iters 43050504 (4771/s)  best: cx 0 tof 0
[2026-09-25 09:47:40] span_L5_s64_c1_z3_long   9038s  best 2999/4096  current 2999  kicks 144  iters 43121837 (4771/s)  best: cx 0 tof 0
[2026-09-25 09:47:50] span_L5_s64_c1_z3_long   9048s  best 2999/4096  current 2999  kicks 144  iters 43170408 (4771/s)  best: cx 0 tof 0
[2026-09-25 09:48:01] span_L5_s64_c1_z3_long   9058s  best 2999/4096  current 2999  kicks 144  iters 43218595 (4771/s)  best: cx 0 tof 0
[2026-09-25 09:48:15] span_L5_s64_c1_z3_long   9073s  best 2999/4096  current 2999  kicks 144  iters 43290561 (4771/s)  best: cx 0 tof 0
[2026-09-25 09:48:30] span_L5_s64_c1_z3_long   9088s  best 2999/4096  current 2999  kicks 144  iters 43363375 (4771/s)  best: cx 0 tof 0
[2026-09-25 09:48:41] span_L5_s64_c1_z3_long   9098s  best 2999/4096  current 2999  kicks 145  iters 43412571 (4771/s)  best: cx 0 tof 0
[2026-09-25 09:48:55] span_L5_s64_c1_z3_long   9113s  best 2999/4096  current 2999  kicks 145  iters 43484615 (4771/s)  best: cx 0 tof 0
[2026-09-25 09:49:10] span_L5_s64_c1_z3_long   9128s  best 2999/4096  current 2999  kicks 145  iters 43556892 (4771/s)  best: cx 0 tof 0
[2026-09-25 09:49:25] span_L5_s64_c1_z3_long   9143s  best 2999/4096  current 2999  kicks 145  iters 43629928 (4771/s)  best: cx 0 tof 0
[2026-09-25 09:49:36] span_L5_s64_c1_z3_long   9153s  best 2999/4096  current 2999  kicks 146  iters 43678808 (4771/s)  best: cx 0 tof 0
[2026-09-25 09:49:50] span_L5_s64_c1_z3_long   9168s  best 2999/4096  current 2999  kicks 146  iters 43750643 (4772/s)  best: cx 0 tof 0
[2026-09-25 09:50:01] span_L5_s64_c1_z3_long   9178s  best 2999/4096  current 2999  kicks 146  iters 43799207 (4772/s)  best: cx 0 tof 0
[2026-09-25 09:50:16] span_L5_s64_c1_z3_long   9193s  best 2999/4096  current 2999  kicks 146  iters 43870985 (4772/s)  best: cx 0 tof 0
[2026-09-25 09:50:31] span_L5_s64_c1_z3_long   9208s  best 2999/4096  current 2999  kicks 146  iters 43943594 (4772/s)  best: cx 0 tof 0
[2026-09-25 09:50:41] span_L5_s64_c1_z3_long   9218s  best 2999/4096  current 2999  kicks 147  iters 43990972 (4772/s)  best: cx 0 tof 0
[2026-09-25 09:50:56] span_L5_s64_c1_z3_long   9233s  best 2999/4096  current 2999  kicks 147  iters 44063968 (4772/s)  best: cx 0 tof 0
[2026-09-25 09:51:11] span_L5_s64_c1_z3_long   9248s  best 2999/4096  current 2999  kicks 147  iters 44136049 (4772/s)  best: cx 0 tof 0
[2026-09-25 09:51:26] span_L5_s64_c1_z3_long   9263s  best 2999/4096  current 2999  kicks 147  iters 44209876 (4772/s)  best: cx 0 tof 0
[2026-09-25 09:51:36] span_L5_s64_c1_z3_long   9273s  best 2999/4096  current 2999  kicks 148  iters 44257755 (4772/s)  best: cx 0 tof 0
[2026-09-25 09:51:51] span_L5_s64_c1_z3_long   9288s  best 2999/4096  current 2999  kicks 148  iters 44330492 (4772/s)  best: cx 0 tof 0
[2026-09-25 09:52:05] span_L5_s64_c1_z3_long   9303s  best 2999/4096  current 2999  kicks 148  iters 44403535 (4772/s)  best: cx 0 tof 0
[2026-09-25 09:52:15] span_L5_s64_c1_z3_long   9313s  best 2999/4096  current 2999  kicks 148  iters 44451892 (4772/s)  best: cx 0 tof 0
[2026-09-25 09:52:26] span_L5_s64_c1_z3_long   9323s  best 2999/4096  current 2999  kicks 148  iters 44501126 (4773/s)  best: cx 0 tof 0
[2026-09-25 09:52:36] span_L5_s64_c1_z3_long   9333s  best 2999/4096  current 2999  kicks 148  iters 44549662 (4773/s)  best: cx 0 tof 0
[2026-09-25 09:52:51] span_L5_s64_c1_z3_long   9348s  best 2999/4096  current 2999  kicks 149  iters 44621908 (4773/s)  best: cx 0 tof 0
[2026-09-25 09:53:06] span_L5_s64_c1_z3_long   9363s  best 2999/4096  current 2999  kicks 149  iters 44694660 (4773/s)  best: cx 0 tof 0
[2026-09-25 09:53:21] span_L5_s64_c1_z3_long   9378s  best 2999/4096  current 2999  kicks 149  iters 44765119 (4773/s)  best: cx 0 tof 0
[2026-09-25 09:53:36] span_L5_s64_c1_z3_long   9393s  best 2999/4096  current 2999  kicks 149  iters 44838620 (4773/s)  best: cx 0 tof 0
[2026-09-25 09:53:51] span_L5_s64_c1_z3_long   9408s  best 2999/4096  current 2999  kicks 150  iters 44912208 (4773/s)  best: cx 0 tof 0
[2026-09-25 09:54:01] span_L5_s64_c1_z3_long   9418s  best 2999/4096  current 2999  kicks 150  iters 44960647 (4773/s)  best: cx 0 tof 0
[2026-09-25 09:54:16] span_L5_s64_c1_z3_long   9433s  best 2999/4096  current 2999  kicks 150  iters 45032631 (4773/s)  best: cx 0 tof 0
[2026-09-25 09:54:26] span_L5_s64_c1_z3_long   9443s  best 2999/4096  current 2999  kicks 150  iters 45080596 (4773/s)  best: cx 0 tof 0
[2026-09-25 09:54:36] span_L5_s64_c1_z3_long   9453s  best 2999/4096  current 2999  kicks 150  iters 45128121 (4773/s)  best: cx 0 tof 0
[2026-09-25 09:54:51] span_L5_s64_c1_z3_long   9468s  best 2999/4096  current 2999  kicks 151  iters 45199232 (4773/s)  best: cx 0 tof 0
[2026-09-25 09:55:01] span_L5_s64_c1_z3_long   9479s  best 2999/4096  current 2999  kicks 151  iters 45247978 (4773/s)  best: cx 0 tof 0
[2026-09-25 09:55:16] span_L5_s64_c1_z3_long   9493s  best 2999/4096  current 2999  kicks 151  iters 45319216 (4773/s)  best: cx 0 tof 0
[2026-09-25 09:55:31] span_L5_s64_c1_z3_long   9508s  best 2999/4096  current 2999  kicks 151  iters 45390935 (4773/s)  best: cx 0 tof 0
[2026-09-25 09:55:41] span_L5_s64_c1_z3_long   9518s  best 2999/4096  current 2999  kicks 151  iters 45439308 (4773/s)  best: cx 0 tof 0
[2026-09-25 09:55:51] span_L5_s64_c1_z3_long   9529s  best 2999/4096  current 2999  kicks 152  iters 45487006 (4773/s)  best: cx 0 tof 0
[2026-09-25 09:56:06] span_L5_s64_c1_z3_long   9543s  best 2999/4096  current 2999  kicks 152  iters 45560035 (4773/s)  best: cx 0 tof 0
[2026-09-25 09:56:21] span_L5_s64_c1_z3_long   9558s  best 2999/4096  current 2999  kicks 152  iters 45633411 (4774/s)  best: cx 0 tof 0
[2026-09-25 09:56:36] span_L5_s64_c1_z3_long   9573s  best 2999/4096  current 2999  kicks 152  iters 45706616 (4774/s)  best: cx 0 tof 0
[2026-09-25 09:56:46] span_L5_s64_c1_z3_long   9583s  best 2999/4096  current 2999  kicks 152  iters 45755150 (4774/s)  best: cx 0 tof 0
[2026-09-25 09:56:56] span_L5_s64_c1_z3_long   9593s  best 2999/4096  current 2999  kicks 153  iters 45803153 (4774/s)  best: cx 0 tof 0
[2026-09-25 09:57:11] span_L5_s64_c1_z3_long   9608s  best 2999/4096  current 2999  kicks 153  iters 45876232 (4774/s)  best: cx 0 tof 0
[2026-09-25 09:57:26] span_L5_s64_c1_z3_long   9624s  best 2999/4096  current 2999  kicks 153  iters 45948989 (4774/s)  best: cx 0 tof 0
[2026-09-25 09:57:41] span_L5_s64_c1_z3_long   9639s  best 2999/4096  current 2999  kicks 153  iters 46020176 (4774/s)  best: cx 0 tof 0
[2026-09-25 09:57:56] span_L5_s64_c1_z3_long   9653s  best 2999/4096  current 2999  kicks 153  iters 46092276 (4774/s)  best: cx 0 tof 0
[2026-09-25 09:58:06] span_L5_s64_c1_z3_long   9664s  best 2999/4096  current 2999  kicks 154  iters 46140203 (4774/s)  best: cx 0 tof 0
[2026-09-25 09:58:21] span_L5_s64_c1_z3_long   9679s  best 2999/4096  current 2999  kicks 154  iters 46211950 (4774/s)  best: cx 0 tof 0
[2026-09-25 09:58:31] span_L5_s64_c1_z3_long   9689s  best 2999/4096  current 2999  kicks 154  iters 46259167 (4774/s)  best: cx 0 tof 0
[2026-09-25 09:58:46] span_L5_s64_c1_z3_long   9704s  best 2999/4096  current 2999  kicks 154  iters 46331045 (4774/s)  best: cx 0 tof 0
[2026-09-25 09:59:01] span_L5_s64_c1_z3_long   9718s  best 2999/4096  current 2999  kicks 155  iters 46403325 (4774/s)  best: cx 0 tof 0
[2026-09-25 09:59:16] span_L5_s64_c1_z3_long   9733s  best 2999/4096  current 2999  kicks 155  iters 46477580 (4775/s)  best: cx 0 tof 0
[2026-09-25 09:59:26] span_L5_s64_c1_z3_long   9744s  best 2999/4096  current 2999  kicks 155  iters 46526681 (4775/s)  best: cx 0 tof 0
[2026-09-25 09:59:41] span_L5_s64_c1_z3_long   9758s  best 2999/4096  current 2999  kicks 155  iters 46600095 (4775/s)  best: cx 0 tof 0
[2026-09-25 09:59:51] span_L5_s64_c1_z3_long   9769s  best 2999/4096  current 2999  kicks 155  iters 46648950 (4775/s)  best: cx 0 tof 0
[2026-09-25 10:00:06] span_L5_s64_c1_z3_long   9784s  best 2999/4096  current 2999  kicks 156  iters 46720916 (4775/s)  best: cx 0 tof 0
[2026-09-25 10:00:16] span_L5_s64_c1_z3_long   9794s  best 2999/4096  current 2999  kicks 156  iters 46768186 (4775/s)  best: cx 0 tof 0
[2026-09-25 10:00:31] span_L5_s64_c1_z3_long   9809s  best 2999/4096  current 2999  kicks 156  iters 46839686 (4775/s)  best: cx 0 tof 0
[2026-09-25 10:00:46] span_L5_s64_c1_z3_long   9824s  best 2999/4096  current 2999  kicks 156  iters 46912730 (4775/s)  best: cx 0 tof 0
[2026-09-25 10:01:01] span_L5_s64_c1_z3_long   9839s  best 2999/4096  current 2999  kicks 156  iters 46986187 (4775/s)  best: cx 0 tof 0
[2026-09-25 10:01:16] span_L5_s64_c1_z3_long   9854s  best 2999/4096  current 2999  kicks 157  iters 47058361 (4775/s)  best: cx 0 tof 0
[2026-09-25 10:01:26] span_L5_s64_c1_z3_long   9864s  best 2999/4096  current 2999  kicks 157  iters 47105757 (4775/s)  best: cx 0 tof 0
[2026-09-25 10:01:36] span_L5_s64_c1_z3_long   9874s  best 2999/4096  current 2999  kicks 157  iters 47153663 (4775/s)  best: cx 0 tof 0
[2026-09-25 10:01:46] span_L5_s64_c1_z3_long   9884s  best 2999/4096  current 2999  kicks 157  iters 47200688 (4775/s)  best: cx 0 tof 0
[2026-09-25 10:02:01] span_L5_s64_c1_z3_long   9899s  best 2999/4096  current 2999  kicks 157  iters 47270323 (4775/s)  best: cx 0 tof 0
[2026-09-25 10:02:16] span_L5_s64_c1_z3_long   9914s  best 2999/4096  current 2999  kicks 158  iters 47341666 (4775/s)  best: cx 0 tof 0
[2026-09-25 10:02:26] span_L5_s64_c1_z3_long   9924s  best 2999/4096  current 2999  kicks 158  iters 47390944 (4775/s)  best: cx 0 tof 0
[2026-09-25 10:02:41] span_L5_s64_c1_z3_long   9939s  best 2999/4096  current 2999  kicks 158  iters 47463883 (4775/s)  best: cx 0 tof 0
[2026-09-25 10:02:56] span_L5_s64_c1_z3_long   9954s  best 2999/4096  current 2999  kicks 158  iters 47534887 (4775/s)  best: cx 0 tof 0
[2026-09-25 10:03:06] span_L5_s64_c1_z3_long   9964s  best 2999/4096  current 2999  kicks 158  iters 47583033 (4775/s)  best: cx 0 tof 0
[2026-09-25 10:03:21] span_L5_s64_c1_z3_long   9979s  best 2999/4096  current 2999  kicks 159  iters 47655708 (4775/s)  best: cx 0 tof 0
[2026-09-25 10:03:36] span_L5_s64_c1_z3_long   9994s  best 2999/4096  current 2999  kicks 159  iters 47727258 (4775/s)  best: cx 0 tof 0
[2026-09-25 10:03:51] span_L5_s64_c1_z3_long  10009s  best 2999/4096  current 2999  kicks 159  iters 47801018 (4775/s)  best: cx 0 tof 0
[2026-09-25 10:04:01] span_L5_s64_c1_z3_long  10019s  best 2999/4096  current 2999  kicks 159  iters 47849405 (4776/s)  best: cx 0 tof 0
[2026-09-25 10:04:16] span_L5_s64_c1_z3_long  10034s  best 2999/4096  current 2999  kicks 160  iters 47922062 (4776/s)  best: cx 0 tof 0
[2026-09-25 10:04:26] span_L5_s64_c1_z3_long  10044s  best 2999/4096  current 2999  kicks 160  iters 47969906 (4776/s)  best: cx 0 tof 0
[2026-09-25 10:04:41] span_L5_s64_c1_z3_long  10059s  best 2999/4096  current 2999  kicks 160  iters 48041254 (4776/s)  best: cx 0 tof 0
[2026-09-25 10:04:51] span_L5_s64_c1_z3_long  10069s  best 2999/4096  current 2999  kicks 160  iters 48087837 (4775/s)  best: cx 0 tof 0
[2026-09-25 10:05:01] span_L5_s64_c1_z3_long  10079s  best 2999/4096  current 2999  kicks 160  iters 48134633 (4775/s)  best: cx 0 tof 0
[2026-09-25 10:05:11] span_L5_s64_c1_z3_long  10089s  best 2999/4096  current 2999  kicks 160  iters 48181015 (4775/s)  best: cx 0 tof 0
[2026-09-25 10:05:26] span_L5_s64_c1_z3_long  10104s  best 2999/4096  current 2999  kicks 161  iters 48252457 (4775/s)  best: cx 0 tof 0
[2026-09-25 10:05:36] span_L5_s64_c1_z3_long  10114s  best 2999/4096  current 2999  kicks 161  iters 48301568 (4775/s)  best: cx 0 tof 0
[2026-09-25 10:05:51] span_L5_s64_c1_z3_long  10129s  best 2999/4096  current 2999  kicks 161  iters 48372155 (4775/s)  best: cx 0 tof 0
[2026-09-25 10:06:01] span_L5_s64_c1_z3_long  10139s  best 2999/4096  current 2999  kicks 161  iters 48421247 (4775/s)  best: cx 0 tof 0
[2026-09-25 10:06:11] span_L5_s64_c1_z3_long  10149s  best 2999/4096  current 2999  kicks 161  iters 48468713 (4775/s)  best: cx 0 tof 0
[2026-09-25 10:06:26] span_L5_s64_c1_z3_long  10164s  best 2999/4096  current 2999  kicks 162  iters 48542044 (4775/s)  best: cx 0 tof 0
[2026-09-25 10:06:41] span_L5_s64_c1_z3_long  10179s  best 2999/4096  current 2999  kicks 162  iters 48614187 (4775/s)  best: cx 0 tof 0
[2026-09-25 10:06:56] span_L5_s64_c1_z3_long  10194s  best 2999/4096  current 2999  kicks 162  iters 48685264 (4776/s)  best: cx 0 tof 0
[2026-09-25 10:07:06] span_L5_s64_c1_z3_long  10204s  best 2999/4096  current 2999  kicks 162  iters 48733470 (4775/s)  best: cx 0 tof 0
[2026-09-25 10:07:21] span_L5_s64_c1_z3_long  10219s  best 2999/4096  current 2999  kicks 163  iters 48805025 (4775/s)  best: cx 0 tof 0
[2026-09-25 10:07:31] span_L5_s64_c1_z3_long  10229s  best 2999/4096  current 2999  kicks 163  iters 48852257 (4775/s)  best: cx 0 tof 0
[2026-09-25 10:07:46] span_L5_s64_c1_z3_long  10244s  best 2999/4096  current 2999  kicks 163  iters 48923666 (4775/s)  best: cx 0 tof 0
[2026-09-25 10:08:01] span_L5_s64_c1_z3_long  10259s  best 2999/4096  current 2999  kicks 163  iters 48996347 (4775/s)  best: cx 0 tof 0
[2026-09-25 10:08:11] span_L5_s64_c1_z3_long  10269s  best 2999/4096  current 2999  kicks 163  iters 49042540 (4775/s)  best: cx 0 tof 0
[2026-09-25 10:08:26] span_L5_s64_c1_z3_long  10284s  best 2999/4096  current 2999  kicks 164  iters 49114447 (4775/s)  best: cx 0 tof 0
[2026-09-25 10:08:36] span_L5_s64_c1_z3_long  10294s  best 2999/4096  current 2999  kicks 164  iters 49162502 (4775/s)  best: cx 0 tof 0
[2026-09-25 10:08:46] span_L5_s64_c1_z3_long  10304s  best 2999/4096  current 2999  kicks 164  iters 49211046 (4775/s)  best: cx 0 tof 0
[2026-09-25 10:09:01] span_L5_s64_c1_z3_long  10319s  best 2999/4096  current 2999  kicks 164  iters 49282823 (4775/s)  best: cx 0 tof 0
[2026-09-25 10:09:16] span_L5_s64_c1_z3_long  10334s  best 2999/4096  current 2999  kicks 164  iters 49353853 (4775/s)  best: cx 0 tof 0
[2026-09-25 10:09:26] span_L5_s64_c1_z3_long  10344s  best 2999/4096  current 2999  kicks 165  iters 49401040 (4775/s)  best: cx 0 tof 0
[2026-09-25 10:09:41] span_L5_s64_c1_z3_long  10359s  best 2999/4096  current 2999  kicks 165  iters 49472313 (4775/s)  best: cx 0 tof 0
[2026-09-25 10:09:56] span_L5_s64_c1_z3_long  10374s  best 2999/4096  current 2999  kicks 165  iters 49543202 (4775/s)  best: cx 0 tof 0
[2026-09-25 10:10:06] span_L5_s64_c1_z3_long  10384s  best 2999/4096  current 2999  kicks 165  iters 49591623 (4775/s)  best: cx 0 tof 0
[2026-09-25 10:10:21] span_L5_s64_c1_z3_long  10399s  best 2999/4096  current 2999  kicks 165  iters 49662807 (4775/s)  best: cx 0 tof 0
[2026-09-25 10:10:36] span_L5_s64_c1_z3_long  10414s  best 2999/4096  current 2999  kicks 166  iters 49733065 (4775/s)  best: cx 0 tof 0
[2026-09-25 10:10:46] span_L5_s64_c1_z3_long  10424s  best 2999/4096  current 2999  kicks 166  iters 49780280 (4775/s)  best: cx 0 tof 0
[2026-09-25 10:10:56] span_L5_s64_c1_z3_long  10434s  best 2999/4096  current 2999  kicks 166  iters 49826811 (4775/s)  best: cx 0 tof 0
[2026-09-25 10:11:11] span_L5_s64_c1_z3_long  10449s  best 2999/4096  current 2999  kicks 166  iters 49897900 (4775/s)  best: cx 0 tof 0
[2026-09-25 10:11:21] span_L5_s64_c1_z3_long  10459s  best 2999/4096  current 2999  kicks 166  iters 49945791 (4775/s)  best: cx 0 tof 0
[2026-09-25 10:11:36] span_L5_s64_c1_z3_long  10474s  best 2999/4096  current 2999  kicks 167  iters 50017851 (4775/s)  best: cx 0 tof 0
[2026-09-25 10:11:51] span_L5_s64_c1_z3_long  10489s  best 2999/4096  current 2999  kicks 167  iters 50091355 (4775/s)  best: cx 0 tof 0
[2026-09-25 10:12:06] span_L5_s64_c1_z3_long  10504s  best 2999/4096  current 2999  kicks 167  iters 50163946 (4775/s)  best: cx 0 tof 0
[2026-09-25 10:12:21] span_L5_s64_c1_z3_long  10519s  best 2999/4096  current 2999  kicks 167  iters 50236565 (4775/s)  best: cx 0 tof 0
[2026-09-25 10:12:31] span_L5_s64_c1_z3_long  10529s  best 2999/4096  current 2999  kicks 168  iters 50285375 (4775/s)  best: cx 0 tof 0
[2026-09-25 10:12:46] span_L5_s64_c1_z3_long  10544s  best 2999/4096  current 2999  kicks 168  iters 50357384 (4775/s)  best: cx 0 tof 0
[2026-09-25 10:12:56] span_L5_s64_c1_z3_long  10554s  best 2999/4096  current 2999  kicks 168  iters 50405705 (4776/s)  best: cx 0 tof 0
[2026-09-25 10:13:06] span_L5_s64_c1_z3_long  10564s  best 2999/4096  current 2999  kicks 168  iters 50453505 (4776/s)  best: cx 0 tof 0
[2026-09-25 10:13:16] span_L5_s64_c1_z3_long  10574s  best 2999/4096  current 2999  kicks 168  iters 50500832 (4775/s)  best: cx 0 tof 0
[2026-09-25 10:13:31] span_L5_s64_c1_z3_long  10589s  best 2999/4096  current 2999  kicks 169  iters 50571014 (4775/s)  best: cx 0 tof 0
[2026-09-25 10:13:46] span_L5_s64_c1_z3_long  10604s  best 2999/4096  current 2999  kicks 169  iters 50642068 (4775/s)  best: cx 0 tof 0
[2026-09-25 10:14:01] span_L5_s64_c1_z3_long  10619s  best 2999/4096  current 2999  kicks 169  iters 50715832 (4775/s)  best: cx 0 tof 0
[2026-09-25 10:14:16] span_L5_s64_c1_z3_long  10634s  best 2999/4096  current 2999  kicks 169  iters 50786125 (4775/s)  best: cx 0 tof 0
[2026-09-25 10:14:32] span_L5_s64_c1_z3_long  10649s  best 2999/4096  current 2999  kicks 169  iters 50857150 (4775/s)  best: cx 0 tof 0
[2026-09-25 10:14:46] span_L5_s64_c1_z3_long  10664s  best 2999/4096  current 2999  kicks 170  iters 50927998 (4775/s)  best: cx 0 tof 0
[2026-09-25 10:14:56] span_L5_s64_c1_z3_long  10674s  best 2999/4096  current 2999  kicks 170  iters 50975472 (4775/s)  best: cx 0 tof 0
[2026-09-25 10:15:06] span_L5_s64_c1_z3_long  10684s  best 2999/4096  current 2999  kicks 170  iters 51023041 (4775/s)  best: cx 0 tof 0
[2026-09-25 10:15:21] span_L5_s64_c1_z3_long  10699s  best 2999/4096  current 2999  kicks 170  iters 51093196 (4775/s)  best: cx 0 tof 0
[2026-09-25 10:15:31] span_L5_s64_c1_z3_long  10709s  best 2999/4096  current 2999  kicks 170  iters 51141219 (4775/s)  best: cx 0 tof 0
[2026-09-25 10:15:47] span_L5_s64_c1_z3_long  10724s  best 2999/4096  current 2999  kicks 171  iters 51214422 (4775/s)  best: cx 0 tof 0
[2026-09-25 10:16:01] span_L5_s64_c1_z3_long  10739s  best 2999/4096  current 2999  kicks 171  iters 51285779 (4775/s)  best: cx 0 tof 0
[2026-09-25 10:16:16] span_L5_s64_c1_z3_long  10754s  best 2999/4096  current 2999  kicks 171  iters 51357319 (4775/s)  best: cx 0 tof 0
[2026-09-25 10:16:31] span_L5_s64_c1_z3_long  10769s  best 2999/4096  current 2999  kicks 171  iters 51429518 (4775/s)  best: cx 0 tof 0
[2026-09-25 10:16:41] span_L5_s64_c1_z3_long  10779s  best 2999/4096  current 2999  kicks 172  iters 51477163 (4775/s)  best: cx 0 tof 0
[2026-09-25 10:16:57] span_L5_s64_c1_z3_long  10794s  best 2999/4096  current 2999  kicks 172  iters 51548458 (4775/s)  best: cx 0 tof 0
[2026-09-25 10:17:06] span_L5_s64_c1_z3_long  10804s  best 2999/4096  current 2999  kicks 172  iters 51595077 (4775/s)  best: cx 0 tof 0
[span_L5_s64_c1_z3_long] final best 2999 / 4096
