[span_L7_s63_c1_z3_long] start fitness 3232 / 4096  (CZ layer 3, LCX 1, TEMP 1.00, MAXMUT 3, KICK 8 gates after 60s stuck)
[2026-09-25 07:17:15] span_L7_s63_c1_z3_long     12s  best 3510/4096  current 3510  kicks 0  iters 28582 (2320/s)  best: cx 38 tof 24
[2026-09-25 07:17:29] span_L7_s63_c1_z3_long     27s  best 3586/4096  current 3580  kicks 0  iters 63283 (2323/s)  best: cx 36 tof 25
[2026-09-25 07:17:44] span_L7_s63_c1_z3_long     42s  best 3589/4096  current 3576  kicks 0  iters 98724 (2338/s)  best: cx 41 tof 27
[2026-09-25 07:17:55] span_L7_s63_c1_z3_long     52s  best 3589/4096  current 3588  kicks 0  iters 121724 (2323/s)  best: cx 41 tof 27
[2026-09-25 07:18:10] span_L7_s63_c1_z3_long     67s  best 3594/4096  current 3593  kicks 0  iters 155950 (2313/s)  best: cx 42 tof 27
[2026-09-25 07:18:25] span_L7_s63_c1_z3_long     83s  best 3594/4096  current 3591  kicks 0  iters 189323 (2291/s)  best: cx 42 tof 27
[2026-09-25 07:18:40] span_L7_s63_c1_z3_long     97s  best 3594/4096  current 3591  kicks 0  iters 222727 (2286/s)  best: cx 42 tof 27
[2026-09-25 07:18:54] span_L7_s63_c1_z3_long    112s  best 3603/4096  current 3603  kicks 0  iters 258301 (2314/s)  best: cx 40 tof 26
[2026-09-25 07:19:04] span_L7_s63_c1_z3_long    122s  best 3609/4096  current 3607  kicks 0  iters 284409 (2335/s)  best: cx 41 tof 29
[2026-09-25 07:19:19] span_L7_s63_c1_z3_long    137s  best 3609/4096  current 3607  kicks 0  iters 322758 (2359/s)  best: cx 41 tof 29
[2026-09-25 07:19:29] span_L7_s63_c1_z3_long    147s  best 3610/4096  current 3607  kicks 0  iters 348259 (2371/s)  best: cx 43 tof 27
[2026-09-25 07:19:39] span_L7_s63_c1_z3_long    157s  best 3610/4096  current 3609  kicks 0  iters 373825 (2381/s)  best: cx 43 tof 27
[2026-09-25 07:19:54] span_L7_s63_c1_z3_long    172s  best 3610/4096  current 3606  kicks 0  iters 411447 (2393/s)  best: cx 43 tof 27
[2026-09-25 07:20:09] span_L7_s63_c1_z3_long    187s  best 3614/4096  current 3611  kicks 0  iters 449629 (2405/s)  best: cx 42 tof 29
[2026-09-25 07:20:24] span_L7_s63_c1_z3_long    202s  best 3621/4096  current 3621  kicks 0  iters 487790 (2418/s)  best: cx 40 tof 29
[2026-09-25 07:20:34] span_L7_s63_c1_z3_long    212s  best 3621/4096  current 3621  kicks 0  iters 513745 (2423/s)  best: cx 40 tof 29
[2026-09-25 07:20:49] span_L7_s63_c1_z3_long    227s  best 3621/4096  current 3621  kicks 0  iters 551878 (2431/s)  best: cx 40 tof 29
[2026-09-25 07:21:04] span_L7_s63_c1_z3_long    242s  best 3622/4096  current 3621  kicks 0  iters 589556 (2438/s)  best: cx 40 tof 27
[2026-09-25 07:21:14] span_L7_s63_c1_z3_long    252s  best 3622/4096  current 3621  kicks 0  iters 615460 (2444/s)  best: cx 40 tof 27
[2026-09-25 07:21:29] span_L7_s63_c1_z3_long    267s  best 3622/4096  current 3615  kicks 0  iters 654208 (2451/s)  best: cx 40 tof 27
[2026-09-25 07:21:39] span_L7_s63_c1_z3_long    277s  best 3622/4096  current 3615  kicks 0  iters 679543 (2454/s)  best: cx 40 tof 27
[2026-09-25 07:21:54] span_L7_s63_c1_z3_long    292s  best 3622/4096  current 3617  kicks 0  iters 718159 (2462/s)  best: cx 40 tof 27
[2026-09-25 07:22:04] span_L7_s63_c1_z3_long    302s  best 3622/4096  current 3469  kicks 1  iters 744438 (2465/s)  best: cx 40 tof 27
[2026-09-25 07:22:14] span_L7_s63_c1_z3_long    312s  best 3622/4096  current 3471  kicks 1  iters 768532 (2461/s)  best: cx 40 tof 27
[2026-09-25 07:22:29] span_L7_s63_c1_z3_long    327s  best 3622/4096  current 3498  kicks 1  iters 805331 (2461/s)  best: cx 40 tof 27
[2026-09-25 07:22:44] span_L7_s63_c1_z3_long    342s  best 3622/4096  current 3505  kicks 1  iters 841607 (2460/s)  best: cx 40 tof 27
[2026-09-25 07:22:54] span_L7_s63_c1_z3_long    352s  best 3622/4096  current 3497  kicks 1  iters 866099 (2459/s)  best: cx 40 tof 27
[2026-09-25 07:23:09] span_L7_s63_c1_z3_long    367s  best 3622/4096  current 3562  kicks 2  iters 902445 (2457/s)  best: cx 40 tof 27
[2026-09-25 07:23:20] span_L7_s63_c1_z3_long    377s  best 3622/4096  current 3577  kicks 2  iters 926282 (2454/s)  best: cx 40 tof 27
[2026-09-25 07:23:34] span_L7_s63_c1_z3_long    392s  best 3622/4096  current 3603  kicks 2  iters 962202 (2453/s)  best: cx 40 tof 27
[2026-09-25 07:23:44] span_L7_s63_c1_z3_long    402s  best 3622/4096  current 3609  kicks 2  iters 985879 (2450/s)  best: cx 40 tof 27
[2026-09-25 07:23:59] span_L7_s63_c1_z3_long    417s  best 3622/4096  current 3611  kicks 2  iters 1022632 (2450/s)  best: cx 40 tof 27
[2026-09-25 07:24:15] span_L7_s63_c1_z3_long    432s  best 3622/4096  current 3584  kicks 3  iters 1058304 (2447/s)  best: cx 40 tof 27
[2026-09-25 07:24:26] span_L7_s63_c1_z3_long    443s  best 3622/4096  current 3606  kicks 3  iters 1080996 (2437/s)  best: cx 40 tof 27
[2026-09-25 07:24:40] span_L7_s63_c1_z3_long    458s  best 3622/4096  current 3614  kicks 3  iters 1111057 (2426/s)  best: cx 40 tof 27
[2026-09-25 07:24:55] span_L7_s63_c1_z3_long    473s  best 3622/4096  current 3620  kicks 3  iters 1143516 (2417/s)  best: cx 40 tof 27
[2026-09-25 07:25:10] span_L7_s63_c1_z3_long    488s  best 3623/4096  current 3617  kicks 3  iters 1175766 (2411/s)  best: cx 44 tof 26
[2026-09-25 07:25:20] span_L7_s63_c1_z3_long    498s  best 3624/4096  current 3623  kicks 3  iters 1198642 (2406/s)  best: cx 36 tof 26
[2026-09-25 07:25:31] span_L7_s63_c1_z3_long    509s  best 3624/4096  current 3614  kicks 3  iters 1219313 (2397/s)  best: cx 36 tof 26
[2026-09-25 07:25:45] span_L7_s63_c1_z3_long    523s  best 3626/4096  current 3626  kicks 3  iters 1248603 (2386/s)  best: cx 39 tof 26
[2026-09-25 07:25:56] span_L7_s63_c1_z3_long    534s  best 3628/4096  current 3620  kicks 3  iters 1268689 (2377/s)  best: cx 40 tof 25
[2026-09-25 07:26:11] span_L7_s63_c1_z3_long    548s  best 3633/4096  current 3633  kicks 3  iters 1298456 (2367/s)  best: cx 39 tof 30
[2026-09-25 07:26:25] span_L7_s63_c1_z3_long    563s  best 3633/4096  current 3628  kicks 3  iters 1328315 (2358/s)  best: cx 39 tof 30
[2026-09-25 07:26:41] span_L7_s63_c1_z3_long    579s  best 3633/4096  current 3631  kicks 3  iters 1358996 (2348/s)  best: cx 39 tof 30
[2026-09-25 07:26:55] span_L7_s63_c1_z3_long    593s  best 3633/4096  current 3628  kicks 3  iters 1388615 (2340/s)  best: cx 39 tof 30
[2026-09-25 07:27:06] span_L7_s63_c1_z3_long    604s  best 3633/4096  current 3628  kicks 3  iters 1408564 (2332/s)  best: cx 39 tof 30
[2026-09-25 07:27:21] span_L7_s63_c1_z3_long    618s  best 3633/4096  current 3527  kicks 4  iters 1439497 (2327/s)  best: cx 39 tof 30
[2026-09-25 07:27:31] span_L7_s63_c1_z3_long    628s  best 3633/4096  current 3541  kicks 4  iters 1460205 (2323/s)  best: cx 39 tof 30
[2026-09-25 07:27:46] span_L7_s63_c1_z3_long    644s  best 3633/4096  current 3555  kicks 4  iters 1491726 (2317/s)  best: cx 39 tof 30
[2026-09-25 07:28:00] span_L7_s63_c1_z3_long    658s  best 3633/4096  current 3558  kicks 4  iters 1522993 (2313/s)  best: cx 39 tof 30
[2026-09-25 07:28:11] span_L7_s63_c1_z3_long    669s  best 3633/4096  current 3559  kicks 4  iters 1544221 (2309/s)  best: cx 39 tof 30
[2026-09-25 07:28:26] span_L7_s63_c1_z3_long    684s  best 3633/4096  current 3594  kicks 5  iters 1576706 (2306/s)  best: cx 39 tof 30
[2026-09-25 07:28:36] span_L7_s63_c1_z3_long    694s  best 3633/4096  current 3605  kicks 5  iters 1596408 (2299/s)  best: cx 39 tof 30
[2026-09-25 07:28:51] span_L7_s63_c1_z3_long    709s  best 3633/4096  current 3610  kicks 5  iters 1624673 (2290/s)  best: cx 39 tof 30
[2026-09-25 07:29:02] span_L7_s63_c1_z3_long    720s  best 3633/4096  current 3618  kicks 5  iters 1643161 (2283/s)  best: cx 39 tof 30
[2026-09-25 07:29:17] span_L7_s63_c1_z3_long    734s  best 3633/4096  current 3625  kicks 5  iters 1669009 (2272/s)  best: cx 39 tof 30
[2026-09-25 07:29:31] span_L7_s63_c1_z3_long    749s  best 3633/4096  current 3592  kicks 6  iters 1699880 (2270/s)  best: cx 39 tof 30
[2026-09-25 07:29:46] span_L7_s63_c1_z3_long    764s  best 3633/4096  current 3596  kicks 6  iters 1732122 (2267/s)  best: cx 39 tof 30
[2026-09-25 07:30:01] span_L7_s63_c1_z3_long    779s  best 3633/4096  current 3602  kicks 6  iters 1764415 (2265/s)  best: cx 39 tof 30
[2026-09-25 07:30:11] span_L7_s63_c1_z3_long    789s  best 3633/4096  current 3606  kicks 6  iters 1785802 (2263/s)  best: cx 39 tof 30
[2026-09-25 07:30:25] span_L7_s63_c1_z3_long    803s  best 3633/4096  current 3520  kicks 7  iters 1817846 (2263/s)  best: cx 39 tof 30
[2026-09-25 07:30:36] span_L7_s63_c1_z3_long    814s  best 3633/4096  current 3536  kicks 7  iters 1841157 (2262/s)  best: cx 39 tof 30
[2026-09-25 07:30:51] span_L7_s63_c1_z3_long    829s  best 3633/4096  current 3533  kicks 7  iters 1873422 (2260/s)  best: cx 39 tof 30
[2026-09-25 07:31:01] span_L7_s63_c1_z3_long    839s  best 3633/4096  current 3536  kicks 7  iters 1894087 (2257/s)  best: cx 39 tof 30
[2026-09-25 07:31:16] span_L7_s63_c1_z3_long    854s  best 3633/4096  current 3541  kicks 7  iters 1925226 (2255/s)  best: cx 39 tof 30
[2026-09-25 07:31:31] span_L7_s63_c1_z3_long    868s  best 3633/4096  current 3572  kicks 8  iters 1958315 (2254/s)  best: cx 39 tof 30
[2026-09-25 07:31:46] span_L7_s63_c1_z3_long    883s  best 3633/4096  current 3586  kicks 8  iters 1992620 (2255/s)  best: cx 39 tof 30
[2026-09-25 07:32:00] span_L7_s63_c1_z3_long    898s  best 3633/4096  current 3591  kicks 8  iters 2027572 (2257/s)  best: cx 39 tof 30
[2026-09-25 07:32:11] span_L7_s63_c1_z3_long    908s  best 3633/4096  current 3592  kicks 8  iters 2051456 (2258/s)  best: cx 39 tof 30
[2026-09-25 07:32:21] span_L7_s63_c1_z3_long    919s  best 3633/4096  current 3592  kicks 8  iters 2074249 (2257/s)  best: cx 39 tof 30
[2026-09-25 07:32:36] span_L7_s63_c1_z3_long    934s  best 3633/4096  current 3613  kicks 9  iters 2108294 (2257/s)  best: cx 39 tof 30
[2026-09-25 07:32:46] span_L7_s63_c1_z3_long    944s  best 3633/4096  current 3626  kicks 9  iters 2129479 (2256/s)  best: cx 39 tof 30
[2026-09-25 07:32:56] span_L7_s63_c1_z3_long    954s  best 3633/4096  current 3626  kicks 9  iters 2150738 (2254/s)  best: cx 39 tof 30
[2026-09-25 07:33:10] span_L7_s63_c1_z3_long    968s  best 3665/4096  current 3665  kicks 9  iters 2182384 (2253/s)  best: cx 40 tof 26
[2026-09-25 07:33:21] span_L7_s63_c1_z3_long    978s  best 3668/4096  current 3662  kicks 9  iters 2206247 (2254/s)  best: cx 36 tof 28
[2026-09-25 07:33:35] span_L7_s63_c1_z3_long    993s  best 3671/4096  current 3666  kicks 9  iters 2242873 (2258/s)  best: cx 41 tof 27
[2026-09-25 07:33:50] span_L7_s63_c1_z3_long   1008s  best 3671/4096  current 3664  kicks 9  iters 2279677 (2261/s)  best: cx 41 tof 27
[2026-09-25 07:34:01] span_L7_s63_c1_z3_long   1018s  best 3671/4096  current 3671  kicks 9  iters 2304497 (2263/s)  best: cx 41 tof 27
[2026-09-25 07:34:15] span_L7_s63_c1_z3_long   1033s  best 3671/4096  current 3667  kicks 9  iters 2341018 (2265/s)  best: cx 41 tof 27
[2026-09-25 07:34:25] span_L7_s63_c1_z3_long   1043s  best 3671/4096  current 3660  kicks 9  iters 2366022 (2268/s)  best: cx 41 tof 27
[2026-09-25 07:34:35] span_L7_s63_c1_z3_long   1053s  best 3673/4096  current 3670  kicks 9  iters 2390930 (2269/s)  best: cx 36 tof 28
[2026-09-25 07:34:50] span_L7_s63_c1_z3_long   1068s  best 3680/4096  current 3664  kicks 9  iters 2427279 (2272/s)  best: cx 35 tof 29
[2026-09-25 07:35:05] span_L7_s63_c1_z3_long   1083s  best 3680/4096  current 3664  kicks 9  iters 2464906 (2275/s)  best: cx 35 tof 29
[2026-09-25 07:35:20] span_L7_s63_c1_z3_long   1098s  best 3680/4096  current 3673  kicks 9  iters 2503343 (2279/s)  best: cx 35 tof 29
[2026-09-25 07:35:31] span_L7_s63_c1_z3_long   1108s  best 3680/4096  current 3665  kicks 9  iters 2528609 (2281/s)  best: cx 35 tof 29
[2026-09-25 07:35:46] span_L7_s63_c1_z3_long   1123s  best 3680/4096  current 3665  kicks 9  iters 2564958 (2283/s)  best: cx 35 tof 29
[2026-09-25 07:36:01] span_L7_s63_c1_z3_long   1138s  best 3680/4096  current 3572  kicks 10  iters 2601497 (2285/s)  best: cx 35 tof 29
[2026-09-25 07:36:11] span_L7_s63_c1_z3_long   1149s  best 3680/4096  current 3576  kicks 10  iters 2625970 (2286/s)  best: cx 35 tof 29
[2026-09-25 07:36:21] span_L7_s63_c1_z3_long   1159s  best 3680/4096  current 3580  kicks 10  iters 2649382 (2286/s)  best: cx 35 tof 29
[2026-09-25 07:36:36] span_L7_s63_c1_z3_long   1174s  best 3680/4096  current 3589  kicks 10  iters 2684402 (2287/s)  best: cx 35 tof 29
[2026-09-25 07:36:51] span_L7_s63_c1_z3_long   1189s  best 3680/4096  current 3572  kicks 10  iters 2719979 (2288/s)  best: cx 35 tof 29
[2026-09-25 07:37:02] span_L7_s63_c1_z3_long   1200s  best 3680/4096  current 3579  kicks 11  iters 2743465 (2287/s)  best: cx 35 tof 29
[2026-09-25 07:37:16] span_L7_s63_c1_z3_long   1214s  best 3680/4096  current 3589  kicks 11  iters 2773714 (2285/s)  best: cx 35 tof 29
[2026-09-25 07:37:26] span_L7_s63_c1_z3_long   1224s  best 3680/4096  current 3592  kicks 11  iters 2795873 (2284/s)  best: cx 35 tof 29
[2026-09-25 07:37:37] span_L7_s63_c1_z3_long   1235s  best 3680/4096  current 3595  kicks 11  iters 2817431 (2282/s)  best: cx 35 tof 29
[2026-09-25 07:37:51] span_L7_s63_c1_z3_long   1249s  best 3680/4096  current 3603  kicks 11  iters 2848481 (2280/s)  best: cx 35 tof 29
[2026-09-25 07:38:06] span_L7_s63_c1_z3_long   1264s  best 3680/4096  current 3588  kicks 12  iters 2884045 (2282/s)  best: cx 35 tof 29
[2026-09-25 07:38:16] span_L7_s63_c1_z3_long   1274s  best 3680/4096  current 3587  kicks 12  iters 2908624 (2283/s)  best: cx 35 tof 29
[2026-09-25 07:38:26] span_L7_s63_c1_z3_long   1284s  best 3680/4096  current 3586  kicks 12  iters 2932171 (2283/s)  best: cx 35 tof 29
[2026-09-25 07:38:41] span_L7_s63_c1_z3_long   1299s  best 3680/4096  current 3596  kicks 12  iters 2969646 (2286/s)  best: cx 35 tof 29
[2026-09-25 07:38:51] span_L7_s63_c1_z3_long   1309s  best 3680/4096  current 3585  kicks 12  iters 2993393 (2287/s)  best: cx 35 tof 29
[2026-09-25 07:39:02] span_L7_s63_c1_z3_long   1320s  best 3680/4096  current 3566  kicks 13  iters 3016761 (2285/s)  best: cx 35 tof 29
[2026-09-25 07:39:14] span_L7_s63_c1_z3_long   1332s  best 3680/4096  current 3595  kicks 13  iters 3035345 (2279/s)  best: cx 35 tof 29
[2026-09-25 07:39:29] span_L7_s63_c1_z3_long   1346s  best 3680/4096  current 3628  kicks 13  iters 3057605 (2270/s)  best: cx 35 tof 29
[2026-09-25 07:39:39] span_L7_s63_c1_z3_long   1356s  best 3680/4096  current 3627  kicks 13  iters 3072146 (2264/s)  best: cx 35 tof 29
[2026-09-25 07:39:49] span_L7_s63_c1_z3_long   1366s  best 3680/4096  current 3631  kicks 13  iters 3086645 (2258/s)  best: cx 35 tof 29
[2026-09-25 07:40:02] span_L7_s63_c1_z3_long   1379s  best 3680/4096  current 3567  kicks 14  iters 3108991 (2253/s)  best: cx 35 tof 29
[2026-09-25 07:40:12] span_L7_s63_c1_z3_long   1390s  best 3680/4096  current 3585  kicks 14  iters 3132349 (2253/s)  best: cx 35 tof 29
[2026-09-25 07:40:22] span_L7_s63_c1_z3_long   1400s  best 3680/4096  current 3591  kicks 14  iters 3156211 (2254/s)  best: cx 35 tof 29
[2026-09-25 07:40:32] span_L7_s63_c1_z3_long   1410s  best 3680/4096  current 3592  kicks 14  iters 3178091 (2254/s)  best: cx 35 tof 29
[2026-09-25 07:40:47] span_L7_s63_c1_z3_long   1425s  best 3680/4096  current 3597  kicks 14  iters 3211917 (2254/s)  best: cx 35 tof 29
[2026-09-25 07:41:02] span_L7_s63_c1_z3_long   1439s  best 3680/4096  current 3598  kicks 14  iters 3247791 (2256/s)  best: cx 35 tof 29
[2026-09-25 07:41:12] span_L7_s63_c1_z3_long   1450s  best 3680/4096  current 3584  kicks 15  iters 3271249 (2255/s)  best: cx 35 tof 29
[2026-09-25 07:41:22] span_L7_s63_c1_z3_long   1460s  best 3680/4096  current 3606  kicks 15  iters 3293403 (2255/s)  best: cx 35 tof 29
[2026-09-25 07:41:33] span_L7_s63_c1_z3_long   1471s  best 3680/4096  current 3655  kicks 15  iters 3313246 (2252/s)  best: cx 35 tof 29
[2026-09-25 07:41:43] span_L7_s63_c1_z3_long   1481s  best 3680/4096  current 3667  kicks 15  iters 3330817 (2248/s)  best: cx 35 tof 29
[2026-09-25 07:41:58] span_L7_s63_c1_z3_long   1496s  best 3680/4096  current 3669  kicks 15  iters 3357213 (2243/s)  best: cx 35 tof 29
[2026-09-25 07:42:12] span_L7_s63_c1_z3_long   1510s  best 3680/4096  current 3560  kicks 16  iters 3387246 (2243/s)  best: cx 35 tof 29
[2026-09-25 07:42:22] span_L7_s63_c1_z3_long   1520s  best 3680/4096  current 3564  kicks 16  iters 3411156 (2244/s)  best: cx 35 tof 29
[2026-09-25 07:42:32] span_L7_s63_c1_z3_long   1530s  best 3680/4096  current 3576  kicks 16  iters 3434843 (2244/s)  best: cx 35 tof 29
[2026-09-25 07:42:47] span_L7_s63_c1_z3_long   1545s  best 3680/4096  current 3591  kicks 16  iters 3469402 (2245/s)  best: cx 35 tof 29
[2026-09-25 07:42:57] span_L7_s63_c1_z3_long   1555s  best 3680/4096  current 3609  kicks 16  iters 3492287 (2245/s)  best: cx 35 tof 29
[2026-09-25 07:43:08] span_L7_s63_c1_z3_long   1566s  best 3680/4096  current 3622  kicks 16  iters 3514507 (2244/s)  best: cx 35 tof 29
[2026-09-25 07:43:23] span_L7_s63_c1_z3_long   1580s  best 3680/4096  current 3652  kicks 17  iters 3549462 (2245/s)  best: cx 35 tof 29
[2026-09-25 07:43:38] span_L7_s63_c1_z3_long   1596s  best 3680/4096  current 3652  kicks 17  iters 3584556 (2246/s)  best: cx 35 tof 29
[2026-09-25 07:43:48] span_L7_s63_c1_z3_long   1606s  best 3680/4096  current 3646  kicks 17  iters 3606651 (2246/s)  best: cx 35 tof 29
[2026-09-25 07:44:03] span_L7_s63_c1_z3_long   1621s  best 3689/4096  current 3686  kicks 17  iters 3640068 (2246/s)  best: cx 36 tof 28
[2026-09-25 07:44:18] span_L7_s63_c1_z3_long   1636s  best 3699/4096  current 3698  kicks 17  iters 3673323 (2245/s)  best: cx 39 tof 30
[2026-09-25 07:44:28] span_L7_s63_c1_z3_long   1646s  best 3701/4096  current 3701  kicks 17  iters 3694950 (2245/s)  best: cx 41 tof 31
[2026-09-25 07:44:38] span_L7_s63_c1_z3_long   1656s  best 3707/4096  current 3704  kicks 17  iters 3716842 (2244/s)  best: cx 43 tof 29
[2026-09-25 07:44:48] span_L7_s63_c1_z3_long   1666s  best 3714/4096  current 3714  kicks 17  iters 3738709 (2244/s)  best: cx 46 tof 28
[2026-09-25 07:45:03] span_L7_s63_c1_z3_long   1681s  best 3718/4096  current 3717  kicks 17  iters 3770444 (2243/s)  best: cx 40 tof 29
[2026-09-25 07:45:18] span_L7_s63_c1_z3_long   1696s  best 3718/4096  current 3713  kicks 17  iters 3802851 (2242/s)  best: cx 40 tof 29
[2026-09-25 07:45:28] span_L7_s63_c1_z3_long   1706s  best 3718/4096  current 3715  kicks 17  iters 3823726 (2241/s)  best: cx 40 tof 29
[2026-09-25 07:45:38] span_L7_s63_c1_z3_long   1716s  best 3718/4096  current 3717  kicks 17  iters 3844180 (2239/s)  best: cx 40 tof 29
[2026-09-25 07:45:49] span_L7_s63_c1_z3_long   1726s  best 3719/4096  current 3717  kicks 17  iters 3864097 (2238/s)  best: cx 39 tof 31
[2026-09-25 07:46:03] span_L7_s63_c1_z3_long   1741s  best 3720/4096  current 3718  kicks 17  iters 3893473 (2236/s)  best: cx 38 tof 29
[2026-09-25 07:46:18] span_L7_s63_c1_z3_long   1756s  best 3720/4096  current 3718  kicks 17  iters 3923760 (2234/s)  best: cx 38 tof 29
[2026-09-25 07:46:28] span_L7_s63_c1_z3_long   1766s  best 3723/4096  current 3723  kicks 17  iters 3944217 (2233/s)  best: cx 43 tof 28
[2026-09-25 07:46:38] span_L7_s63_c1_z3_long   1776s  best 3725/4096  current 3725  kicks 17  iters 3964115 (2231/s)  best: cx 36 tof 26
[2026-09-25 07:46:48] span_L7_s63_c1_z3_long   1786s  best 3739/4096  current 3738  kicks 17  iters 3984439 (2230/s)  best: cx 38 tof 32
[2026-09-25 07:46:59] span_L7_s63_c1_z3_long   1796s  best 3744/4096  current 3743  kicks 17  iters 4004819 (2229/s)  best: cx 39 tof 29
[2026-09-25 07:47:13] span_L7_s63_c1_z3_long   1811s  best 3745/4096  current 3744  kicks 17  iters 4034575 (2227/s)  best: cx 41 tof 31
[2026-09-25 07:47:29] span_L7_s63_c1_z3_long   1826s  best 3745/4096  current 3742  kicks 17  iters 4065288 (2225/s)  best: cx 41 tof 31
[2026-09-25 07:47:43] span_L7_s63_c1_z3_long   1841s  best 3745/4096  current 3743  kicks 17  iters 4094982 (2224/s)  best: cx 41 tof 31
[2026-09-25 07:47:53] span_L7_s63_c1_z3_long   1851s  best 3745/4096  current 3744  kicks 17  iters 4115381 (2223/s)  best: cx 41 tof 31
[2026-09-25 07:48:03] span_L7_s63_c1_z3_long   1861s  best 3745/4096  current 3744  kicks 17  iters 4135731 (2222/s)  best: cx 41 tof 31
[2026-09-25 07:48:18] span_L7_s63_c1_z3_long   1876s  best 3745/4096  current 3574  kicks 18  iters 4165883 (2221/s)  best: cx 41 tof 31
[2026-09-25 07:48:28] span_L7_s63_c1_z3_long   1886s  best 3745/4096  current 3571  kicks 18  iters 4188489 (2220/s)  best: cx 41 tof 31
[2026-09-25 07:48:38] span_L7_s63_c1_z3_long   1896s  best 3745/4096  current 3576  kicks 18  iters 4208992 (2219/s)  best: cx 41 tof 31
[2026-09-25 07:48:53] span_L7_s63_c1_z3_long   1911s  best 3745/4096  current 3585  kicks 18  iters 4239797 (2218/s)  best: cx 41 tof 31
[2026-09-25 07:49:08] span_L7_s63_c1_z3_long   1926s  best 3745/4096  current 3589  kicks 18  iters 4271768 (2218/s)  best: cx 41 tof 31
[2026-09-25 07:49:23] span_L7_s63_c1_z3_long   1941s  best 3745/4096  current 3561  kicks 19  iters 4304725 (2218/s)  best: cx 41 tof 31
[2026-09-25 07:49:37] span_L7_s63_c1_z3_long   1954s  best 3745/4096  current 3650  kicks 19  iters 4342636 (2221/s)  best: cx 41 tof 31
[2026-09-25 07:49:47] span_L7_s63_c1_z3_long   1965s  best 3745/4096  current 3663  kicks 19  iters 4372681 (2225/s)  best: cx 41 tof 31
[2026-09-25 07:49:57] span_L7_s63_c1_z3_long   1975s  best 3745/4096  current 3669  kicks 19  iters 4400665 (2228/s)  best: cx 41 tof 31
[2026-09-25 07:50:07] span_L7_s63_c1_z3_long   1985s  best 3745/4096  current 3675  kicks 19  iters 4429187 (2231/s)  best: cx 41 tof 31
[2026-09-25 07:50:17] span_L7_s63_c1_z3_long   1995s  best 3745/4096  current 3675  kicks 19  iters 4457754 (2234/s)  best: cx 41 tof 31
[2026-09-25 07:50:28] span_L7_s63_c1_z3_long   2005s  best 3745/4096  current 3604  kicks 20  iters 4486068 (2236/s)  best: cx 41 tof 31
[2026-09-25 07:50:43] span_L7_s63_c1_z3_long   2020s  best 3745/4096  current 3606  kicks 20  iters 4525298 (2239/s)  best: cx 41 tof 31
[2026-09-25 07:50:57] span_L7_s63_c1_z3_long   2035s  best 3745/4096  current 3630  kicks 20  iters 4564876 (2242/s)  best: cx 41 tof 31
[2026-09-25 07:51:08] span_L7_s63_c1_z3_long   2045s  best 3745/4096  current 3666  kicks 20  iters 4590762 (2244/s)  best: cx 41 tof 31
[2026-09-25 07:51:18] span_L7_s63_c1_z3_long   2055s  best 3745/4096  current 3670  kicks 20  iters 4615844 (2245/s)  best: cx 41 tof 31
[2026-09-25 07:51:28] span_L7_s63_c1_z3_long   2066s  best 3745/4096  current 3556  kicks 21  iters 4640919 (2246/s)  best: cx 41 tof 31
[2026-09-25 07:51:38] span_L7_s63_c1_z3_long   2076s  best 3745/4096  current 3616  kicks 21  iters 4664604 (2247/s)  best: cx 41 tof 31
[2026-09-25 07:51:48] span_L7_s63_c1_z3_long   2086s  best 3745/4096  current 3620  kicks 21  iters 4687722 (2247/s)  best: cx 41 tof 31
[2026-09-25 07:52:03] span_L7_s63_c1_z3_long   2101s  best 3745/4096  current 3626  kicks 21  iters 4721224 (2246/s)  best: cx 41 tof 31
[2026-09-25 07:52:18] span_L7_s63_c1_z3_long   2116s  best 3745/4096  current 3629  kicks 21  iters 4755419 (2247/s)  best: cx 41 tof 31
[2026-09-25 07:52:28] span_L7_s63_c1_z3_long   2126s  best 3745/4096  current 3564  kicks 22  iters 4778299 (2247/s)  best: cx 41 tof 31
[2026-09-25 07:52:39] span_L7_s63_c1_z3_long   2136s  best 3745/4096  current 3568  kicks 22  iters 4800209 (2246/s)  best: cx 41 tof 31
[2026-09-25 07:52:49] span_L7_s63_c1_z3_long   2147s  best 3745/4096  current 3567  kicks 22  iters 4821356 (2246/s)  best: cx 41 tof 31
[2026-09-25 07:53:04] span_L7_s63_c1_z3_long   2161s  best 3745/4096  current 3568  kicks 22  iters 4852212 (2244/s)  best: cx 41 tof 31
[2026-09-25 07:53:19] span_L7_s63_c1_z3_long   2176s  best 3745/4096  current 3573  kicks 22  iters 4884736 (2244/s)  best: cx 41 tof 31
[2026-09-25 07:53:33] span_L7_s63_c1_z3_long   2190s  best 3745/4096  current 3609  kicks 23  iters 4918450 (2245/s)  best: cx 41 tof 31
[2026-09-25 07:53:43] span_L7_s63_c1_z3_long   2201s  best 3745/4096  current 3625  kicks 23  iters 4944010 (2246/s)  best: cx 41 tof 31
[2026-09-25 07:53:58] span_L7_s63_c1_z3_long   2216s  best 3745/4096  current 3629  kicks 23  iters 4980901 (2247/s)  best: cx 41 tof 31
[2026-09-25 07:54:13] span_L7_s63_c1_z3_long   2231s  best 3745/4096  current 3628  kicks 23  iters 5017422 (2249/s)  best: cx 41 tof 31
[2026-09-25 07:54:23] span_L7_s63_c1_z3_long   2241s  best 3745/4096  current 3643  kicks 23  iters 5042081 (2250/s)  best: cx 41 tof 31
[2026-09-25 07:54:33] span_L7_s63_c1_z3_long   2251s  best 3745/4096  current 3517  kicks 24  iters 5065958 (2250/s)  best: cx 41 tof 31
[2026-09-25 07:54:44] span_L7_s63_c1_z3_long   2262s  best 3745/4096  current 3564  kicks 24  iters 5087005 (2248/s)  best: cx 41 tof 31
[2026-09-25 07:54:54] span_L7_s63_c1_z3_long   2272s  best 3745/4096  current 3567  kicks 24  iters 5106128 (2247/s)  best: cx 41 tof 31
[2026-09-25 07:55:05] span_L7_s63_c1_z3_long   2282s  best 3745/4096  current 3582  kicks 24  iters 5125130 (2245/s)  best: cx 41 tof 31
[2026-09-25 07:55:19] span_L7_s63_c1_z3_long   2297s  best 3745/4096  current 3600  kicks 24  iters 5152626 (2243/s)  best: cx 41 tof 31
[2026-09-25 07:55:29] span_L7_s63_c1_z3_long   2307s  best 3745/4096  current 3605  kicks 24  iters 5172632 (2242/s)  best: cx 41 tof 31
[2026-09-25 07:55:44] span_L7_s63_c1_z3_long   2322s  best 3745/4096  current 3611  kicks 25  iters 5204968 (2241/s)  best: cx 41 tof 31
[2026-09-25 07:55:54] span_L7_s63_c1_z3_long   2332s  best 3745/4096  current 3625  kicks 25  iters 5224708 (2240/s)  best: cx 41 tof 31
[2026-09-25 07:56:05] span_L7_s63_c1_z3_long   2342s  best 3745/4096  current 3630  kicks 25  iters 5243562 (2238/s)  best: cx 41 tof 31
[2026-09-25 07:56:20] span_L7_s63_c1_z3_long   2357s  best 3745/4096  current 3631  kicks 25  iters 5271684 (2236/s)  best: cx 41 tof 31
[2026-09-25 07:56:34] span_L7_s63_c1_z3_long   2371s  best 3745/4096  current 3559  kicks 26  iters 5299239 (2234/s)  best: cx 41 tof 31
[2026-09-25 07:56:49] span_L7_s63_c1_z3_long   2386s  best 3745/4096  current 3590  kicks 26  iters 5334724 (2235/s)  best: cx 41 tof 31
[2026-09-25 07:56:59] span_L7_s63_c1_z3_long   2397s  best 3745/4096  current 3603  kicks 26  iters 5357715 (2235/s)  best: cx 41 tof 31
[2026-09-25 07:57:14] span_L7_s63_c1_z3_long   2412s  best 3745/4096  current 3639  kicks 26  iters 5390612 (2235/s)  best: cx 41 tof 31
[2026-09-25 07:57:29] span_L7_s63_c1_z3_long   2427s  best 3745/4096  current 3640  kicks 26  iters 5424774 (2235/s)  best: cx 41 tof 31
[2026-09-25 07:57:44] span_L7_s63_c1_z3_long   2442s  best 3745/4096  current 3570  kicks 27  iters 5457480 (2235/s)  best: cx 41 tof 31
[2026-09-25 07:57:59] span_L7_s63_c1_z3_long   2456s  best 3745/4096  current 3599  kicks 27  iters 5490944 (2235/s)  best: cx 41 tof 31
[2026-09-25 07:58:09] span_L7_s63_c1_z3_long   2467s  best 3745/4096  current 3593  kicks 27  iters 5513684 (2235/s)  best: cx 41 tof 31
[2026-09-25 07:58:19] span_L7_s63_c1_z3_long   2477s  best 3745/4096  current 3624  kicks 27  iters 5536131 (2235/s)  best: cx 41 tof 31
[2026-09-25 07:58:34] span_L7_s63_c1_z3_long   2492s  best 3745/4096  current 3626  kicks 27  iters 5570274 (2235/s)  best: cx 41 tof 31
[2026-09-25 07:58:44] span_L7_s63_c1_z3_long   2502s  best 3745/4096  current 3586  kicks 28  iters 5593036 (2235/s)  best: cx 41 tof 31
[2026-09-25 07:58:59] span_L7_s63_c1_z3_long   2517s  best 3745/4096  current 3595  kicks 28  iters 5626284 (2235/s)  best: cx 41 tof 31
[2026-09-25 07:59:14] span_L7_s63_c1_z3_long   2531s  best 3745/4096  current 3599  kicks 28  iters 5659981 (2235/s)  best: cx 41 tof 31
[2026-09-25 07:59:24] span_L7_s63_c1_z3_long   2542s  best 3745/4096  current 3619  kicks 28  iters 5683602 (2236/s)  best: cx 41 tof 31
[2026-09-25 07:59:34] span_L7_s63_c1_z3_long   2552s  best 3745/4096  current 3617  kicks 28  iters 5706971 (2236/s)  best: cx 41 tof 31
[2026-09-25 07:59:49] span_L7_s63_c1_z3_long   2567s  best 3745/4096  current 3541  kicks 29  iters 5742595 (2237/s)  best: cx 41 tof 31
[2026-09-25 07:59:59] span_L7_s63_c1_z3_long   2577s  best 3745/4096  current 3567  kicks 29  iters 5764414 (2236/s)  best: cx 41 tof 31
[2026-09-25 08:00:14] span_L7_s63_c1_z3_long   2592s  best 3745/4096  current 3561  kicks 29  iters 5796963 (2236/s)  best: cx 41 tof 31
[2026-09-25 08:00:29] span_L7_s63_c1_z3_long   2607s  best 3745/4096  current 3579  kicks 29  iters 5830346 (2236/s)  best: cx 41 tof 31
[2026-09-25 08:00:39] span_L7_s63_c1_z3_long   2617s  best 3745/4096  current 3580  kicks 29  iters 5853175 (2236/s)  best: cx 41 tof 31
[2026-09-25 08:00:54] span_L7_s63_c1_z3_long   2632s  best 3745/4096  current 3580  kicks 30  iters 5887799 (2237/s)  best: cx 41 tof 31
[2026-09-25 08:01:04] span_L7_s63_c1_z3_long   2642s  best 3745/4096  current 3594  kicks 30  iters 5910960 (2237/s)  best: cx 41 tof 31
[2026-09-25 08:01:19] span_L7_s63_c1_z3_long   2657s  best 3745/4096  current 3606  kicks 30  iters 5944465 (2237/s)  best: cx 41 tof 31
[2026-09-25 08:01:29] span_L7_s63_c1_z3_long   2667s  best 3745/4096  current 3600  kicks 30  iters 5968160 (2237/s)  best: cx 41 tof 31
[2026-09-25 08:01:39] span_L7_s63_c1_z3_long   2677s  best 3745/4096  current 3590  kicks 30  iters 5990865 (2237/s)  best: cx 41 tof 31
[2026-09-25 08:01:54] span_L7_s63_c1_z3_long   2692s  best 3745/4096  current 3554  kicks 31  iters 6026893 (2239/s)  best: cx 41 tof 31
[2026-09-25 08:02:04] span_L7_s63_c1_z3_long   2702s  best 3745/4096  current 3580  kicks 31  iters 6051401 (2239/s)  best: cx 41 tof 31
[2026-09-25 08:02:19] span_L7_s63_c1_z3_long   2716s  best 3745/4096  current 3612  kicks 31  iters 6089055 (2241/s)  best: cx 41 tof 31
[2026-09-25 08:02:29] span_L7_s63_c1_z3_long   2727s  best 3745/4096  current 3626  kicks 31  iters 6114505 (2242/s)  best: cx 41 tof 31
[2026-09-25 08:02:39] span_L7_s63_c1_z3_long   2737s  best 3745/4096  current 3620  kicks 31  iters 6138609 (2242/s)  best: cx 41 tof 31
[2026-09-25 08:02:54] span_L7_s63_c1_z3_long   2752s  best 3745/4096  current 3572  kicks 32  iters 6173649 (2243/s)  best: cx 41 tof 31
[2026-09-25 08:03:05] span_L7_s63_c1_z3_long   2762s  best 3745/4096  current 3577  kicks 32  iters 6195676 (2242/s)  best: cx 41 tof 31
[2026-09-25 08:03:19] span_L7_s63_c1_z3_long   2777s  best 3745/4096  current 3576  kicks 32  iters 6228774 (2242/s)  best: cx 41 tof 31
[2026-09-25 08:03:34] span_L7_s63_c1_z3_long   2792s  best 3745/4096  current 3578  kicks 32  iters 6262940 (2243/s)  best: cx 41 tof 31
[2026-09-25 08:03:44] span_L7_s63_c1_z3_long   2802s  best 3745/4096  current 3578  kicks 32  iters 6285629 (2243/s)  best: cx 41 tof 31
[2026-09-25 08:03:55] span_L7_s63_c1_z3_long   2813s  best 3745/4096  current 3555  kicks 33  iters 6308012 (2242/s)  best: cx 41 tof 31
[2026-09-25 08:04:09] span_L7_s63_c1_z3_long   2827s  best 3745/4096  current 3597  kicks 33  iters 6338606 (2242/s)  best: cx 41 tof 31
[2026-09-25 08:04:20] span_L7_s63_c1_z3_long   2837s  best 3745/4096  current 3594  kicks 33  iters 6361239 (2241/s)  best: cx 41 tof 31
[2026-09-25 08:04:30] span_L7_s63_c1_z3_long   2848s  best 3745/4096  current 3594  kicks 33  iters 6382794 (2241/s)  best: cx 41 tof 31
[2026-09-25 08:04:40] span_L7_s63_c1_z3_long   2858s  best 3745/4096  current 3599  kicks 33  iters 6403778 (2241/s)  best: cx 41 tof 31
[2026-09-25 08:04:55] span_L7_s63_c1_z3_long   2873s  best 3745/4096  current 3566  kicks 34  iters 6436019 (2240/s)  best: cx 41 tof 31
[2026-09-25 08:05:05] span_L7_s63_c1_z3_long   2883s  best 3745/4096  current 3584  kicks 34  iters 6456558 (2239/s)  best: cx 41 tof 31
[2026-09-25 08:05:20] span_L7_s63_c1_z3_long   2898s  best 3745/4096  current 3585  kicks 34  iters 6485352 (2238/s)  best: cx 41 tof 31
[2026-09-25 08:05:35] span_L7_s63_c1_z3_long   2913s  best 3745/4096  current 3582  kicks 34  iters 6515789 (2236/s)  best: cx 41 tof 31
[2026-09-25 08:05:49] span_L7_s63_c1_z3_long   2927s  best 3745/4096  current 3557  kicks 35  iters 6546176 (2236/s)  best: cx 41 tof 31
[2026-09-25 08:06:00] span_L7_s63_c1_z3_long   2937s  best 3745/4096  current 3593  kicks 35  iters 6570183 (2236/s)  best: cx 41 tof 31
[2026-09-25 08:06:10] span_L7_s63_c1_z3_long   2948s  best 3745/4096  current 3599  kicks 35  iters 6591810 (2236/s)  best: cx 41 tof 31
[2026-09-25 08:06:25] span_L7_s63_c1_z3_long   2963s  best 3745/4096  current 3597  kicks 35  iters 6624930 (2236/s)  best: cx 41 tof 31
[2026-09-25 08:06:40] span_L7_s63_c1_z3_long   2978s  best 3745/4096  current 3611  kicks 35  iters 6658453 (2236/s)  best: cx 41 tof 31
[2026-09-25 08:06:54] span_L7_s63_c1_z3_long   2992s  best 3745/4096  current 3517  kicks 36  iters 6690904 (2236/s)  best: cx 41 tof 31
[2026-09-25 08:07:05] span_L7_s63_c1_z3_long   3003s  best 3745/4096  current 3547  kicks 36  iters 6715816 (2236/s)  best: cx 41 tof 31
[2026-09-25 08:07:20] span_L7_s63_c1_z3_long   3018s  best 3745/4096  current 3572  kicks 36  iters 6749140 (2236/s)  best: cx 41 tof 31
[2026-09-25 08:07:30] span_L7_s63_c1_z3_long   3028s  best 3745/4096  current 3588  kicks 36  iters 6771601 (2236/s)  best: cx 41 tof 31
[2026-09-25 08:07:40] span_L7_s63_c1_z3_long   3038s  best 3745/4096  current 3586  kicks 36  iters 6792758 (2235/s)  best: cx 41 tof 31
[2026-09-25 08:07:55] span_L7_s63_c1_z3_long   3053s  best 3745/4096  current 3584  kicks 37  iters 6823734 (2234/s)  best: cx 41 tof 31
[2026-09-25 08:08:10] span_L7_s63_c1_z3_long   3068s  best 3745/4096  current 3594  kicks 37  iters 6854457 (2233/s)  best: cx 41 tof 31
[2026-09-25 08:08:25] span_L7_s63_c1_z3_long   3083s  best 3745/4096  current 3590  kicks 37  iters 6886107 (2233/s)  best: cx 41 tof 31
[2026-09-25 08:08:40] span_L7_s63_c1_z3_long   3097s  best 3745/4096  current 3615  kicks 37  iters 6920741 (2234/s)  best: cx 41 tof 31
[2026-09-25 08:08:50] span_L7_s63_c1_z3_long   3108s  best 3745/4096  current 3631  kicks 37  iters 6945151 (2234/s)  best: cx 41 tof 31
[2026-09-25 08:09:05] span_L7_s63_c1_z3_long   3123s  best 3745/4096  current 3550  kicks 38  iters 6980195 (2235/s)  best: cx 41 tof 31
[2026-09-25 08:09:15] span_L7_s63_c1_z3_long   3133s  best 3745/4096  current 3556  kicks 38  iters 7002464 (2235/s)  best: cx 41 tof 31
[2026-09-25 08:09:30] span_L7_s63_c1_z3_long   3148s  best 3745/4096  current 3577  kicks 38  iters 7035416 (2234/s)  best: cx 41 tof 31
[2026-09-25 08:09:45] span_L7_s63_c1_z3_long   3163s  best 3745/4096  current 3592  kicks 38  iters 7068720 (2234/s)  best: cx 41 tof 31
[2026-09-25 08:09:55] span_L7_s63_c1_z3_long   3173s  best 3745/4096  current 3599  kicks 38  iters 7090805 (2234/s)  best: cx 41 tof 31
[2026-09-25 08:10:11] span_L7_s63_c1_z3_long   3189s  best 3745/4096  current 3597  kicks 39  iters 7123667 (2234/s)  best: cx 41 tof 31
[2026-09-25 08:10:21] span_L7_s63_c1_z3_long   3199s  best 3745/4096  current 3603  kicks 39  iters 7143195 (2233/s)  best: cx 41 tof 31
[2026-09-25 08:10:31] span_L7_s63_c1_z3_long   3209s  best 3745/4096  current 3602  kicks 39  iters 7163204 (2232/s)  best: cx 41 tof 31
[2026-09-25 08:10:46] span_L7_s63_c1_z3_long   3223s  best 3745/4096  current 3604  kicks 39  iters 7192135 (2231/s)  best: cx 41 tof 31
[2026-09-25 08:10:56] span_L7_s63_c1_z3_long   3234s  best 3745/4096  current 3606  kicks 39  iters 7212830 (2230/s)  best: cx 41 tof 31
[2026-09-25 08:11:09] span_L7_s63_c1_z3_long   3247s  best 3745/4096  current 3584  kicks 40  iters 7252246 (2233/s)  best: cx 41 tof 31
[2026-09-25 08:11:24] span_L7_s63_c1_z3_long   3262s  best 3745/4096  current 3610  kicks 40  iters 7296950 (2236/s)  best: cx 41 tof 31
[2026-09-25 08:11:34] span_L7_s63_c1_z3_long   3272s  best 3745/4096  current 3610  kicks 40  iters 7326252 (2239/s)  best: cx 41 tof 31
[2026-09-25 08:11:49] span_L7_s63_c1_z3_long   3287s  best 3745/4096  current 3614  kicks 40  iters 7370556 (2242/s)  best: cx 41 tof 31
[2026-09-25 08:11:59] span_L7_s63_c1_z3_long   3297s  best 3745/4096  current 3624  kicks 40  iters 7399311 (2244/s)  best: cx 41 tof 31
[2026-09-25 08:12:11] span_L7_s63_c1_z3_long   3309s  best 3745/4096  current 3536  kicks 41  iters 7425294 (2244/s)  best: cx 41 tof 31
[2026-09-25 08:12:26] span_L7_s63_c1_z3_long   3324s  best 3745/4096  current 3567  kicks 41  iters 7457117 (2243/s)  best: cx 41 tof 31
[2026-09-25 08:12:41] span_L7_s63_c1_z3_long   3339s  best 3745/4096  current 3571  kicks 41  iters 7489490 (2243/s)  best: cx 41 tof 31
[2026-09-25 08:12:56] span_L7_s63_c1_z3_long   3354s  best 3745/4096  current 3559  kicks 41  iters 7522219 (2243/s)  best: cx 41 tof 31
[2026-09-25 08:13:06] span_L7_s63_c1_z3_long   3364s  best 3745/4096  current 3590  kicks 42  iters 7544469 (2242/s)  best: cx 41 tof 31
[2026-09-25 08:13:21] span_L7_s63_c1_z3_long   3379s  best 3745/4096  current 3615  kicks 42  iters 7575690 (2242/s)  best: cx 41 tof 31
[2026-09-25 08:13:36] span_L7_s63_c1_z3_long   3394s  best 3745/4096  current 3611  kicks 42  iters 7607395 (2241/s)  best: cx 41 tof 31
[2026-09-25 08:13:46] span_L7_s63_c1_z3_long   3404s  best 3745/4096  current 3613  kicks 42  iters 7629321 (2241/s)  best: cx 41 tof 31
[2026-09-25 08:14:01] span_L7_s63_c1_z3_long   3419s  best 3745/4096  current 3616  kicks 42  iters 7662503 (2241/s)  best: cx 41 tof 31
[2026-09-25 08:14:13] span_L7_s63_c1_z3_long   3430s  best 3745/4096  current 3631  kicks 43  iters 7683158 (2239/s)  best: cx 41 tof 31
[2026-09-25 08:14:28] span_L7_s63_c1_z3_long   3446s  best 3745/4096  current 3631  kicks 43  iters 7708483 (2237/s)  best: cx 41 tof 31
[2026-09-25 08:14:38] span_L7_s63_c1_z3_long   3456s  best 3745/4096  current 3638  kicks 43  iters 7724152 (2235/s)  best: cx 41 tof 31
[2026-09-25 08:14:53] span_L7_s63_c1_z3_long   3471s  best 3745/4096  current 3636  kicks 43  iters 7747766 (2232/s)  best: cx 41 tof 31
[2026-09-25 08:15:06] span_L7_s63_c1_z3_long   3484s  best 3745/4096  current 3573  kicks 44  iters 7772468 (2231/s)  best: cx 41 tof 31
[2026-09-25 08:15:21] span_L7_s63_c1_z3_long   3499s  best 3745/4096  current 3625  kicks 44  iters 7811185 (2232/s)  best: cx 41 tof 31
[2026-09-25 08:15:36] span_L7_s63_c1_z3_long   3513s  best 3745/4096  current 3621  kicks 44  iters 7850119 (2234/s)  best: cx 41 tof 31
[2026-09-25 08:15:46] span_L7_s63_c1_z3_long   3523s  best 3745/4096  current 3622  kicks 44  iters 7875966 (2235/s)  best: cx 41 tof 31
[2026-09-25 08:16:01] span_L7_s63_c1_z3_long   3539s  best 3745/4096  current 3634  kicks 44  iters 7915766 (2236/s)  best: cx 41 tof 31
[2026-09-25 08:16:11] span_L7_s63_c1_z3_long   3549s  best 3745/4096  current 3606  kicks 45  iters 7940998 (2237/s)  best: cx 41 tof 31
[2026-09-25 08:16:22] span_L7_s63_c1_z3_long   3559s  best 3745/4096  current 3614  kicks 45  iters 7963707 (2237/s)  best: cx 41 tof 31
[2026-09-25 08:16:32] span_L7_s63_c1_z3_long   3569s  best 3745/4096  current 3624  kicks 45  iters 7986031 (2237/s)  best: cx 41 tof 31
[2026-09-25 08:16:42] span_L7_s63_c1_z3_long   3580s  best 3745/4096  current 3628  kicks 45  iters 8008147 (2237/s)  best: cx 41 tof 31
[2026-09-25 08:16:52] span_L7_s63_c1_z3_long   3590s  best 3745/4096  current 3628  kicks 45  iters 8029728 (2236/s)  best: cx 41 tof 31
[2026-09-25 08:17:07] span_L7_s63_c1_z3_long   3605s  best 3745/4096  current 3613  kicks 45  iters 8063239 (2236/s)  best: cx 41 tof 31
[2026-09-25 08:17:22] span_L7_s63_c1_z3_long   3620s  best 3745/4096  current 3573  kicks 46  iters 8094945 (2236/s)  best: cx 41 tof 31
[2026-09-25 08:17:32] span_L7_s63_c1_z3_long   3630s  best 3745/4096  current 3590  kicks 46  iters 8116640 (2236/s)  best: cx 41 tof 31
[2026-09-25 08:17:47] span_L7_s63_c1_z3_long   3644s  best 3745/4096  current 3599  kicks 46  iters 8148565 (2235/s)  best: cx 41 tof 31
[2026-09-25 08:17:57] span_L7_s63_c1_z3_long   3655s  best 3745/4096  current 3622  kicks 46  iters 8170345 (2235/s)  best: cx 41 tof 31
[2026-09-25 08:18:07] span_L7_s63_c1_z3_long   3665s  best 3745/4096  current 3619  kicks 46  iters 8191308 (2235/s)  best: cx 41 tof 31
[2026-09-25 08:18:21] span_L7_s63_c1_z3_long   3679s  best 3745/4096  current 3550  kicks 47  iters 8225556 (2235/s)  best: cx 41 tof 31
[2026-09-25 08:18:31] span_L7_s63_c1_z3_long   3689s  best 3745/4096  current 3572  kicks 47  iters 8250107 (2236/s)  best: cx 41 tof 31
[2026-09-25 08:18:46] span_L7_s63_c1_z3_long   3704s  best 3745/4096  current 3592  kicks 47  iters 8288308 (2237/s)  best: cx 41 tof 31
[2026-09-25 08:19:01] span_L7_s63_c1_z3_long   3719s  best 3745/4096  current 3592  kicks 47  iters 8325424 (2238/s)  best: cx 41 tof 31
[2026-09-25 08:19:11] span_L7_s63_c1_z3_long   3729s  best 3745/4096  current 3596  kicks 47  iters 8350791 (2239/s)  best: cx 41 tof 31
[2026-09-25 08:19:26] span_L7_s63_c1_z3_long   3744s  best 3745/4096  current 3536  kicks 48  iters 8389905 (2241/s)  best: cx 41 tof 31
[2026-09-25 08:19:36] span_L7_s63_c1_z3_long   3754s  best 3745/4096  current 3535  kicks 48  iters 8417518 (2242/s)  best: cx 41 tof 31
[2026-09-25 08:19:51] span_L7_s63_c1_z3_long   3769s  best 3745/4096  current 3537  kicks 48  iters 8458247 (2244/s)  best: cx 41 tof 31
[2026-09-25 08:20:01] span_L7_s63_c1_z3_long   3779s  best 3745/4096  current 3540  kicks 48  iters 8485438 (2245/s)  best: cx 41 tof 31
[2026-09-25 08:20:11] span_L7_s63_c1_z3_long   3789s  best 3745/4096  current 3542  kicks 48  iters 8512123 (2246/s)  best: cx 41 tof 31
[2026-09-25 08:20:26] span_L7_s63_c1_z3_long   3804s  best 3745/4096  current 3597  kicks 49  iters 8552070 (2248/s)  best: cx 41 tof 31
[2026-09-25 08:20:37] span_L7_s63_c1_z3_long   3815s  best 3745/4096  current 3620  kicks 49  iters 8574772 (2247/s)  best: cx 41 tof 31
[2026-09-25 08:20:47] span_L7_s63_c1_z3_long   3825s  best 3745/4096  current 3626  kicks 49  iters 8595552 (2247/s)  best: cx 41 tof 31
[2026-09-25 08:21:02] span_L7_s63_c1_z3_long   3840s  best 3745/4096  current 3624  kicks 49  iters 8626936 (2246/s)  best: cx 41 tof 31
[2026-09-25 08:21:12] span_L7_s63_c1_z3_long   3850s  best 3745/4096  current 3624  kicks 49  iters 8648680 (2246/s)  best: cx 41 tof 31
[2026-09-25 08:21:22] span_L7_s63_c1_z3_long   3860s  best 3745/4096  current 3627  kicks 49  iters 8669677 (2245/s)  best: cx 41 tof 31
[2026-09-25 08:21:37] span_L7_s63_c1_z3_long   3874s  best 3745/4096  current 3529  kicks 50  iters 8703095 (2246/s)  best: cx 41 tof 31
[2026-09-25 08:21:47] span_L7_s63_c1_z3_long   3884s  best 3745/4096  current 3538  kicks 50  iters 8727309 (2246/s)  best: cx 41 tof 31
[2026-09-25 08:21:57] span_L7_s63_c1_z3_long   3895s  best 3745/4096  current 3558  kicks 50  iters 8750850 (2246/s)  best: cx 41 tof 31
[2026-09-25 08:22:12] span_L7_s63_c1_z3_long   3910s  best 3745/4096  current 3563  kicks 50  iters 8786076 (2247/s)  best: cx 41 tof 31
[2026-09-25 08:22:27] span_L7_s63_c1_z3_long   3924s  best 3745/4096  current 3572  kicks 50  iters 8822322 (2248/s)  best: cx 41 tof 31
[2026-09-25 08:22:41] span_L7_s63_c1_z3_long   3939s  best 3745/4096  current 3597  kicks 51  iters 8859689 (2249/s)  best: cx 41 tof 31
[2026-09-25 08:22:52] span_L7_s63_c1_z3_long   3950s  best 3745/4096  current 3621  kicks 51  iters 8884138 (2249/s)  best: cx 41 tof 31
[2026-09-25 08:23:02] span_L7_s63_c1_z3_long   3960s  best 3745/4096  current 3626  kicks 51  iters 8907640 (2249/s)  best: cx 41 tof 31
[2026-09-25 08:23:12] span_L7_s63_c1_z3_long   3970s  best 3745/4096  current 3636  kicks 51  iters 8929349 (2249/s)  best: cx 41 tof 31
[2026-09-25 08:23:22] span_L7_s63_c1_z3_long   3980s  best 3745/4096  current 3651  kicks 51  iters 8950877 (2248/s)  best: cx 41 tof 31
[2026-09-25 08:23:37] span_L7_s63_c1_z3_long   3994s  best 3745/4096  current 3544  kicks 52  iters 8985240 (2249/s)  best: cx 41 tof 31
[2026-09-25 08:23:47] span_L7_s63_c1_z3_long   4005s  best 3745/4096  current 3581  kicks 52  iters 9009113 (2249/s)  best: cx 41 tof 31
[2026-09-25 08:23:57] span_L7_s63_c1_z3_long   4015s  best 3745/4096  current 3599  kicks 52  iters 9031387 (2249/s)  best: cx 41 tof 31
[2026-09-25 08:24:08] span_L7_s63_c1_z3_long   4025s  best 3745/4096  current 3605  kicks 52  iters 9052950 (2248/s)  best: cx 41 tof 31
[2026-09-25 08:24:18] span_L7_s63_c1_z3_long   4035s  best 3745/4096  current 3605  kicks 52  iters 9073455 (2248/s)  best: cx 41 tof 31
[2026-09-25 08:24:28] span_L7_s63_c1_z3_long   4045s  best 3745/4096  current 3603  kicks 52  iters 9094731 (2248/s)  best: cx 41 tof 31
[2026-09-25 08:24:42] span_L7_s63_c1_z3_long   4060s  best 3745/4096  current 3580  kicks 53  iters 9128208 (2248/s)  best: cx 41 tof 31
[2026-09-25 08:24:57] span_L7_s63_c1_z3_long   4075s  best 3745/4096  current 3581  kicks 53  iters 9161232 (2248/s)  best: cx 41 tof 31
[2026-09-25 08:25:12] span_L7_s63_c1_z3_long   4090s  best 3745/4096  current 3605  kicks 53  iters 9194587 (2248/s)  best: cx 41 tof 31
[2026-09-25 08:25:23] span_L7_s63_c1_z3_long   4100s  best 3745/4096  current 3608  kicks 53  iters 9217769 (2248/s)  best: cx 41 tof 31
[2026-09-25 08:25:38] span_L7_s63_c1_z3_long   4116s  best 3745/4096  current 3574  kicks 54  iters 9249674 (2247/s)  best: cx 41 tof 31
[2026-09-25 08:25:48] span_L7_s63_c1_z3_long   4126s  best 3745/4096  current 3588  kicks 54  iters 9268842 (2246/s)  best: cx 41 tof 31
[2026-09-25 08:26:03] span_L7_s63_c1_z3_long   4141s  best 3745/4096  current 3584  kicks 54  iters 9297618 (2245/s)  best: cx 41 tof 31
[2026-09-25 08:26:13] span_L7_s63_c1_z3_long   4151s  best 3745/4096  current 3585  kicks 54  iters 9318159 (2244/s)  best: cx 41 tof 31
[2026-09-25 08:26:28] span_L7_s63_c1_z3_long   4166s  best 3745/4096  current 3588  kicks 54  iters 9348324 (2243/s)  best: cx 41 tof 31
[2026-09-25 08:26:39] span_L7_s63_c1_z3_long   4176s  best 3745/4096  current 3613  kicks 55  iters 9367427 (2242/s)  best: cx 41 tof 31
[2026-09-25 08:26:54] span_L7_s63_c1_z3_long   4191s  best 3745/4096  current 3630  kicks 55  iters 9394413 (2241/s)  best: cx 41 tof 31
[2026-09-25 08:27:08] span_L7_s63_c1_z3_long   4206s  best 3745/4096  current 3630  kicks 55  iters 9422282 (2240/s)  best: cx 41 tof 31
[2026-09-25 08:27:18] span_L7_s63_c1_z3_long   4216s  best 3745/4096  current 3629  kicks 55  iters 9441349 (2239/s)  best: cx 41 tof 31
[2026-09-25 08:27:34] span_L7_s63_c1_z3_long   4231s  best 3745/4096  current 3635  kicks 55  iters 9469737 (2238/s)  best: cx 41 tof 31
[2026-09-25 08:27:48] span_L7_s63_c1_z3_long   4245s  best 3745/4096  current 3616  kicks 56  iters 9501120 (2237/s)  best: cx 41 tof 31
[2026-09-25 08:28:03] span_L7_s63_c1_z3_long   4261s  best 3745/4096  current 3618  kicks 56  iters 9535209 (2238/s)  best: cx 41 tof 31
[2026-09-25 08:28:13] span_L7_s63_c1_z3_long   4271s  best 3745/4096  current 3618  kicks 56  iters 9557040 (2237/s)  best: cx 41 tof 31
[2026-09-25 08:28:28] span_L7_s63_c1_z3_long   4286s  best 3745/4096  current 3620  kicks 56  iters 9589741 (2237/s)  best: cx 41 tof 31
[2026-09-25 08:28:43] span_L7_s63_c1_z3_long   4300s  best 3745/4096  current 3635  kicks 57  iters 9622307 (2237/s)  best: cx 41 tof 31
[2026-09-25 08:28:53] span_L7_s63_c1_z3_long   4311s  best 3745/4096  current 3639  kicks 57  iters 9643489 (2236/s)  best: cx 41 tof 31
[2026-09-25 08:29:03] span_L7_s63_c1_z3_long   4321s  best 3745/4096  current 3648  kicks 57  iters 9663676 (2236/s)  best: cx 41 tof 31
[2026-09-25 08:29:13] span_L7_s63_c1_z3_long   4331s  best 3745/4096  current 3646  kicks 57  iters 9683472 (2235/s)  best: cx 41 tof 31
[2026-09-25 08:29:28] span_L7_s63_c1_z3_long   4345s  best 3745/4096  current 3647  kicks 57  iters 9714058 (2235/s)  best: cx 41 tof 31
[2026-09-25 08:29:38] span_L7_s63_c1_z3_long   4356s  best 3745/4096  current 3651  kicks 57  iters 9736076 (2235/s)  best: cx 41 tof 31
[2026-09-25 08:29:52] span_L7_s63_c1_z3_long   4370s  best 3745/4096  current 3579  kicks 58  iters 9770834 (2235/s)  best: cx 41 tof 31
[2026-09-25 08:30:03] span_L7_s63_c1_z3_long   4381s  best 3745/4096  current 3581  kicks 58  iters 9794473 (2235/s)  best: cx 41 tof 31
[2026-09-25 08:30:18] span_L7_s63_c1_z3_long   4395s  best 3745/4096  current 3578  kicks 58  iters 9827940 (2235/s)  best: cx 41 tof 31
[2026-09-25 08:30:32] span_L7_s63_c1_z3_long   4410s  best 3745/4096  current 3595  kicks 58  iters 9864103 (2236/s)  best: cx 41 tof 31
[2026-09-25 08:30:43] span_L7_s63_c1_z3_long   4420s  best 3745/4096  current 3602  kicks 58  iters 9887534 (2236/s)  best: cx 41 tof 31
[2026-09-25 08:30:54] span_L7_s63_c1_z3_long   4431s  best 3745/4096  current 3630  kicks 59  iters 9908935 (2236/s)  best: cx 41 tof 31
[2026-09-25 08:31:04] span_L7_s63_c1_z3_long   4442s  best 3745/4096  current 3678  kicks 59  iters 9928088 (2235/s)  best: cx 41 tof 31
[2026-09-25 08:31:14] span_L7_s63_c1_z3_long   4452s  best 3745/4096  current 3694  kicks 59  iters 9946597 (2234/s)  best: cx 41 tof 31
[2026-09-25 08:31:29] span_L7_s63_c1_z3_long   4467s  best 3745/4096  current 3696  kicks 59  iters 9972622 (2232/s)  best: cx 41 tof 31
[2026-09-25 08:31:39] span_L7_s63_c1_z3_long   4477s  best 3745/4096  current 3697  kicks 59  iters 9989291 (2231/s)  best: cx 41 tof 31
[2026-09-25 08:31:54] span_L7_s63_c1_z3_long   4492s  best 3745/4096  current 3617  kicks 60  iters 10019237 (2230/s)  best: cx 41 tof 31
[2026-09-25 08:32:04] span_L7_s63_c1_z3_long   4502s  best 3745/4096  current 3640  kicks 60  iters 10040459 (2230/s)  best: cx 41 tof 31
[2026-09-25 08:32:14] span_L7_s63_c1_z3_long   4512s  best 3745/4096  current 3644  kicks 60  iters 10060234 (2229/s)  best: cx 41 tof 31
[2026-09-25 08:32:29] span_L7_s63_c1_z3_long   4527s  best 3745/4096  current 3644  kicks 60  iters 10089300 (2228/s)  best: cx 41 tof 31
[2026-09-25 08:32:44] span_L7_s63_c1_z3_long   4542s  best 3745/4096  current 3647  kicks 60  iters 10118847 (2227/s)  best: cx 41 tof 31
[2026-09-25 08:32:59] span_L7_s63_c1_z3_long   4556s  best 3745/4096  current 3550  kicks 61  iters 10149589 (2227/s)  best: cx 41 tof 31
[2026-09-25 08:33:09] span_L7_s63_c1_z3_long   4566s  best 3745/4096  current 3550  kicks 61  iters 10171728 (2227/s)  best: cx 41 tof 31
[2026-09-25 08:33:23] span_L7_s63_c1_z3_long   4581s  best 3745/4096  current 3550  kicks 61  iters 10204703 (2227/s)  best: cx 41 tof 31
[2026-09-25 08:33:34] span_L7_s63_c1_z3_long   4591s  best 3745/4096  current 3553  kicks 61  iters 10227190 (2227/s)  best: cx 41 tof 31
[2026-09-25 08:33:48] span_L7_s63_c1_z3_long   4606s  best 3745/4096  current 3569  kicks 61  iters 10260134 (2227/s)  best: cx 41 tof 31
[2026-09-25 08:33:58] span_L7_s63_c1_z3_long   4616s  best 3745/4096  current 3562  kicks 62  iters 10282919 (2227/s)  best: cx 41 tof 31
[2026-09-25 08:34:13] span_L7_s63_c1_z3_long   4631s  best 3745/4096  current 3590  kicks 62  iters 10317841 (2227/s)  best: cx 41 tof 31
[2026-09-25 08:34:24] span_L7_s63_c1_z3_long   4641s  best 3745/4096  current 3610  kicks 62  iters 10340820 (2227/s)  best: cx 41 tof 31
[2026-09-25 08:34:34] span_L7_s63_c1_z3_long   4652s  best 3745/4096  current 3614  kicks 62  iters 10362869 (2227/s)  best: cx 41 tof 31
[2026-09-25 08:34:49] span_L7_s63_c1_z3_long   4666s  best 3745/4096  current 3608  kicks 62  iters 10395723 (2227/s)  best: cx 41 tof 31
[2026-09-25 08:34:59] span_L7_s63_c1_z3_long   4677s  best 3745/4096  current 3565  kicks 63  iters 10417641 (2227/s)  best: cx 41 tof 31
[2026-09-25 08:35:09] span_L7_s63_c1_z3_long   4687s  best 3745/4096  current 3596  kicks 63  iters 10439798 (2227/s)  best: cx 41 tof 31
[2026-09-25 08:35:20] span_L7_s63_c1_z3_long   4697s  best 3745/4096  current 3590  kicks 63  iters 10458993 (2226/s)  best: cx 41 tof 31
[2026-09-25 08:35:34] span_L7_s63_c1_z3_long   4712s  best 3745/4096  current 3588  kicks 63  iters 10488852 (2225/s)  best: cx 41 tof 31
[2026-09-25 08:35:49] span_L7_s63_c1_z3_long   4727s  best 3745/4096  current 3598  kicks 63  iters 10518131 (2225/s)  best: cx 41 tof 31
[2026-09-25 08:36:04] span_L7_s63_c1_z3_long   4741s  best 3745/4096  current 3702  kicks 64  iters 10548849 (2224/s)  best: cx 41 tof 31
[2026-09-25 08:36:14] span_L7_s63_c1_z3_long   4751s  best 3745/4096  current 3702  kicks 64  iters 10571583 (2224/s)  best: cx 41 tof 31
[2026-09-25 08:36:24] span_L7_s63_c1_z3_long   4762s  best 3745/4096  current 3702  kicks 64  iters 10594448 (2224/s)  best: cx 41 tof 31
[2026-09-25 08:36:34] span_L7_s63_c1_z3_long   4772s  best 3745/4096  current 3702  kicks 64  iters 10616668 (2224/s)  best: cx 41 tof 31
[2026-09-25 08:36:49] span_L7_s63_c1_z3_long   4786s  best 3745/4096  current 3696  kicks 64  iters 10650737 (2225/s)  best: cx 41 tof 31
[2026-09-25 08:36:59] span_L7_s63_c1_z3_long   4797s  best 3745/4096  current 3701  kicks 64  iters 10674136 (2225/s)  best: cx 41 tof 31
[2026-09-25 08:37:09] span_L7_s63_c1_z3_long   4807s  best 3745/4096  current 3565  kicks 65  iters 10698142 (2225/s)  best: cx 41 tof 31
[2026-09-25 08:37:24] span_L7_s63_c1_z3_long   4822s  best 3745/4096  current 3560  kicks 65  iters 10732227 (2225/s)  best: cx 41 tof 31
[2026-09-25 08:37:34] span_L7_s63_c1_z3_long   4832s  best 3745/4096  current 3572  kicks 65  iters 10754572 (2225/s)  best: cx 41 tof 31
[2026-09-25 08:37:44] span_L7_s63_c1_z3_long   4842s  best 3745/4096  current 3572  kicks 65  iters 10776734 (2225/s)  best: cx 41 tof 31
[2026-09-25 08:37:59] span_L7_s63_c1_z3_long   4857s  best 3745/4096  current 3592  kicks 65  iters 10810678 (2225/s)  best: cx 41 tof 31
[2026-09-25 08:38:14] span_L7_s63_c1_z3_long   4872s  best 3745/4096  current 3586  kicks 66  iters 10845257 (2226/s)  best: cx 41 tof 31
[2026-09-25 08:38:29] span_L7_s63_c1_z3_long   4886s  best 3745/4096  current 3617  kicks 66  iters 10879128 (2226/s)  best: cx 41 tof 31
[2026-09-25 08:38:39] span_L7_s63_c1_z3_long   4897s  best 3745/4096  current 3616  kicks 66  iters 10902624 (2226/s)  best: cx 41 tof 31
[2026-09-25 08:38:54] span_L7_s63_c1_z3_long   4912s  best 3745/4096  current 3624  kicks 66  iters 10939220 (2227/s)  best: cx 41 tof 31
[2026-09-25 08:39:10] span_L7_s63_c1_z3_long   4927s  best 3745/4096  current 3553  kicks 67  iters 10972069 (2226/s)  best: cx 41 tof 31
[2026-09-25 08:39:20] span_L7_s63_c1_z3_long   4938s  best 3745/4096  current 3556  kicks 67  iters 10992660 (2226/s)  best: cx 41 tof 31
[2026-09-25 08:39:34] span_L7_s63_c1_z3_long   4952s  best 3745/4096  current 3563  kicks 67  iters 11022783 (2225/s)  best: cx 41 tof 31
[2026-09-25 08:39:45] span_L7_s63_c1_z3_long   4962s  best 3745/4096  current 3557  kicks 67  iters 11043418 (2225/s)  best: cx 41 tof 31
[2026-09-25 08:39:55] span_L7_s63_c1_z3_long   4972s  best 3745/4096  current 3559  kicks 67  iters 11064399 (2225/s)  best: cx 41 tof 31
[2026-09-25 08:40:09] span_L7_s63_c1_z3_long   4986s  best 3745/4096  current 3549  kicks 68  iters 11097643 (2225/s)  best: cx 41 tof 31
[2026-09-25 08:40:19] span_L7_s63_c1_z3_long   4997s  best 3745/4096  current 3578  kicks 68  iters 11123120 (2225/s)  best: cx 41 tof 31
[2026-09-25 08:40:34] span_L7_s63_c1_z3_long   5012s  best 3745/4096  current 3574  kicks 68  iters 11158618 (2226/s)  best: cx 41 tof 31
[2026-09-25 08:40:49] span_L7_s63_c1_z3_long   5027s  best 3745/4096  current 3582  kicks 68  iters 11195759 (2227/s)  best: cx 41 tof 31
[2026-09-25 08:41:04] span_L7_s63_c1_z3_long   5042s  best 3745/4096  current 3581  kicks 68  iters 11234207 (2228/s)  best: cx 41 tof 31
[2026-09-25 08:41:14] span_L7_s63_c1_z3_long   5052s  best 3745/4096  current 3590  kicks 69  iters 11258875 (2228/s)  best: cx 41 tof 31
[2026-09-25 08:41:29] span_L7_s63_c1_z3_long   5067s  best 3745/4096  current 3599  kicks 69  iters 11294162 (2228/s)  best: cx 41 tof 31
[2026-09-25 08:41:44] span_L7_s63_c1_z3_long   5082s  best 3745/4096  current 3597  kicks 69  iters 11329490 (2229/s)  best: cx 41 tof 31
[2026-09-25 08:42:00] span_L7_s63_c1_z3_long   5097s  best 3745/4096  current 3597  kicks 69  iters 11363513 (2229/s)  best: cx 41 tof 31
[2026-09-25 08:42:15] span_L7_s63_c1_z3_long   5112s  best 3745/4096  current 3670  kicks 70  iters 11397031 (2229/s)  best: cx 41 tof 31
[2026-09-25 08:42:29] span_L7_s63_c1_z3_long   5127s  best 3745/4096  current 3674  kicks 70  iters 11430659 (2229/s)  best: cx 41 tof 31
[2026-09-25 08:42:39] span_L7_s63_c1_z3_long   5137s  best 3745/4096  current 3670  kicks 70  iters 11453101 (2229/s)  best: cx 41 tof 31
[2026-09-25 08:42:49] span_L7_s63_c1_z3_long   5147s  best 3745/4096  current 3671  kicks 70  iters 11476166 (2229/s)  best: cx 41 tof 31
[2026-09-25 08:43:00] span_L7_s63_c1_z3_long   5157s  best 3745/4096  current 3681  kicks 70  iters 11498483 (2229/s)  best: cx 41 tof 31
[2026-09-25 08:43:10] span_L7_s63_c1_z3_long   5167s  best 3745/4096  current 3545  kicks 71  iters 11520037 (2229/s)  best: cx 41 tof 31
[2026-09-25 08:43:20] span_L7_s63_c1_z3_long   5178s  best 3745/4096  current 3578  kicks 71  iters 11541048 (2228/s)  best: cx 41 tof 31
[2026-09-25 08:43:30] span_L7_s63_c1_z3_long   5188s  best 3745/4096  current 3601  kicks 71  iters 11561001 (2228/s)  best: cx 41 tof 31
[2026-09-25 08:43:45] span_L7_s63_c1_z3_long   5203s  best 3745/4096  current 3600  kicks 71  iters 11590895 (2227/s)  best: cx 41 tof 31
[2026-09-25 08:43:55] span_L7_s63_c1_z3_long   5213s  best 3745/4096  current 3601  kicks 71  iters 11611414 (2227/s)  best: cx 41 tof 31
[2026-09-25 08:44:10] span_L7_s63_c1_z3_long   5228s  best 3745/4096  current 3585  kicks 72  iters 11641982 (2227/s)  best: cx 41 tof 31
[2026-09-25 08:44:24] span_L7_s63_c1_z3_long   5242s  best 3745/4096  current 3638  kicks 72  iters 11674528 (2226/s)  best: cx 41 tof 31
[2026-09-25 08:44:40] span_L7_s63_c1_z3_long   5258s  best 3745/4096  current 3635  kicks 72  iters 11708604 (2227/s)  best: cx 41 tof 31
[2026-09-25 08:44:50] span_L7_s63_c1_z3_long   5268s  best 3745/4096  current 3637  kicks 72  iters 11730014 (2226/s)  best: cx 41 tof 31
[2026-09-25 08:45:00] span_L7_s63_c1_z3_long   5278s  best 3745/4096  current 3628  kicks 72  iters 11751555 (2226/s)  best: cx 41 tof 31
[2026-09-25 08:45:14] span_L7_s63_c1_z3_long   5292s  best 3745/4096  current 3539  kicks 73  iters 11785224 (2227/s)  best: cx 41 tof 31
[2026-09-25 08:45:25] span_L7_s63_c1_z3_long   5303s  best 3745/4096  current 3571  kicks 73  iters 11809208 (2227/s)  best: cx 41 tof 31
[2026-09-25 08:45:35] span_L7_s63_c1_z3_long   5313s  best 3745/4096  current 3579  kicks 73  iters 11830887 (2226/s)  best: cx 41 tof 31
[2026-09-25 08:45:50] span_L7_s63_c1_z3_long   5328s  best 3745/4096  current 3587  kicks 73  iters 11862638 (2226/s)  best: cx 41 tof 31
[2026-09-25 08:46:05] span_L7_s63_c1_z3_long   5343s  best 3745/4096  current 3637  kicks 73  iters 11894145 (2226/s)  best: cx 41 tof 31
[2026-09-25 08:46:20] span_L7_s63_c1_z3_long   5358s  best 3745/4096  current 3654  kicks 74  iters 11926539 (2226/s)  best: cx 41 tof 31
[2026-09-25 08:46:30] span_L7_s63_c1_z3_long   5368s  best 3745/4096  current 3664  kicks 74  iters 11948401 (2225/s)  best: cx 41 tof 31
[2026-09-25 08:46:40] span_L7_s63_c1_z3_long   5378s  best 3745/4096  current 3670  kicks 74  iters 11969262 (2225/s)  best: cx 41 tof 31
[2026-09-25 08:46:55] span_L7_s63_c1_z3_long   5393s  best 3745/4096  current 3684  kicks 74  iters 12001364 (2225/s)  best: cx 41 tof 31
[2026-09-25 08:47:05] span_L7_s63_c1_z3_long   5403s  best 3745/4096  current 3684  kicks 74  iters 12021848 (2225/s)  best: cx 41 tof 31
[2026-09-25 08:47:19] span_L7_s63_c1_z3_long   5417s  best 3745/4096  current 3561  kicks 75  iters 12053986 (2225/s)  best: cx 41 tof 31
[2026-09-25 08:47:34] span_L7_s63_c1_z3_long   5432s  best 3745/4096  current 3569  kicks 75  iters 12097742 (2227/s)  best: cx 41 tof 31
[2026-09-25 08:47:49] span_L7_s63_c1_z3_long   5447s  best 3745/4096  current 3572  kicks 75  iters 12140194 (2228/s)  best: cx 41 tof 31
[2026-09-25 08:48:04] span_L7_s63_c1_z3_long   5462s  best 3745/4096  current 3575  kicks 75  iters 12182144 (2230/s)  best: cx 41 tof 31
[2026-09-25 08:48:14] span_L7_s63_c1_z3_long   5472s  best 3745/4096  current 3587  kicks 75  iters 12211076 (2231/s)  best: cx 41 tof 31
[2026-09-25 08:48:26] span_L7_s63_c1_z3_long   5484s  best 3745/4096  current 3575  kicks 76  iters 12237973 (2231/s)  best: cx 41 tof 31
[2026-09-25 08:48:36] span_L7_s63_c1_z3_long   5494s  best 3745/4096  current 3565  kicks 76  iters 12257199 (2230/s)  best: cx 41 tof 31
[2026-09-25 08:48:46] span_L7_s63_c1_z3_long   5504s  best 3745/4096  current 3580  kicks 76  iters 12275676 (2230/s)  best: cx 41 tof 31
[2026-09-25 08:49:01] span_L7_s63_c1_z3_long   5519s  best 3745/4096  current 3604  kicks 76  iters 12303342 (2229/s)  best: cx 41 tof 31
[2026-09-25 08:49:12] span_L7_s63_c1_z3_long   5529s  best 3745/4096  current 3602  kicks 76  iters 12321033 (2228/s)  best: cx 41 tof 31
[2026-09-25 08:49:25] span_L7_s63_c1_z3_long   5543s  best 3745/4096  current 3553  kicks 77  iters 12348594 (2227/s)  best: cx 41 tof 31
[2026-09-25 08:49:36] span_L7_s63_c1_z3_long   5554s  best 3745/4096  current 3584  kicks 77  iters 12371162 (2227/s)  best: cx 41 tof 31
[2026-09-25 08:49:51] span_L7_s63_c1_z3_long   5569s  best 3745/4096  current 3597  kicks 77  iters 12401016 (2226/s)  best: cx 41 tof 31
[2026-09-25 08:50:01] span_L7_s63_c1_z3_long   5579s  best 3745/4096  current 3599  kicks 77  iters 12421059 (2226/s)  best: cx 41 tof 31
[2026-09-25 08:50:16] span_L7_s63_c1_z3_long   5594s  best 3745/4096  current 3598  kicks 77  iters 12450000 (2225/s)  best: cx 41 tof 31
[2026-09-25 08:50:26] span_L7_s63_c1_z3_long   5604s  best 3745/4096  current 3599  kicks 77  iters 12470952 (2225/s)  best: cx 41 tof 31
[2026-09-25 08:50:40] span_L7_s63_c1_z3_long   5618s  best 3745/4096  current 3579  kicks 78  iters 12506518 (2226/s)  best: cx 41 tof 31
[2026-09-25 08:50:50] span_L7_s63_c1_z3_long   5628s  best 3745/4096  current 3585  kicks 78  iters 12532612 (2226/s)  best: cx 41 tof 31
[2026-09-25 08:51:06] span_L7_s63_c1_z3_long   5644s  best 3745/4096  current 3604  kicks 78  iters 12571908 (2227/s)  best: cx 41 tof 31
[2026-09-25 08:51:21] span_L7_s63_c1_z3_long   5659s  best 3745/4096  current 3624  kicks 78  iters 12607554 (2228/s)  best: cx 41 tof 31
[2026-09-25 08:51:31] span_L7_s63_c1_z3_long   5669s  best 3745/4096  current 3630  kicks 78  iters 12631563 (2228/s)  best: cx 41 tof 31
[2026-09-25 08:51:41] span_L7_s63_c1_z3_long   5679s  best 3745/4096  current 3638  kicks 79  iters 12653533 (2228/s)  best: cx 41 tof 31
[2026-09-25 08:51:56] span_L7_s63_c1_z3_long   5694s  best 3745/4096  current 3646  kicks 79  iters 12685788 (2228/s)  best: cx 41 tof 31
[2026-09-25 08:52:11] span_L7_s63_c1_z3_long   5709s  best 3745/4096  current 3660  kicks 79  iters 12720241 (2228/s)  best: cx 41 tof 31
[2026-09-25 08:52:21] span_L7_s63_c1_z3_long   5719s  best 3745/4096  current 3664  kicks 79  iters 12743763 (2228/s)  best: cx 41 tof 31
[2026-09-25 08:52:36] span_L7_s63_c1_z3_long   5734s  best 3745/4096  current 3662  kicks 79  iters 12778119 (2228/s)  best: cx 41 tof 31
[2026-09-25 08:52:50] span_L7_s63_c1_z3_long   5748s  best 3745/4096  current 3586  kicks 80  iters 12816021 (2229/s)  best: cx 41 tof 31
[2026-09-25 08:53:05] span_L7_s63_c1_z3_long   5763s  best 3745/4096  current 3592  kicks 80  iters 12857519 (2231/s)  best: cx 41 tof 31
[2026-09-25 08:53:20] span_L7_s63_c1_z3_long   5778s  best 3745/4096  current 3592  kicks 80  iters 12902619 (2233/s)  best: cx 41 tof 31
[2026-09-25 08:53:35] span_L7_s63_c1_z3_long   5793s  best 3745/4096  current 3592  kicks 80  iters 12945461 (2234/s)  best: cx 41 tof 31
[2026-09-25 08:53:47] span_L7_s63_c1_z3_long   5805s  best 3745/4096  current 3574  kicks 81  iters 12974343 (2235/s)  best: cx 41 tof 31
[2026-09-25 08:53:57] span_L7_s63_c1_z3_long   5815s  best 3745/4096  current 3578  kicks 81  iters 12994822 (2234/s)  best: cx 41 tof 31
[2026-09-25 08:54:07] span_L7_s63_c1_z3_long   5825s  best 3745/4096  current 3621  kicks 81  iters 13014448 (2234/s)  best: cx 41 tof 31
[2026-09-25 08:54:22] span_L7_s63_c1_z3_long   5840s  best 3745/4096  current 3647  kicks 81  iters 13045175 (2233/s)  best: cx 41 tof 31
[2026-09-25 08:54:32] span_L7_s63_c1_z3_long   5850s  best 3745/4096  current 3636  kicks 81  iters 13066507 (2233/s)  best: cx 41 tof 31
[2026-09-25 08:54:42] span_L7_s63_c1_z3_long   5860s  best 3745/4096  current 3640  kicks 81  iters 13086148 (2233/s)  best: cx 41 tof 31
[2026-09-25 08:54:56] span_L7_s63_c1_z3_long   5874s  best 3745/4096  current 3547  kicks 82  iters 13120402 (2233/s)  best: cx 41 tof 31
[2026-09-25 08:55:07] span_L7_s63_c1_z3_long   5885s  best 3745/4096  current 3592  kicks 82  iters 13144783 (2233/s)  best: cx 41 tof 31
[2026-09-25 08:55:22] span_L7_s63_c1_z3_long   5899s  best 3745/4096  current 3612  kicks 82  iters 13179813 (2234/s)  best: cx 41 tof 31
[2026-09-25 08:55:32] span_L7_s63_c1_z3_long   5910s  best 3745/4096  current 3610  kicks 82  iters 13203222 (2234/s)  best: cx 41 tof 31
[2026-09-25 08:55:47] span_L7_s63_c1_z3_long   5924s  best 3745/4096  current 3618  kicks 82  iters 13238819 (2234/s)  best: cx 41 tof 31
[2026-09-25 08:55:57] span_L7_s63_c1_z3_long   5935s  best 3745/4096  current 3534  kicks 83  iters 13262331 (2234/s)  best: cx 41 tof 31
[2026-09-25 08:56:07] span_L7_s63_c1_z3_long   5945s  best 3745/4096  current 3543  kicks 83  iters 13284867 (2234/s)  best: cx 41 tof 31
[2026-09-25 08:56:17] span_L7_s63_c1_z3_long   5955s  best 3745/4096  current 3553  kicks 83  iters 13306107 (2234/s)  best: cx 41 tof 31
[2026-09-25 08:56:27] span_L7_s63_c1_z3_long   5965s  best 3745/4096  current 3574  kicks 83  iters 13327364 (2234/s)  best: cx 41 tof 31
[2026-09-25 08:56:42] span_L7_s63_c1_z3_long   5980s  best 3745/4096  current 3579  kicks 83  iters 13359739 (2234/s)  best: cx 41 tof 31
[2026-09-25 08:56:52] span_L7_s63_c1_z3_long   5990s  best 3745/4096  current 3581  kicks 84  iters 13381367 (2233/s)  best: cx 41 tof 31
[2026-09-25 08:57:02] span_L7_s63_c1_z3_long   6000s  best 3745/4096  current 3601  kicks 84  iters 13402593 (2233/s)  best: cx 41 tof 31
[2026-09-25 08:57:12] span_L7_s63_c1_z3_long   6010s  best 3745/4096  current 3615  kicks 84  iters 13423785 (2233/s)  best: cx 41 tof 31
[2026-09-25 08:57:27] span_L7_s63_c1_z3_long   6025s  best 3745/4096  current 3613  kicks 84  iters 13455037 (2233/s)  best: cx 41 tof 31
[2026-09-25 08:57:37] span_L7_s63_c1_z3_long   6035s  best 3745/4096  current 3604  kicks 84  iters 13476411 (2232/s)  best: cx 41 tof 31
[2026-09-25 08:57:52] span_L7_s63_c1_z3_long   6050s  best 3745/4096  current 3602  kicks 84  iters 13508179 (2232/s)  best: cx 41 tof 31
[2026-09-25 08:58:02] span_L7_s63_c1_z3_long   6060s  best 3745/4096  current 3576  kicks 85  iters 13529061 (2232/s)  best: cx 41 tof 31
[2026-09-25 08:58:18] span_L7_s63_c1_z3_long   6075s  best 3745/4096  current 3578  kicks 85  iters 13559893 (2231/s)  best: cx 41 tof 31
[2026-09-25 08:58:32] span_L7_s63_c1_z3_long   6090s  best 3745/4096  current 3600  kicks 85  iters 13590704 (2231/s)  best: cx 41 tof 31
[2026-09-25 08:58:42] span_L7_s63_c1_z3_long   6100s  best 3745/4096  current 3599  kicks 85  iters 13613642 (2231/s)  best: cx 41 tof 31
[2026-09-25 08:58:57] span_L7_s63_c1_z3_long   6115s  best 3745/4096  current 3606  kicks 85  iters 13647965 (2232/s)  best: cx 41 tof 31
[2026-09-25 08:59:07] span_L7_s63_c1_z3_long   6125s  best 3745/4096  current 3546  kicks 86  iters 13671090 (2232/s)  best: cx 41 tof 31
[2026-09-25 08:59:18] span_L7_s63_c1_z3_long   6136s  best 3745/4096  current 3559  kicks 86  iters 13691648 (2231/s)  best: cx 41 tof 31
[2026-09-25 08:59:29] span_L7_s63_c1_z3_long   6146s  best 3745/4096  current 3573  kicks 86  iters 13709655 (2230/s)  best: cx 41 tof 31
[2026-09-25 08:59:44] span_L7_s63_c1_z3_long   6161s  best 3745/4096  current 3594  kicks 86  iters 13736208 (2229/s)  best: cx 41 tof 31
[2026-09-25 08:59:58] span_L7_s63_c1_z3_long   6176s  best 3745/4096  current 3588  kicks 86  iters 13762947 (2228/s)  best: cx 41 tof 31
[2026-09-25 09:00:12] span_L7_s63_c1_z3_long   6190s  best 3745/4096  current 3551  kicks 87  iters 13795353 (2228/s)  best: cx 41 tof 31
[2026-09-25 09:00:27] span_L7_s63_c1_z3_long   6205s  best 3745/4096  current 3551  kicks 87  iters 13829895 (2228/s)  best: cx 41 tof 31
[2026-09-25 09:00:37] span_L7_s63_c1_z3_long   6215s  best 3745/4096  current 3551  kicks 87  iters 13853529 (2229/s)  best: cx 41 tof 31
[2026-09-25 09:00:47] span_L7_s63_c1_z3_long   6225s  best 3745/4096  current 3551  kicks 87  iters 13877032 (2229/s)  best: cx 41 tof 31
[2026-09-25 09:01:02] span_L7_s63_c1_z3_long   6240s  best 3745/4096  current 3559  kicks 87  iters 13913791 (2229/s)  best: cx 41 tof 31
[2026-09-25 09:01:13] span_L7_s63_c1_z3_long   6250s  best 3745/4096  current 3636  kicks 88  iters 13938016 (2229/s)  best: cx 41 tof 31
[2026-09-25 09:01:23] span_L7_s63_c1_z3_long   6261s  best 3745/4096  current 3639  kicks 88  iters 13959238 (2229/s)  best: cx 41 tof 31
[2026-09-25 09:01:33] span_L7_s63_c1_z3_long   6271s  best 3745/4096  current 3633  kicks 88  iters 13980381 (2229/s)  best: cx 41 tof 31
[2026-09-25 09:01:48] span_L7_s63_c1_z3_long   6285s  best 3745/4096  current 3642  kicks 88  iters 14012155 (2229/s)  best: cx 41 tof 31
[2026-09-25 09:01:58] span_L7_s63_c1_z3_long   6296s  best 3745/4096  current 3644  kicks 88  iters 14033660 (2229/s)  best: cx 41 tof 31
[2026-09-25 09:02:12] span_L7_s63_c1_z3_long   6310s  best 3745/4096  current 3564  kicks 89  iters 14066211 (2229/s)  best: cx 41 tof 31
[2026-09-25 09:02:23] span_L7_s63_c1_z3_long   6320s  best 3745/4096  current 3573  kicks 89  iters 14088453 (2229/s)  best: cx 41 tof 31
[2026-09-25 09:02:33] span_L7_s63_c1_z3_long   6331s  best 3745/4096  current 3571  kicks 89  iters 14110005 (2228/s)  best: cx 41 tof 31
[2026-09-25 09:02:47] span_L7_s63_c1_z3_long   6345s  best 3745/4096  current 3577  kicks 89  iters 14142756 (2228/s)  best: cx 41 tof 31
[2026-09-25 09:02:57] span_L7_s63_c1_z3_long   6355s  best 3745/4096  current 3587  kicks 89  iters 14166184 (2229/s)  best: cx 41 tof 31
[2026-09-25 09:03:13] span_L7_s63_c1_z3_long   6371s  best 3745/4096  current 3610  kicks 90  iters 14200346 (2228/s)  best: cx 41 tof 31
[2026-09-25 09:03:23] span_L7_s63_c1_z3_long   6381s  best 3745/4096  current 3628  kicks 90  iters 14220187 (2228/s)  best: cx 41 tof 31
[2026-09-25 09:03:33] span_L7_s63_c1_z3_long   6391s  best 3745/4096  current 3636  kicks 90  iters 14239491 (2227/s)  best: cx 41 tof 31
[2026-09-25 09:03:48] span_L7_s63_c1_z3_long   6406s  best 3745/4096  current 3660  kicks 90  iters 14268508 (2227/s)  best: cx 41 tof 31
[2026-09-25 09:04:03] span_L7_s63_c1_z3_long   6421s  best 3745/4096  current 3664  kicks 90  iters 14297553 (2226/s)  best: cx 41 tof 31
[2026-09-25 09:04:13] span_L7_s63_c1_z3_long   6431s  best 3745/4096  current 3607  kicks 91  iters 14317018 (2226/s)  best: cx 41 tof 31
[2026-09-25 09:04:28] span_L7_s63_c1_z3_long   6446s  best 3745/4096  current 3656  kicks 91  iters 14346701 (2225/s)  best: cx 41 tof 31
[2026-09-25 09:04:38] span_L7_s63_c1_z3_long   6456s  best 3745/4096  current 3663  kicks 91  iters 14367966 (2225/s)  best: cx 41 tof 31
[2026-09-25 09:04:48] span_L7_s63_c1_z3_long   6466s  best 3745/4096  current 3687  kicks 91  iters 14388210 (2225/s)  best: cx 41 tof 31
[2026-09-25 09:04:59] span_L7_s63_c1_z3_long   6476s  best 3745/4096  current 3694  kicks 91  iters 14406987 (2224/s)  best: cx 41 tof 31
[2026-09-25 09:05:09] span_L7_s63_c1_z3_long   6487s  best 3745/4096  current 3691  kicks 91  iters 14425649 (2223/s)  best: cx 41 tof 31
[2026-09-25 09:05:23] span_L7_s63_c1_z3_long   6501s  best 3745/4096  current 3585  kicks 92  iters 14455784 (2223/s)  best: cx 41 tof 31
[2026-09-25 09:05:33] span_L7_s63_c1_z3_long   6511s  best 3745/4096  current 3622  kicks 92  iters 14477572 (2223/s)  best: cx 41 tof 31
[2026-09-25 09:05:48] span_L7_s63_c1_z3_long   6526s  best 3745/4096  current 3645  kicks 92  iters 14510837 (2223/s)  best: cx 41 tof 31
[2026-09-25 09:05:58] span_L7_s63_c1_z3_long   6536s  best 3745/4096  current 3646  kicks 92  iters 14532284 (2223/s)  best: cx 41 tof 31
[2026-09-25 09:06:13] span_L7_s63_c1_z3_long   6550s  best 3745/4096  current 3651  kicks 92  iters 14564030 (2223/s)  best: cx 41 tof 31
[2026-09-25 09:06:23] span_L7_s63_c1_z3_long   6561s  best 3745/4096  current 3510  kicks 93  iters 14588723 (2223/s)  best: cx 41 tof 31
[2026-09-25 09:06:38] span_L7_s63_c1_z3_long   6576s  best 3745/4096  current 3543  kicks 93  iters 14620478 (2223/s)  best: cx 41 tof 31
[2026-09-25 09:06:53] span_L7_s63_c1_z3_long   6591s  best 3745/4096  current 3563  kicks 93  iters 14652357 (2223/s)  best: cx 41 tof 31
[2026-09-25 09:07:03] span_L7_s63_c1_z3_long   6601s  best 3745/4096  current 3574  kicks 93  iters 14673015 (2222/s)  best: cx 41 tof 31
[2026-09-25 09:07:14] span_L7_s63_c1_z3_long   6611s  best 3745/4096  current 3580  kicks 93  iters 14693820 (2222/s)  best: cx 41 tof 31
[2026-09-25 09:07:24] span_L7_s63_c1_z3_long   6622s  best 3745/4096  current 3593  kicks 94  iters 14713998 (2222/s)  best: cx 41 tof 31
[2026-09-25 09:07:34] span_L7_s63_c1_z3_long   6632s  best 3745/4096  current 3605  kicks 94  iters 14732758 (2221/s)  best: cx 41 tof 31
[2026-09-25 09:07:44] span_L7_s63_c1_z3_long   6642s  best 3745/4096  current 3616  kicks 94  iters 14751709 (2221/s)  best: cx 41 tof 31
[2026-09-25 09:07:54] span_L7_s63_c1_z3_long   6652s  best 3745/4096  current 3632  kicks 94  iters 14770312 (2220/s)  best: cx 41 tof 31
[2026-09-25 09:08:04] span_L7_s63_c1_z3_long   6662s  best 3745/4096  current 3633  kicks 94  iters 14788686 (2219/s)  best: cx 41 tof 31
[2026-09-25 09:08:14] span_L7_s63_c1_z3_long   6672s  best 3745/4096  current 3635  kicks 94  iters 14806548 (2219/s)  best: cx 41 tof 31
[2026-09-25 09:08:29] span_L7_s63_c1_z3_long   6687s  best 3745/4096  current 3666  kicks 95  iters 14835181 (2218/s)  best: cx 41 tof 31
[2026-09-25 09:08:44] span_L7_s63_c1_z3_long   6702s  best 3745/4096  current 3672  kicks 95  iters 14862833 (2217/s)  best: cx 41 tof 31
[2026-09-25 09:08:59] span_L7_s63_c1_z3_long   6717s  best 3745/4096  current 3680  kicks 95  iters 14891196 (2216/s)  best: cx 41 tof 31
[2026-09-25 09:09:09] span_L7_s63_c1_z3_long   6727s  best 3745/4096  current 3680  kicks 95  iters 14909896 (2216/s)  best: cx 41 tof 31
[2026-09-25 09:09:23] span_L7_s63_c1_z3_long   6741s  best 3745/4096  current 3562  kicks 96  iters 14937275 (2216/s)  best: cx 41 tof 31
[2026-09-25 09:09:33] span_L7_s63_c1_z3_long   6751s  best 3745/4096  current 3567  kicks 96  iters 14962367 (2216/s)  best: cx 41 tof 31
[2026-09-25 09:09:43] span_L7_s63_c1_z3_long   6761s  best 3745/4096  current 3586  kicks 96  iters 14987667 (2216/s)  best: cx 41 tof 31
[2026-09-25 09:09:58] span_L7_s63_c1_z3_long   6776s  best 3745/4096  current 3586  kicks 96  iters 15023022 (2217/s)  best: cx 41 tof 31
[2026-09-25 09:10:08] span_L7_s63_c1_z3_long   6786s  best 3745/4096  current 3584  kicks 96  iters 15046847 (2217/s)  best: cx 41 tof 31
[2026-09-25 09:10:23] span_L7_s63_c1_z3_long   6801s  best 3745/4096  current 3595  kicks 96  iters 15082542 (2217/s)  best: cx 41 tof 31
[2026-09-25 09:10:34] span_L7_s63_c1_z3_long   6812s  best 3745/4096  current 3589  kicks 97  iters 15105004 (2217/s)  best: cx 41 tof 31
[2026-09-25 09:10:44] span_L7_s63_c1_z3_long   6822s  best 3745/4096  current 3612  kicks 97  iters 15124905 (2217/s)  best: cx 41 tof 31
[2026-09-25 09:10:54] span_L7_s63_c1_z3_long   6832s  best 3745/4096  current 3611  kicks 97  iters 15144537 (2216/s)  best: cx 41 tof 31
[2026-09-25 09:11:04] span_L7_s63_c1_z3_long   6842s  best 3745/4096  current 3617  kicks 97  iters 15163994 (2216/s)  best: cx 41 tof 31
[2026-09-25 09:11:15] span_L7_s63_c1_z3_long   6852s  best 3745/4096  current 3619  kicks 97  iters 15183287 (2215/s)  best: cx 41 tof 31
[2026-09-25 09:11:29] span_L7_s63_c1_z3_long   6866s  best 3745/4096  current 3536  kicks 98  iters 15211896 (2215/s)  best: cx 41 tof 31
[2026-09-25 09:11:39] span_L7_s63_c1_z3_long   6876s  best 3745/4096  current 3570  kicks 98  iters 15235495 (2215/s)  best: cx 41 tof 31
[2026-09-25 09:11:54] span_L7_s63_c1_z3_long   6891s  best 3745/4096  current 3585  kicks 98  iters 15271031 (2215/s)  best: cx 41 tof 31
[2026-09-25 09:12:04] span_L7_s63_c1_z3_long   6902s  best 3745/4096  current 3591  kicks 98  iters 15294110 (2216/s)  best: cx 41 tof 31
[2026-09-25 09:12:19] span_L7_s63_c1_z3_long   6916s  best 3745/4096  current 3596  kicks 98  iters 15329023 (2216/s)  best: cx 41 tof 31
[2026-09-25 09:12:29] span_L7_s63_c1_z3_long   6926s  best 3745/4096  current 3589  kicks 98  iters 15352849 (2216/s)  best: cx 41 tof 31
[2026-09-25 09:12:39] span_L7_s63_c1_z3_long   6937s  best 3745/4096  current 3618  kicks 99  iters 15376063 (2216/s)  best: cx 41 tof 31
[2026-09-25 09:12:54] span_L7_s63_c1_z3_long   6952s  best 3745/4096  current 3619  kicks 99  iters 15409585 (2216/s)  best: cx 41 tof 31
[2026-09-25 09:13:08] span_L7_s63_c1_z3_long   6966s  best 3745/4096  current 3615  kicks 99  iters 15443831 (2216/s)  best: cx 41 tof 31
[2026-09-25 09:13:18] span_L7_s63_c1_z3_long   6976s  best 3745/4096  current 3623  kicks 99  iters 15468147 (2217/s)  best: cx 41 tof 31
[2026-09-25 09:13:29] span_L7_s63_c1_z3_long   6986s  best 3745/4096  current 3623  kicks 99  iters 15492361 (2217/s)  best: cx 41 tof 31
[2026-09-25 09:13:39] span_L7_s63_c1_z3_long   6997s  best 3745/4096  current 3545  kicks 100  iters 15515977 (2217/s)  best: cx 41 tof 31
[2026-09-25 09:13:49] span_L7_s63_c1_z3_long   7007s  best 3745/4096  current 3589  kicks 100  iters 15538873 (2217/s)  best: cx 41 tof 31
[2026-09-25 09:13:59] span_L7_s63_c1_z3_long   7017s  best 3745/4096  current 3598  kicks 100  iters 15560297 (2217/s)  best: cx 41 tof 31
[2026-09-25 09:14:14] span_L7_s63_c1_z3_long   7032s  best 3745/4096  current 3590  kicks 100  iters 15592681 (2217/s)  best: cx 41 tof 31
[2026-09-25 09:14:24] span_L7_s63_c1_z3_long   7042s  best 3745/4096  current 3591  kicks 100  iters 15614246 (2217/s)  best: cx 41 tof 31
[2026-09-25 09:14:34] span_L7_s63_c1_z3_long   7052s  best 3745/4096  current 3596  kicks 100  iters 15636403 (2217/s)  best: cx 41 tof 31
[2026-09-25 09:14:50] span_L7_s63_c1_z3_long   7067s  best 3745/4096  current 3594  kicks 101  iters 15670697 (2217/s)  best: cx 41 tof 31
[2026-09-25 09:15:00] span_L7_s63_c1_z3_long   7078s  best 3745/4096  current 3603  kicks 101  iters 15690066 (2216/s)  best: cx 41 tof 31
[2026-09-25 09:15:14] span_L7_s63_c1_z3_long   7092s  best 3745/4096  current 3608  kicks 101  iters 15716995 (2216/s)  best: cx 41 tof 31
[2026-09-25 09:15:25] span_L7_s63_c1_z3_long   7103s  best 3745/4096  current 3606  kicks 101  iters 15738759 (2215/s)  best: cx 41 tof 31
[2026-09-25 09:15:40] span_L7_s63_c1_z3_long   7118s  best 3745/4096  current 3593  kicks 102  iters 15769044 (2215/s)  best: cx 41 tof 31
[2026-09-25 09:15:55] span_L7_s63_c1_z3_long   7133s  best 3745/4096  current 3586  kicks 102  iters 15799824 (2215/s)  best: cx 41 tof 31
[2026-09-25 09:16:09] span_L7_s63_c1_z3_long   7147s  best 3745/4096  current 3615  kicks 102  iters 15830463 (2214/s)  best: cx 41 tof 31
[2026-09-25 09:16:20] span_L7_s63_c1_z3_long   7157s  best 3745/4096  current 3613  kicks 102  iters 15852377 (2214/s)  best: cx 41 tof 31
[2026-09-25 09:16:30] span_L7_s63_c1_z3_long   7167s  best 3745/4096  current 3625  kicks 102  iters 15873091 (2214/s)  best: cx 41 tof 31
[2026-09-25 09:16:45] span_L7_s63_c1_z3_long   7183s  best 3745/4096  current 3643  kicks 103  iters 15906853 (2214/s)  best: cx 41 tof 31
[2026-09-25 09:17:00] span_L7_s63_c1_z3_long   7197s  best 3745/4096  current 3650  kicks 103  iters 15939589 (2214/s)  best: cx 41 tof 31
[2026-09-25 09:17:10] span_L7_s63_c1_z3_long   7208s  best 3745/4096  current 3649  kicks 103  iters 15960761 (2214/s)  best: cx 41 tof 31
[2026-09-25 09:17:20] span_L7_s63_c1_z3_long   7218s  best 3745/4096  current 3652  kicks 103  iters 15982013 (2214/s)  best: cx 41 tof 31
[2026-09-25 09:17:35] span_L7_s63_c1_z3_long   7233s  best 3745/4096  current 3649  kicks 103  iters 16013138 (2214/s)  best: cx 41 tof 31
[2026-09-25 09:17:49] span_L7_s63_c1_z3_long   7247s  best 3745/4096  current 3563  kicks 104  iters 16047244 (2214/s)  best: cx 41 tof 31
[2026-09-25 09:18:04] span_L7_s63_c1_z3_long   7262s  best 3745/4096  current 3569  kicks 104  iters 16083488 (2214/s)  best: cx 41 tof 31
[2026-09-25 09:18:19] span_L7_s63_c1_z3_long   7277s  best 3745/4096  current 3577  kicks 104  iters 16121115 (2215/s)  best: cx 41 tof 31
[2026-09-25 09:18:30] span_L7_s63_c1_z3_long   7287s  best 3745/4096  current 3571  kicks 104  iters 16144210 (2215/s)  best: cx 41 tof 31
[2026-09-25 09:18:40] span_L7_s63_c1_z3_long   7298s  best 3745/4096  current 3569  kicks 104  iters 16166759 (2215/s)  best: cx 41 tof 31
[2026-09-25 09:18:54] span_L7_s63_c1_z3_long   7312s  best 3745/4096  current 3576  kicks 105  iters 16204351 (2216/s)  best: cx 41 tof 31
[2026-09-25 09:19:09] span_L7_s63_c1_z3_long   7327s  best 3745/4096  current 3592  kicks 105  iters 16243287 (2216/s)  best: cx 41 tof 31
[2026-09-25 09:19:24] span_L7_s63_c1_z3_long   7342s  best 3745/4096  current 3592  kicks 105  iters 16283417 (2217/s)  best: cx 41 tof 31
[2026-09-25 09:19:34] span_L7_s63_c1_z3_long   7352s  best 3745/4096  current 3594  kicks 105  iters 16309740 (2218/s)  best: cx 41 tof 31
[2026-09-25 09:19:44] span_L7_s63_c1_z3_long   7362s  best 3745/4096  current 3590  kicks 105  iters 16336364 (2219/s)  best: cx 41 tof 31
[2026-09-25 09:19:55] span_L7_s63_c1_z3_long   7372s  best 3745/4096  current 3582  kicks 106  iters 16361664 (2219/s)  best: cx 41 tof 31
[2026-09-25 09:20:05] span_L7_s63_c1_z3_long   7382s  best 3745/4096  current 3604  kicks 106  iters 16385523 (2219/s)  best: cx 41 tof 31
[2026-09-25 09:20:15] span_L7_s63_c1_z3_long   7392s  best 3745/4096  current 3609  kicks 106  iters 16408785 (2219/s)  best: cx 41 tof 31
[2026-09-25 09:20:25] span_L7_s63_c1_z3_long   7403s  best 3745/4096  current 3618  kicks 106  iters 16432027 (2219/s)  best: cx 41 tof 31
[2026-09-25 09:20:35] span_L7_s63_c1_z3_long   7413s  best 3745/4096  current 3618  kicks 106  iters 16454755 (2219/s)  best: cx 41 tof 31
[2026-09-25 09:20:45] span_L7_s63_c1_z3_long   7423s  best 3745/4096  current 3636  kicks 106  iters 16476988 (2219/s)  best: cx 41 tof 31
[2026-09-25 09:20:55] span_L7_s63_c1_z3_long   7433s  best 3745/4096  current 3562  kicks 107  iters 16498846 (2219/s)  best: cx 41 tof 31
[2026-09-25 09:21:05] span_L7_s63_c1_z3_long   7443s  best 3745/4096  current 3565  kicks 107  iters 16519992 (2219/s)  best: cx 41 tof 31
[2026-09-25 09:21:20] span_L7_s63_c1_z3_long   7458s  best 3745/4096  current 3568  kicks 107  iters 16551101 (2219/s)  best: cx 41 tof 31
[2026-09-25 09:21:30] span_L7_s63_c1_z3_long   7468s  best 3745/4096  current 3566  kicks 107  iters 16571706 (2218/s)  best: cx 41 tof 31
[2026-09-25 09:21:45] span_L7_s63_c1_z3_long   7483s  best 3745/4096  current 3571  kicks 107  iters 16602074 (2218/s)  best: cx 41 tof 31
[2026-09-25 09:22:00] span_L7_s63_c1_z3_long   7497s  best 3745/4096  current 3646  kicks 108  iters 16637578 (2219/s)  best: cx 41 tof 31
[2026-09-25 09:22:11] span_L7_s63_c1_z3_long   7508s  best 3745/4096  current 3669  kicks 108  iters 16660023 (2218/s)  best: cx 41 tof 31
[2026-09-25 09:22:25] span_L7_s63_c1_z3_long   7523s  best 3745/4096  current 3674  kicks 108  iters 16691181 (2218/s)  best: cx 41 tof 31
[2026-09-25 09:22:35] span_L7_s63_c1_z3_long   7533s  best 3745/4096  current 3674  kicks 108  iters 16711811 (2218/s)  best: cx 41 tof 31
[2026-09-25 09:22:46] span_L7_s63_c1_z3_long   7543s  best 3745/4096  current 3672  kicks 108  iters 16732884 (2218/s)  best: cx 41 tof 31
[2026-09-25 09:22:56] span_L7_s63_c1_z3_long   7554s  best 3745/4096  current 3687  kicks 109  iters 16753402 (2217/s)  best: cx 41 tof 31
[2026-09-25 09:23:11] span_L7_s63_c1_z3_long   7569s  best 3745/4096  current 3679  kicks 109  iters 16780783 (2217/s)  best: cx 41 tof 31
[2026-09-25 09:23:26] span_L7_s63_c1_z3_long   7584s  best 3745/4096  current 3686  kicks 109  iters 16809089 (2216/s)  best: cx 41 tof 31
[2026-09-25 09:23:41] span_L7_s63_c1_z3_long   7599s  best 3745/4096  current 3686  kicks 109  iters 16837850 (2215/s)  best: cx 41 tof 31
[2026-09-25 09:23:55] span_L7_s63_c1_z3_long   7613s  best 3745/4096  current 3580  kicks 110  iters 16869784 (2216/s)  best: cx 41 tof 31
[2026-09-25 09:24:05] span_L7_s63_c1_z3_long   7623s  best 3745/4096  current 3624  kicks 110  iters 16894254 (2216/s)  best: cx 41 tof 31
[2026-09-25 09:24:20] span_L7_s63_c1_z3_long   7638s  best 3745/4096  current 3632  kicks 110  iters 16931058 (2216/s)  best: cx 41 tof 31
[2026-09-25 09:24:35] span_L7_s63_c1_z3_long   7653s  best 3745/4096  current 3630  kicks 110  iters 16969341 (2217/s)  best: cx 41 tof 31
[2026-09-25 09:24:50] span_L7_s63_c1_z3_long   7668s  best 3745/4096  current 3660  kicks 110  iters 17007633 (2218/s)  best: cx 41 tof 31
[2026-09-25 09:25:00] span_L7_s63_c1_z3_long   7678s  best 3745/4096  current 3550  kicks 111  iters 17030723 (2218/s)  best: cx 41 tof 31
[2026-09-25 09:25:15] span_L7_s63_c1_z3_long   7693s  best 3745/4096  current 3579  kicks 111  iters 17065006 (2218/s)  best: cx 41 tof 31
[2026-09-25 09:25:26] span_L7_s63_c1_z3_long   7703s  best 3745/4096  current 3592  kicks 111  iters 17087352 (2218/s)  best: cx 41 tof 31
[2026-09-25 09:25:41] span_L7_s63_c1_z3_long   7718s  best 3745/4096  current 3597  kicks 111  iters 17119326 (2218/s)  best: cx 41 tof 31
[2026-09-25 09:25:51] span_L7_s63_c1_z3_long   7728s  best 3745/4096  current 3595  kicks 111  iters 17141425 (2217/s)  best: cx 41 tof 31
[2026-09-25 09:26:01] span_L7_s63_c1_z3_long   7739s  best 3745/4096  current 3560  kicks 112  iters 17163710 (2217/s)  best: cx 41 tof 31
[2026-09-25 09:26:15] span_L7_s63_c1_z3_long   7753s  best 3745/4096  current 3588  kicks 112  iters 17195661 (2217/s)  best: cx 41 tof 31
[2026-09-25 09:26:26] span_L7_s63_c1_z3_long   7763s  best 3745/4096  current 3607  kicks 112  iters 17218878 (2217/s)  best: cx 41 tof 31
[2026-09-25 09:26:41] span_L7_s63_c1_z3_long   7778s  best 3745/4096  current 3609  kicks 112  iters 17253371 (2218/s)  best: cx 41 tof 31
[2026-09-25 09:26:56] span_L7_s63_c1_z3_long   7793s  best 3745/4096  current 3617  kicks 112  iters 17287871 (2218/s)  best: cx 41 tof 31
[2026-09-25 09:27:06] span_L7_s63_c1_z3_long   7804s  best 3745/4096  current 3624  kicks 113  iters 17308468 (2217/s)  best: cx 41 tof 31
[2026-09-25 09:27:17] span_L7_s63_c1_z3_long   7815s  best 3745/4096  current 3629  kicks 113  iters 17327420 (2217/s)  best: cx 41 tof 31
[2026-09-25 09:27:32] span_L7_s63_c1_z3_long   7829s  best 3745/4096  current 3632  kicks 113  iters 17353768 (2216/s)  best: cx 41 tof 31
[2026-09-25 09:27:42] span_L7_s63_c1_z3_long   7840s  best 3745/4096  current 3644  kicks 113  iters 17371476 (2215/s)  best: cx 41 tof 31
[2026-09-25 09:27:57] span_L7_s63_c1_z3_long   7855s  best 3745/4096  current 3639  kicks 113  iters 17397549 (2214/s)  best: cx 41 tof 31
[2026-09-25 09:28:11] span_L7_s63_c1_z3_long   7868s  best 3745/4096  current 3556  kicks 114  iters 17434612 (2215/s)  best: cx 41 tof 31
[2026-09-25 09:28:21] span_L7_s63_c1_z3_long   7879s  best 3745/4096  current 3561  kicks 114  iters 17460087 (2216/s)  best: cx 41 tof 31
[2026-09-25 09:28:31] span_L7_s63_c1_z3_long   7889s  best 3745/4096  current 3563  kicks 114  iters 17484506 (2216/s)  best: cx 41 tof 31
[2026-09-25 09:28:41] span_L7_s63_c1_z3_long   7899s  best 3745/4096  current 3608  kicks 114  iters 17508196 (2216/s)  best: cx 41 tof 31
[2026-09-25 09:28:56] span_L7_s63_c1_z3_long   7914s  best 3745/4096  current 3611  kicks 114  iters 17542394 (2216/s)  best: cx 41 tof 31
[2026-09-25 09:29:07] span_L7_s63_c1_z3_long   7925s  best 3745/4096  current 3544  kicks 115  iters 17565180 (2216/s)  best: cx 41 tof 31
[2026-09-25 09:29:17] span_L7_s63_c1_z3_long   7935s  best 3745/4096  current 3549  kicks 115  iters 17586677 (2216/s)  best: cx 41 tof 31
[2026-09-25 09:29:27] span_L7_s63_c1_z3_long   7945s  best 3745/4096  current 3556  kicks 115  iters 17608208 (2216/s)  best: cx 41 tof 31
[2026-09-25 09:29:42] span_L7_s63_c1_z3_long   7960s  best 3745/4096  current 3566  kicks 115  iters 17639161 (2216/s)  best: cx 41 tof 31
[2026-09-25 09:29:57] span_L7_s63_c1_z3_long   7975s  best 3745/4096  current 3563  kicks 115  iters 17670135 (2215/s)  best: cx 41 tof 31
[2026-09-25 09:30:11] span_L7_s63_c1_z3_long   7989s  best 3745/4096  current 3539  kicks 116  iters 17704484 (2216/s)  best: cx 41 tof 31
[2026-09-25 09:30:21] span_L7_s63_c1_z3_long   7999s  best 3745/4096  current 3543  kicks 116  iters 17729564 (2216/s)  best: cx 41 tof 31
[2026-09-25 09:30:36] span_L7_s63_c1_z3_long   8014s  best 3745/4096  current 3546  kicks 116  iters 17768435 (2217/s)  best: cx 41 tof 31
[2026-09-25 09:30:51] span_L7_s63_c1_z3_long   8028s  best 3745/4096  current 3546  kicks 116  iters 17807404 (2218/s)  best: cx 41 tof 31
[2026-09-25 09:31:01] span_L7_s63_c1_z3_long   8039s  best 3745/4096  current 3548  kicks 116  iters 17834768 (2218/s)  best: cx 41 tof 31
[2026-09-25 09:31:13] span_L7_s63_c1_z3_long   8050s  best 3745/4096  current 3531  kicks 117  iters 17860903 (2218/s)  best: cx 41 tof 31
[2026-09-25 09:31:27] span_L7_s63_c1_z3_long   8065s  best 3745/4096  current 3547  kicks 117  iters 17891160 (2218/s)  best: cx 41 tof 31
[2026-09-25 09:31:42] span_L7_s63_c1_z3_long   8080s  best 3745/4096  current 3604  kicks 117  iters 17924629 (2218/s)  best: cx 41 tof 31
[2026-09-25 09:31:52] span_L7_s63_c1_z3_long   8090s  best 3745/4096  current 3600  kicks 117  iters 17946364 (2218/s)  best: cx 41 tof 31
[2026-09-25 09:32:03] span_L7_s63_c1_z3_long   8100s  best 3745/4096  current 3604  kicks 117  iters 17966754 (2218/s)  best: cx 41 tof 31
[2026-09-25 09:32:18] span_L7_s63_c1_z3_long   8116s  best 3745/4096  current 3573  kicks 118  iters 17999555 (2217/s)  best: cx 41 tof 31
[2026-09-25 09:32:32] span_L7_s63_c1_z3_long   8130s  best 3745/4096  current 3597  kicks 118  iters 18031582 (2217/s)  best: cx 41 tof 31
[2026-09-25 09:32:42] span_L7_s63_c1_z3_long   8140s  best 3745/4096  current 3596  kicks 118  iters 18054072 (2217/s)  best: cx 41 tof 31
[2026-09-25 09:32:52] span_L7_s63_c1_z3_long   8150s  best 3745/4096  current 3598  kicks 118  iters 18075944 (2217/s)  best: cx 41 tof 31
[2026-09-25 09:33:03] span_L7_s63_c1_z3_long   8160s  best 3745/4096  current 3603  kicks 118  iters 18097182 (2217/s)  best: cx 41 tof 31
[2026-09-25 09:33:17] span_L7_s63_c1_z3_long   8175s  best 3745/4096  current 3586  kicks 119  iters 18130732 (2217/s)  best: cx 41 tof 31
[2026-09-25 09:33:27] span_L7_s63_c1_z3_long   8185s  best 3745/4096  current 3599  kicks 119  iters 18152696 (2217/s)  best: cx 41 tof 31
[2026-09-25 09:33:42] span_L7_s63_c1_z3_long   8200s  best 3745/4096  current 3605  kicks 119  iters 18187594 (2218/s)  best: cx 41 tof 31
[2026-09-25 09:33:57] span_L7_s63_c1_z3_long   8214s  best 3745/4096  current 3605  kicks 119  iters 18223329 (2218/s)  best: cx 41 tof 31
[2026-09-25 09:34:07] span_L7_s63_c1_z3_long   8225s  best 3745/4096  current 3613  kicks 119  iters 18248918 (2218/s)  best: cx 41 tof 31
[2026-09-25 09:34:22] span_L7_s63_c1_z3_long   8240s  best 3745/4096  current 3563  kicks 120  iters 18285057 (2219/s)  best: cx 41 tof 31
[2026-09-25 09:34:32] span_L7_s63_c1_z3_long   8250s  best 3745/4096  current 3573  kicks 120  iters 18308054 (2219/s)  best: cx 41 tof 31
[2026-09-25 09:34:47] span_L7_s63_c1_z3_long   8265s  best 3745/4096  current 3585  kicks 120  iters 18344735 (2219/s)  best: cx 41 tof 31
[2026-09-25 09:34:57] span_L7_s63_c1_z3_long   8275s  best 3745/4096  current 3590  kicks 120  iters 18370023 (2220/s)  best: cx 41 tof 31
[2026-09-25 09:35:07] span_L7_s63_c1_z3_long   8285s  best 3745/4096  current 3589  kicks 120  iters 18394703 (2220/s)  best: cx 41 tof 31
[2026-09-25 09:35:23] span_L7_s63_c1_z3_long   8301s  best 3745/4096  current 3596  kicks 121  iters 18431611 (2220/s)  best: cx 41 tof 31
[2026-09-25 09:35:33] span_L7_s63_c1_z3_long   8311s  best 3745/4096  current 3623  kicks 121  iters 18452359 (2220/s)  best: cx 41 tof 31
[2026-09-25 09:35:43] span_L7_s63_c1_z3_long   8321s  best 3745/4096  current 3628  kicks 121  iters 18471625 (2219/s)  best: cx 41 tof 31
[2026-09-25 09:35:59] span_L7_s63_c1_z3_long   8336s  best 3745/4096  current 3640  kicks 121  iters 18500310 (2219/s)  best: cx 41 tof 31
[2026-09-25 09:36:14] span_L7_s63_c1_z3_long   8351s  best 3745/4096  current 3638  kicks 121  iters 18527987 (2218/s)  best: cx 41 tof 31
[2026-09-25 09:36:28] span_L7_s63_c1_z3_long   8365s  best 3745/4096  current 3609  kicks 122  iters 18557830 (2218/s)  best: cx 41 tof 31
[2026-09-25 09:36:38] span_L7_s63_c1_z3_long   8376s  best 3745/4096  current 3668  kicks 122  iters 18579767 (2218/s)  best: cx 41 tof 31
[2026-09-25 09:36:48] span_L7_s63_c1_z3_long   8386s  best 3745/4096  current 3671  kicks 122  iters 18600322 (2218/s)  best: cx 41 tof 31
[2026-09-25 09:36:58] span_L7_s63_c1_z3_long   8396s  best 3745/4096  current 3683  kicks 122  iters 18620760 (2217/s)  best: cx 41 tof 31
[2026-09-25 09:37:13] span_L7_s63_c1_z3_long   8411s  best 3745/4096  current 3684  kicks 122  iters 18651451 (2217/s)  best: cx 41 tof 31
[2026-09-25 09:37:28] span_L7_s63_c1_z3_long   8425s  best 3745/4096  current 3560  kicks 123  iters 18682296 (2217/s)  best: cx 41 tof 31
[2026-09-25 09:37:38] span_L7_s63_c1_z3_long   8436s  best 3745/4096  current 3584  kicks 123  iters 18703872 (2217/s)  best: cx 41 tof 31
[2026-09-25 09:37:48] span_L7_s63_c1_z3_long   8446s  best 3745/4096  current 3591  kicks 123  iters 18725589 (2217/s)  best: cx 41 tof 31
[2026-09-25 09:38:03] span_L7_s63_c1_z3_long   8461s  best 3745/4096  current 3607  kicks 123  iters 18759061 (2217/s)  best: cx 41 tof 31
[2026-09-25 09:38:18] span_L7_s63_c1_z3_long   8476s  best 3745/4096  current 3617  kicks 123  iters 18791502 (2217/s)  best: cx 41 tof 31
[2026-09-25 09:38:32] span_L7_s63_c1_z3_long   8490s  best 3745/4096  current 3587  kicks 124  iters 18824405 (2217/s)  best: cx 41 tof 31
[2026-09-25 09:38:43] span_L7_s63_c1_z3_long   8501s  best 3745/4096  current 3610  kicks 124  iters 18848619 (2217/s)  best: cx 41 tof 31
[2026-09-25 09:38:58] span_L7_s63_c1_z3_long   8516s  best 3745/4096  current 3629  kicks 124  iters 18885114 (2217/s)  best: cx 41 tof 31
[2026-09-25 09:39:08] span_L7_s63_c1_z3_long   8526s  best 3745/4096  current 3621  kicks 124  iters 18908896 (2217/s)  best: cx 41 tof 31
[2026-09-25 09:39:18] span_L7_s63_c1_z3_long   8536s  best 3745/4096  current 3629  kicks 124  iters 18931945 (2217/s)  best: cx 41 tof 31
[2026-09-25 09:39:33] span_L7_s63_c1_z3_long   8551s  best 3745/4096  current 3627  kicks 124  iters 18966264 (2218/s)  best: cx 41 tof 31
[2026-09-25 09:39:43] span_L7_s63_c1_z3_long   8561s  best 3745/4096  current 3575  kicks 125  iters 18988861 (2218/s)  best: cx 41 tof 31
[2026-09-25 09:39:53] span_L7_s63_c1_z3_long   8571s  best 3745/4096  current 3601  kicks 125  iters 19012021 (2218/s)  best: cx 41 tof 31
[2026-09-25 09:40:03] span_L7_s63_c1_z3_long   8581s  best 3745/4096  current 3613  kicks 125  iters 19034134 (2218/s)  best: cx 41 tof 31
[2026-09-25 09:40:13] span_L7_s63_c1_z3_long   8591s  best 3745/4096  current 3613  kicks 125  iters 19055713 (2218/s)  best: cx 41 tof 31
[2026-09-25 09:40:23] span_L7_s63_c1_z3_long   8601s  best 3745/4096  current 3612  kicks 125  iters 19077304 (2217/s)  best: cx 41 tof 31
[2026-09-25 09:40:34] span_L7_s63_c1_z3_long   8611s  best 3745/4096  current 3613  kicks 125  iters 19097672 (2217/s)  best: cx 41 tof 31
[2026-09-25 09:40:48] span_L7_s63_c1_z3_long   8626s  best 3745/4096  current 3572  kicks 126  iters 19134611 (2218/s)  best: cx 41 tof 31
[2026-09-25 09:40:58] span_L7_s63_c1_z3_long   8636s  best 3745/4096  current 3569  kicks 126  iters 19157313 (2218/s)  best: cx 41 tof 31
[2026-09-25 09:41:13] span_L7_s63_c1_z3_long   8651s  best 3745/4096  current 3564  kicks 126  iters 19190330 (2218/s)  best: cx 41 tof 31
[2026-09-25 09:41:28] span_L7_s63_c1_z3_long   8666s  best 3745/4096  current 3578  kicks 126  iters 19227426 (2218/s)  best: cx 41 tof 31
[2026-09-25 09:41:43] span_L7_s63_c1_z3_long   8680s  best 3745/4096  current 3501  kicks 127  iters 19264972 (2219/s)  best: cx 41 tof 31
[2026-09-25 09:41:57] span_L7_s63_c1_z3_long   8695s  best 3745/4096  current 3520  kicks 127  iters 19308629 (2220/s)  best: cx 41 tof 31
[2026-09-25 09:42:07] span_L7_s63_c1_z3_long   8705s  best 3745/4096  current 3528  kicks 127  iters 19337949 (2221/s)  best: cx 41 tof 31
[2026-09-25 09:42:22] span_L7_s63_c1_z3_long   8720s  best 3745/4096  current 3557  kicks 127  iters 19381738 (2222/s)  best: cx 41 tof 31
[2026-09-25 09:42:32] span_L7_s63_c1_z3_long   8730s  best 3745/4096  current 3557  kicks 127  iters 19410143 (2223/s)  best: cx 41 tof 31
[2026-09-25 09:42:48] span_L7_s63_c1_z3_long   8746s  best 3745/4096  current 3556  kicks 128  iters 19453927 (2224/s)  best: cx 41 tof 31
[2026-09-25 09:42:59] span_L7_s63_c1_z3_long   8757s  best 3745/4096  current 3592  kicks 128  iters 19476588 (2224/s)  best: cx 41 tof 31
[2026-09-25 09:43:09] span_L7_s63_c1_z3_long   8767s  best 3745/4096  current 3600  kicks 128  iters 19496771 (2223/s)  best: cx 41 tof 31
[2026-09-25 09:43:24] span_L7_s63_c1_z3_long   8782s  best 3745/4096  current 3620  kicks 128  iters 19527363 (2223/s)  best: cx 41 tof 31
[2026-09-25 09:43:39] span_L7_s63_c1_z3_long   8797s  best 3745/4096  current 3616  kicks 128  iters 19557550 (2223/s)  best: cx 41 tof 31
[2026-09-25 09:43:54] span_L7_s63_c1_z3_long   8812s  best 3745/4096  current 3580  kicks 129  iters 19588791 (2222/s)  best: cx 41 tof 31
[2026-09-25 09:44:05] span_L7_s63_c1_z3_long   8822s  best 3745/4096  current 3581  kicks 129  iters 19608446 (2222/s)  best: cx 41 tof 31
[2026-09-25 09:44:15] span_L7_s63_c1_z3_long   8833s  best 3745/4096  current 3587  kicks 129  iters 19627480 (2222/s)  best: cx 41 tof 31
[2026-09-25 09:44:30] span_L7_s63_c1_z3_long   8847s  best 3745/4096  current 3597  kicks 129  iters 19654406 (2221/s)  best: cx 41 tof 31
[2026-09-25 09:44:40] span_L7_s63_c1_z3_long   8858s  best 3745/4096  current 3617  kicks 129  iters 19674667 (2221/s)  best: cx 41 tof 31
[2026-09-25 09:44:55] span_L7_s63_c1_z3_long   8872s  best 3745/4096  current 3589  kicks 130  iters 19705205 (2220/s)  best: cx 41 tof 31
[2026-09-25 09:45:05] span_L7_s63_c1_z3_long   8883s  best 3745/4096  current 3587  kicks 130  iters 19724497 (2220/s)  best: cx 41 tof 31
[2026-09-25 09:45:20] span_L7_s63_c1_z3_long   8898s  best 3745/4096  current 3586  kicks 130  iters 19752116 (2219/s)  best: cx 41 tof 31
[2026-09-25 09:45:30] span_L7_s63_c1_z3_long   8908s  best 3745/4096  current 3602  kicks 130  iters 19770344 (2219/s)  best: cx 41 tof 31
[2026-09-25 09:45:45] span_L7_s63_c1_z3_long   8923s  best 3745/4096  current 3609  kicks 130  iters 19797395 (2218/s)  best: cx 41 tof 31
[2026-09-25 09:46:00] span_L7_s63_c1_z3_long   8937s  best 3745/4096  current 3605  kicks 131  iters 19828699 (2218/s)  best: cx 41 tof 31
[2026-09-25 09:46:10] span_L7_s63_c1_z3_long   8948s  best 3745/4096  current 3622  kicks 131  iters 19847975 (2218/s)  best: cx 41 tof 31
[2026-09-25 09:46:20] span_L7_s63_c1_z3_long   8958s  best 3745/4096  current 3618  kicks 131  iters 19866024 (2217/s)  best: cx 41 tof 31
[2026-09-25 09:46:35] span_L7_s63_c1_z3_long   8973s  best 3745/4096  current 3621  kicks 131  iters 19894001 (2217/s)  best: cx 41 tof 31
[2026-09-25 09:46:50] span_L7_s63_c1_z3_long   8987s  best 3745/4096  current 3615  kicks 131  iters 19923341 (2216/s)  best: cx 41 tof 31
[2026-09-25 09:47:04] span_L7_s63_c1_z3_long   9002s  best 3745/4096  current 3578  kicks 132  iters 19959902 (2217/s)  best: cx 41 tof 31
[2026-09-25 09:47:14] span_L7_s63_c1_z3_long   9012s  best 3745/4096  current 3586  kicks 132  iters 19984529 (2217/s)  best: cx 41 tof 31
[2026-09-25 09:47:24] span_L7_s63_c1_z3_long   9022s  best 3745/4096  current 3592  kicks 132  iters 20009071 (2217/s)  best: cx 41 tof 31
[2026-09-25 09:47:34] span_L7_s63_c1_z3_long   9032s  best 3745/4096  current 3597  kicks 132  iters 20032405 (2217/s)  best: cx 41 tof 31
[2026-09-25 09:47:49] span_L7_s63_c1_z3_long   9047s  best 3745/4096  current 3594  kicks 132  iters 20068290 (2218/s)  best: cx 41 tof 31
[2026-09-25 09:48:04] span_L7_s63_c1_z3_long   9062s  best 3745/4096  current 3551  kicks 133  iters 20104054 (2218/s)  best: cx 41 tof 31
[2026-09-25 09:48:14] span_L7_s63_c1_z3_long   9072s  best 3745/4096  current 3557  kicks 133  iters 20129430 (2218/s)  best: cx 41 tof 31
[2026-09-25 09:48:25] span_L7_s63_c1_z3_long   9082s  best 3745/4096  current 3563  kicks 133  iters 20154304 (2219/s)  best: cx 41 tof 31
[2026-09-25 09:48:39] span_L7_s63_c1_z3_long   9097s  best 3745/4096  current 3565  kicks 133  iters 20188587 (2219/s)  best: cx 41 tof 31
[2026-09-25 09:48:54] span_L7_s63_c1_z3_long   9112s  best 3745/4096  current 3570  kicks 133  iters 20224594 (2219/s)  best: cx 41 tof 31
[2026-09-25 09:49:10] span_L7_s63_c1_z3_long   9127s  best 3745/4096  current 3660  kicks 134  iters 20260071 (2219/s)  best: cx 41 tof 31
[2026-09-25 09:49:20] span_L7_s63_c1_z3_long   9138s  best 3745/4096  current 3704  kicks 134  iters 20282363 (2219/s)  best: cx 41 tof 31
[2026-09-25 09:49:30] span_L7_s63_c1_z3_long   9148s  best 3745/4096  current 3708  kicks 134  iters 20303989 (2219/s)  best: cx 41 tof 31
[2026-09-25 09:49:40] span_L7_s63_c1_z3_long   9158s  best 3745/4096  current 3707  kicks 134  iters 20323402 (2219/s)  best: cx 41 tof 31
[2026-09-25 09:49:55] span_L7_s63_c1_z3_long   9173s  best 3745/4096  current 3716  kicks 134  iters 20352600 (2218/s)  best: cx 41 tof 31
[2026-09-25 09:50:09] span_L7_s63_c1_z3_long   9187s  best 3745/4096  current 3560  kicks 135  iters 20386153 (2219/s)  best: cx 41 tof 31
[2026-09-25 09:50:20] span_L7_s63_c1_z3_long   9197s  best 3745/4096  current 3600  kicks 135  iters 20409511 (2219/s)  best: cx 41 tof 31
[2026-09-25 09:50:30] span_L7_s63_c1_z3_long   9208s  best 3745/4096  current 3604  kicks 135  iters 20432001 (2219/s)  best: cx 41 tof 31
[2026-09-25 09:50:40] span_L7_s63_c1_z3_long   9218s  best 3745/4096  current 3608  kicks 135  iters 20453852 (2218/s)  best: cx 41 tof 31
[2026-09-25 09:50:50] span_L7_s63_c1_z3_long   9228s  best 3745/4096  current 3610  kicks 135  iters 20475312 (2218/s)  best: cx 41 tof 31
[2026-09-25 09:51:05] span_L7_s63_c1_z3_long   9242s  best 3745/4096  current 3616  kicks 135  iters 20508970 (2219/s)  best: cx 41 tof 31
[2026-09-25 09:51:15] span_L7_s63_c1_z3_long   9252s  best 3745/4096  current 3595  kicks 136  iters 20532020 (2219/s)  best: cx 41 tof 31
[2026-09-25 09:51:25] span_L7_s63_c1_z3_long   9263s  best 3745/4096  current 3604  kicks 136  iters 20554376 (2219/s)  best: cx 41 tof 31
[2026-09-25 09:51:40] span_L7_s63_c1_z3_long   9277s  best 3745/4096  current 3605  kicks 136  iters 20587293 (2219/s)  best: cx 41 tof 31
[2026-09-25 09:51:55] span_L7_s63_c1_z3_long   9292s  best 3745/4096  current 3617  kicks 136  iters 20623355 (2219/s)  best: cx 41 tof 31
[2026-09-25 09:52:05] span_L7_s63_c1_z3_long   9303s  best 3745/4096  current 3620  kicks 136  iters 20646067 (2219/s)  best: cx 41 tof 31
[2026-09-25 09:52:15] span_L7_s63_c1_z3_long   9313s  best 3745/4096  current 3602  kicks 137  iters 20667870 (2219/s)  best: cx 41 tof 31
[2026-09-25 09:52:26] span_L7_s63_c1_z3_long   9323s  best 3745/4096  current 3600  kicks 137  iters 20689070 (2219/s)  best: cx 41 tof 31
[2026-09-25 09:52:40] span_L7_s63_c1_z3_long   9338s  best 3745/4096  current 3603  kicks 137  iters 20718156 (2218/s)  best: cx 41 tof 31
[2026-09-25 09:52:50] span_L7_s63_c1_z3_long   9348s  best 3745/4096  current 3603  kicks 137  iters 20739458 (2218/s)  best: cx 41 tof 31
[2026-09-25 09:53:01] span_L7_s63_c1_z3_long   9358s  best 3745/4096  current 3610  kicks 137  iters 20760091 (2218/s)  best: cx 41 tof 31
[2026-09-25 09:53:15] span_L7_s63_c1_z3_long   9373s  best 3745/4096  current 3524  kicks 138  iters 20790594 (2218/s)  best: cx 41 tof 31
[2026-09-25 09:53:26] span_L7_s63_c1_z3_long   9383s  best 3745/4096  current 3544  kicks 138  iters 20810794 (2217/s)  best: cx 41 tof 31
[2026-09-25 09:53:36] span_L7_s63_c1_z3_long   9393s  best 3745/4096  current 3550  kicks 138  iters 20830401 (2217/s)  best: cx 41 tof 31
[2026-09-25 09:53:50] span_L7_s63_c1_z3_long   9408s  best 3745/4096  current 3572  kicks 138  iters 20860404 (2217/s)  best: cx 41 tof 31
[2026-09-25 09:54:01] span_L7_s63_c1_z3_long   9418s  best 3745/4096  current 3570  kicks 138  iters 20880423 (2216/s)  best: cx 41 tof 31
[2026-09-25 09:54:15] span_L7_s63_c1_z3_long   9433s  best 3745/4096  current 3582  kicks 139  iters 20911777 (2216/s)  best: cx 41 tof 31
[2026-09-25 09:54:25] span_L7_s63_c1_z3_long   9443s  best 3745/4096  current 3592  kicks 139  iters 20933705 (2216/s)  best: cx 41 tof 31
[2026-09-25 09:54:40] span_L7_s63_c1_z3_long   9458s  best 3745/4096  current 3619  kicks 139  iters 20964959 (2216/s)  best: cx 41 tof 31
[2026-09-25 09:54:55] span_L7_s63_c1_z3_long   9473s  best 3745/4096  current 3621  kicks 139  iters 20997769 (2216/s)  best: cx 41 tof 31
[2026-09-25 09:55:06] span_L7_s63_c1_z3_long   9483s  best 3745/4096  current 3618  kicks 139  iters 21019302 (2216/s)  best: cx 41 tof 31
[2026-09-25 09:55:21] span_L7_s63_c1_z3_long   9498s  best 3745/4096  current 3598  kicks 140  iters 21050298 (2216/s)  best: cx 41 tof 31
[2026-09-25 09:55:31] span_L7_s63_c1_z3_long   9508s  best 3745/4096  current 3661  kicks 140  iters 21071094 (2216/s)  best: cx 41 tof 31
[2026-09-25 09:55:41] span_L7_s63_c1_z3_long   9519s  best 3745/4096  current 3664  kicks 140  iters 21091328 (2215/s)  best: cx 41 tof 31
[2026-09-25 09:55:55] span_L7_s63_c1_z3_long   9533s  best 3745/4096  current 3667  kicks 140  iters 21121769 (2215/s)  best: cx 41 tof 31
[2026-09-25 09:56:11] span_L7_s63_c1_z3_long   9548s  best 3745/4096  current 3666  kicks 140  iters 21153877 (2215/s)  best: cx 41 tof 31
[2026-09-25 09:56:25] span_L7_s63_c1_z3_long   9563s  best 3745/4096  current 3571  kicks 141  iters 21187420 (2215/s)  best: cx 41 tof 31
[2026-09-25 09:56:35] span_L7_s63_c1_z3_long   9573s  best 3745/4096  current 3575  kicks 141  iters 21209851 (2215/s)  best: cx 41 tof 31
[2026-09-25 09:56:50] span_L7_s63_c1_z3_long   9588s  best 3745/4096  current 3598  kicks 141  iters 21243239 (2215/s)  best: cx 41 tof 31
[2026-09-25 09:57:05] span_L7_s63_c1_z3_long   9603s  best 3745/4096  current 3596  kicks 141  iters 21278427 (2215/s)  best: cx 41 tof 31
[2026-09-25 09:57:20] span_L7_s63_c1_z3_long   9618s  best 3745/4096  current 3513  kicks 142  iters 21315227 (2216/s)  best: cx 41 tof 31
[2026-09-25 09:57:35] span_L7_s63_c1_z3_long   9633s  best 3745/4096  current 3548  kicks 142  iters 21352206 (2216/s)  best: cx 41 tof 31
[2026-09-25 09:57:50] span_L7_s63_c1_z3_long   9648s  best 3745/4096  current 3548  kicks 142  iters 21390104 (2217/s)  best: cx 41 tof 31
[2026-09-25 09:58:05] span_L7_s63_c1_z3_long   9662s  best 3745/4096  current 3553  kicks 142  iters 21427832 (2217/s)  best: cx 41 tof 31
[2026-09-25 09:58:15] span_L7_s63_c1_z3_long   9673s  best 3745/4096  current 3556  kicks 142  iters 21453508 (2217/s)  best: cx 41 tof 31
[2026-09-25 09:58:30] span_L7_s63_c1_z3_long   9687s  best 3745/4096  current 3552  kicks 143  iters 21491703 (2218/s)  best: cx 41 tof 31
[2026-09-25 09:58:40] span_L7_s63_c1_z3_long   9697s  best 3745/4096  current 3568  kicks 143  iters 21518037 (2218/s)  best: cx 41 tof 31
[2026-09-25 09:58:50] span_L7_s63_c1_z3_long   9708s  best 3745/4096  current 3582  kicks 143  iters 21545162 (2219/s)  best: cx 41 tof 31
[2026-09-25 09:59:00] span_L7_s63_c1_z3_long   9718s  best 3745/4096  current 3586  kicks 143  iters 21570462 (2219/s)  best: cx 41 tof 31
[2026-09-25 09:59:15] span_L7_s63_c1_z3_long   9733s  best 3745/4096  current 3605  kicks 143  iters 21606987 (2219/s)  best: cx 41 tof 31
[2026-09-25 09:59:26] span_L7_s63_c1_z3_long   9743s  best 3745/4096  current 3553  kicks 144  iters 21632414 (2220/s)  best: cx 41 tof 31
[2026-09-25 09:59:41] span_L7_s63_c1_z3_long   9759s  best 3745/4096  current 3578  kicks 144  iters 21666410 (2220/s)  best: cx 41 tof 31
[2026-09-25 09:59:51] span_L7_s63_c1_z3_long   9769s  best 3745/4096  current 3601  kicks 144  iters 21688387 (2220/s)  best: cx 41 tof 31
[2026-09-25 10:00:06] span_L7_s63_c1_z3_long   9784s  best 3745/4096  current 3604  kicks 144  iters 21720609 (2219/s)  best: cx 41 tof 31
[2026-09-25 10:00:21] span_L7_s63_c1_z3_long   9798s  best 3745/4096  current 3514  kicks 145  iters 21751444 (2219/s)  best: cx 41 tof 31
[2026-09-25 10:00:36] span_L7_s63_c1_z3_long   9814s  best 3745/4096  current 3527  kicks 145  iters 21786162 (2219/s)  best: cx 41 tof 31
[2026-09-25 10:00:51] span_L7_s63_c1_z3_long   9829s  best 3745/4096  current 3541  kicks 145  iters 21820462 (2220/s)  best: cx 41 tof 31
[2026-09-25 10:01:06] span_L7_s63_c1_z3_long   9844s  best 3745/4096  current 3538  kicks 145  iters 21853721 (2220/s)  best: cx 41 tof 31
[2026-09-25 10:01:16] span_L7_s63_c1_z3_long   9854s  best 3745/4096  current 3556  kicks 145  iters 21874973 (2219/s)  best: cx 41 tof 31
[2026-09-25 10:01:30] span_L7_s63_c1_z3_long   9868s  best 3745/4096  current 3536  kicks 146  iters 21910993 (2220/s)  best: cx 41 tof 31
[2026-09-25 10:01:41] span_L7_s63_c1_z3_long   9878s  best 3745/4096  current 3572  kicks 146  iters 21937745 (2220/s)  best: cx 41 tof 31
[2026-09-25 10:01:56] span_L7_s63_c1_z3_long   9893s  best 3745/4096  current 3573  kicks 146  iters 21974363 (2221/s)  best: cx 41 tof 31
[2026-09-25 10:02:11] span_L7_s63_c1_z3_long   9909s  best 3745/4096  current 3579  kicks 146  iters 22011406 (2221/s)  best: cx 41 tof 31
[2026-09-25 10:02:21] span_L7_s63_c1_z3_long   9919s  best 3745/4096  current 3574  kicks 146  iters 22034127 (2221/s)  best: cx 41 tof 31
[2026-09-25 10:02:36] span_L7_s63_c1_z3_long   9934s  best 3745/4096  current 3554  kicks 147  iters 22072279 (2221/s)  best: cx 41 tof 31
[2026-09-25 10:02:46] span_L7_s63_c1_z3_long   9944s  best 3745/4096  current 3568  kicks 147  iters 22095275 (2221/s)  best: cx 41 tof 31
[2026-09-25 10:03:02] span_L7_s63_c1_z3_long   9959s  best 3745/4096  current 3588  kicks 147  iters 22129110 (2221/s)  best: cx 41 tof 31
[2026-09-25 10:03:16] span_L7_s63_c1_z3_long   9974s  best 3745/4096  current 3607  kicks 147  iters 22161146 (2221/s)  best: cx 41 tof 31
[2026-09-25 10:03:26] span_L7_s63_c1_z3_long   9984s  best 3745/4096  current 3602  kicks 148  iters 22182941 (2221/s)  best: cx 41 tof 31
[2026-09-25 10:03:41] span_L7_s63_c1_z3_long   9999s  best 3745/4096  current 3624  kicks 148  iters 22215034 (2221/s)  best: cx 41 tof 31
[2026-09-25 10:03:52] span_L7_s63_c1_z3_long  10009s  best 3745/4096  current 3623  kicks 148  iters 22236083 (2221/s)  best: cx 41 tof 31
[2026-09-25 10:04:07] span_L7_s63_c1_z3_long  10024s  best 3745/4096  current 3642  kicks 148  iters 22267402 (2221/s)  best: cx 41 tof 31
[2026-09-25 10:04:17] span_L7_s63_c1_z3_long  10034s  best 3745/4096  current 3650  kicks 148  iters 22288250 (2221/s)  best: cx 41 tof 31
[2026-09-25 10:04:31] span_L7_s63_c1_z3_long  10049s  best 3745/4096  current 3581  kicks 149  iters 22321359 (2221/s)  best: cx 41 tof 31
[2026-09-25 10:04:41] span_L7_s63_c1_z3_long  10059s  best 3745/4096  current 3586  kicks 149  iters 22343517 (2221/s)  best: cx 41 tof 31
[2026-09-25 10:04:51] span_L7_s63_c1_z3_long  10069s  best 3745/4096  current 3595  kicks 149  iters 22365293 (2221/s)  best: cx 41 tof 31
[2026-09-25 10:05:06] span_L7_s63_c1_z3_long  10084s  best 3745/4096  current 3595  kicks 149  iters 22398153 (2221/s)  best: cx 41 tof 31
[2026-09-25 10:05:17] span_L7_s63_c1_z3_long  10094s  best 3745/4096  current 3595  kicks 149  iters 22419981 (2221/s)  best: cx 41 tof 31
[2026-09-25 10:05:27] span_L7_s63_c1_z3_long  10105s  best 3745/4096  current 3595  kicks 149  iters 22441706 (2220/s)  best: cx 41 tof 31
[2026-09-25 10:05:42] span_L7_s63_c1_z3_long  10119s  best 3745/4096  current 3593  kicks 150  iters 22476036 (2221/s)  best: cx 41 tof 31
[2026-09-25 10:05:52] span_L7_s63_c1_z3_long  10130s  best 3745/4096  current 3598  kicks 150  iters 22497269 (2220/s)  best: cx 41 tof 31
[2026-09-25 10:06:02] span_L7_s63_c1_z3_long  10140s  best 3745/4096  current 3601  kicks 150  iters 22517963 (2220/s)  best: cx 41 tof 31
[2026-09-25 10:06:12] span_L7_s63_c1_z3_long  10150s  best 3745/4096  current 3602  kicks 150  iters 22537866 (2220/s)  best: cx 41 tof 31
[2026-09-25 10:06:27] span_L7_s63_c1_z3_long  10165s  best 3745/4096  current 3608  kicks 150  iters 22569968 (2220/s)  best: cx 41 tof 31
[2026-09-25 10:06:42] span_L7_s63_c1_z3_long  10180s  best 3745/4096  current 3560  kicks 151  iters 22603373 (2220/s)  best: cx 41 tof 31
[2026-09-25 10:06:56] span_L7_s63_c1_z3_long  10194s  best 3745/4096  current 3570  kicks 151  iters 22638168 (2220/s)  best: cx 41 tof 31
[2026-09-25 10:07:06] span_L7_s63_c1_z3_long  10204s  best 3745/4096  current 3582  kicks 151  iters 22661953 (2220/s)  best: cx 41 tof 31
[2026-09-25 10:07:21] span_L7_s63_c1_z3_long  10219s  best 3745/4096  current 3582  kicks 151  iters 22697783 (2221/s)  best: cx 41 tof 31
[2026-09-25 10:07:31] span_L7_s63_c1_z3_long  10229s  best 3745/4096  current 3582  kicks 151  iters 22722382 (2221/s)  best: cx 41 tof 31
[2026-09-25 10:07:42] span_L7_s63_c1_z3_long  10239s  best 3745/4096  current 3643  kicks 152  iters 22746312 (2221/s)  best: cx 41 tof 31
[2026-09-25 10:07:52] span_L7_s63_c1_z3_long  10250s  best 3745/4096  current 3676  kicks 152  iters 22768238 (2221/s)  best: cx 41 tof 31
[2026-09-25 10:08:07] span_L7_s63_c1_z3_long  10265s  best 3745/4096  current 3676  kicks 152  iters 22799074 (2221/s)  best: cx 41 tof 31
[2026-09-25 10:08:22] span_L7_s63_c1_z3_long  10280s  best 3745/4096  current 3676  kicks 152  iters 22830922 (2220/s)  best: cx 41 tof 31
[2026-09-25 10:08:37] span_L7_s63_c1_z3_long  10294s  best 3745/4096  current 3550  kicks 153  iters 22863114 (2220/s)  best: cx 41 tof 31
[2026-09-25 10:08:47] span_L7_s63_c1_z3_long  10305s  best 3745/4096  current 3557  kicks 153  iters 22885275 (2220/s)  best: cx 41 tof 31
[2026-09-25 10:09:02] span_L7_s63_c1_z3_long  10320s  best 3745/4096  current 3564  kicks 153  iters 22917494 (2220/s)  best: cx 41 tof 31
[2026-09-25 10:09:12] span_L7_s63_c1_z3_long  10330s  best 3745/4096  current 3566  kicks 153  iters 22937565 (2220/s)  best: cx 41 tof 31
[2026-09-25 10:09:27] span_L7_s63_c1_z3_long  10345s  best 3745/4096  current 3567  kicks 153  iters 22970096 (2220/s)  best: cx 41 tof 31
[2026-09-25 10:09:42] span_L7_s63_c1_z3_long  10360s  best 3745/4096  current 3592  kicks 154  iters 23003174 (2220/s)  best: cx 41 tof 31
[2026-09-25 10:09:57] span_L7_s63_c1_z3_long  10374s  best 3745/4096  current 3605  kicks 154  iters 23037865 (2220/s)  best: cx 41 tof 31
[2026-09-25 10:10:07] span_L7_s63_c1_z3_long  10385s  best 3745/4096  current 3607  kicks 154  iters 23061496 (2220/s)  best: cx 41 tof 31
[2026-09-25 10:10:22] span_L7_s63_c1_z3_long  10399s  best 3745/4096  current 3602  kicks 154  iters 23095501 (2220/s)  best: cx 41 tof 31
[2026-09-25 10:10:32] span_L7_s63_c1_z3_long  10410s  best 3745/4096  current 3611  kicks 154  iters 23119312 (2220/s)  best: cx 41 tof 31
[2026-09-25 10:10:46] span_L7_s63_c1_z3_long  10424s  best 3745/4096  current 3521  kicks 155  iters 23155888 (2221/s)  best: cx 41 tof 31
[2026-09-25 10:11:01] span_L7_s63_c1_z3_long  10439s  best 3745/4096  current 3553  kicks 155  iters 23195598 (2221/s)  best: cx 41 tof 31
[2026-09-25 10:11:12] span_L7_s63_c1_z3_long  10449s  best 3745/4096  current 3557  kicks 155  iters 23221314 (2222/s)  best: cx 41 tof 31
[2026-09-25 10:11:26] span_L7_s63_c1_z3_long  10464s  best 3745/4096  current 3567  kicks 155  iters 23259898 (2222/s)  best: cx 41 tof 31
[2026-09-25 10:11:36] span_L7_s63_c1_z3_long  10474s  best 3745/4096  current 3607  kicks 155  iters 23286584 (2223/s)  best: cx 41 tof 31
[2026-09-25 10:11:47] span_L7_s63_c1_z3_long  10485s  best 3745/4096  current 3604  kicks 156  iters 23312771 (2223/s)  best: cx 41 tof 31
[2026-09-25 10:11:58] span_L7_s63_c1_z3_long  10495s  best 3745/4096  current 3630  kicks 156  iters 23333841 (2223/s)  best: cx 41 tof 31
[2026-09-25 10:12:13] span_L7_s63_c1_z3_long  10510s  best 3745/4096  current 3633  kicks 156  iters 23365330 (2223/s)  best: cx 41 tof 31
[2026-09-25 10:12:23] span_L7_s63_c1_z3_long  10521s  best 3745/4096  current 3639  kicks 156  iters 23386071 (2222/s)  best: cx 41 tof 31
[2026-09-25 10:12:33] span_L7_s63_c1_z3_long  10531s  best 3745/4096  current 3637  kicks 156  iters 23405377 (2222/s)  best: cx 41 tof 31
[2026-09-25 10:12:47] span_L7_s63_c1_z3_long  10544s  best 3745/4096  current 3502  kicks 157  iters 23435166 (2222/s)  best: cx 41 tof 31
[2026-09-25 10:12:58] span_L7_s63_c1_z3_long  10555s  best 3745/4096  current 3584  kicks 157  iters 23461248 (2222/s)  best: cx 41 tof 31
[2026-09-25 10:13:08] span_L7_s63_c1_z3_long  10566s  best 3745/4096  current 3587  kicks 157  iters 23482625 (2222/s)  best: cx 41 tof 31
[2026-09-25 10:13:23] span_L7_s63_c1_z3_long  10581s  best 3745/4096  current 3583  kicks 157  iters 23514871 (2222/s)  best: cx 41 tof 31
[2026-09-25 10:13:38] span_L7_s63_c1_z3_long  10596s  best 3745/4096  current 3582  kicks 157  iters 23547295 (2222/s)  best: cx 41 tof 31
[2026-09-25 10:13:53] span_L7_s63_c1_z3_long  10611s  best 3745/4096  current 3565  kicks 158  iters 23580393 (2222/s)  best: cx 41 tof 31
[2026-09-25 10:14:07] span_L7_s63_c1_z3_long  10625s  best 3745/4096  current 3580  kicks 158  iters 23612858 (2222/s)  best: cx 41 tof 31
[2026-09-25 10:14:22] span_L7_s63_c1_z3_long  10640s  best 3745/4096  current 3579  kicks 158  iters 23647922 (2222/s)  best: cx 41 tof 31
[2026-09-25 10:14:38] span_L7_s63_c1_z3_long  10655s  best 3745/4096  current 3597  kicks 158  iters 23683042 (2222/s)  best: cx 41 tof 31
[2026-09-25 10:14:53] span_L7_s63_c1_z3_long  10671s  best 3745/4096  current 3574  kicks 159  iters 23717989 (2222/s)  best: cx 41 tof 31
[2026-09-25 10:15:03] span_L7_s63_c1_z3_long  10681s  best 3745/4096  current 3590  kicks 159  iters 23739863 (2222/s)  best: cx 41 tof 31
[2026-09-25 10:15:13] span_L7_s63_c1_z3_long  10691s  best 3745/4096  current 3597  kicks 159  iters 23760278 (2222/s)  best: cx 41 tof 31
[2026-09-25 10:15:23] span_L7_s63_c1_z3_long  10701s  best 3745/4096  current 3602  kicks 159  iters 23780642 (2222/s)  best: cx 41 tof 31
[2026-09-25 10:15:34] span_L7_s63_c1_z3_long  10711s  best 3745/4096  current 3596  kicks 159  iters 23799471 (2221/s)  best: cx 41 tof 31
[2026-09-25 10:15:48] span_L7_s63_c1_z3_long  10725s  best 3745/4096  current 3589  kicks 159  iters 23830882 (2221/s)  best: cx 41 tof 31
[2026-09-25 10:15:58] span_L7_s63_c1_z3_long  10736s  best 3745/4096  current 3576  kicks 160  iters 23854204 (2221/s)  best: cx 41 tof 31
[2026-09-25 10:16:08] span_L7_s63_c1_z3_long  10746s  best 3745/4096  current 3572  kicks 160  iters 23874025 (2221/s)  best: cx 41 tof 31
[2026-09-25 10:16:23] span_L7_s63_c1_z3_long  10761s  best 3745/4096  current 3582  kicks 160  iters 23906853 (2221/s)  best: cx 41 tof 31
[2026-09-25 10:16:33] span_L7_s63_c1_z3_long  10771s  best 3745/4096  current 3581  kicks 160  iters 23929670 (2221/s)  best: cx 41 tof 31
[2026-09-25 10:16:49] span_L7_s63_c1_z3_long  10786s  best 3745/4096  current 3582  kicks 160  iters 23960716 (2221/s)  best: cx 41 tof 31
[2026-09-25 10:16:59] span_L7_s63_c1_z3_long  10797s  best 3745/4096  current 3556  kicks 161  iters 23980328 (2221/s)  best: cx 41 tof 31
[2026-09-25 10:17:04] span_L7_s63_c1_z3_long  10802s  best 3745/4096  current 3554  kicks 161  iters 23989567 (2220/s)  best: cx 41 tof 31
[span_L7_s63_c1_z3_long] final best 3745 / 4096
