[span_L6_s62_c1_z3_long] start fitness 3232 / 4096  (CZ layer 3, LCX 1, TEMP 1.00, MAXMUT 3, KICK 8 gates after 60s stuck)
[2026-09-25 07:17:14] span_L6_s62_c1_z3_long     12s  best 3607/4096  current 3603  kicks 0  iters 26535 (2168/s)  best: cx 34 tof 27
[2026-09-25 07:17:29] span_L6_s62_c1_z3_long     27s  best 3617/4096  current 3617  kicks 0  iters 58905 (2162/s)  best: cx 34 tof 25
[2026-09-25 07:17:40] span_L6_s62_c1_z3_long     37s  best 3618/4096  current 3612  kicks 0  iters 80835 (2157/s)  best: cx 38 tof 25
[2026-09-25 07:17:54] span_L6_s62_c1_z3_long     52s  best 3618/4096  current 3599  kicks 0  iters 112001 (2154/s)  best: cx 38 tof 25
[2026-09-25 07:18:09] span_L6_s62_c1_z3_long     67s  best 3618/4096  current 3607  kicks 0  iters 146361 (2183/s)  best: cx 38 tof 25
[2026-09-25 07:18:24] span_L6_s62_c1_z3_long     82s  best 3618/4096  current 3614  kicks 0  iters 180319 (2203/s)  best: cx 38 tof 25
[2026-09-25 07:18:39] span_L6_s62_c1_z3_long     97s  best 3618/4096  current 3615  kicks 0  iters 215560 (2222/s)  best: cx 38 tof 25
[2026-09-25 07:18:53] span_L6_s62_c1_z3_long    111s  best 3618/4096  current 3536  kicks 1  iters 253882 (2290/s)  best: cx 38 tof 25
[2026-09-25 07:19:08] span_L6_s62_c1_z3_long    126s  best 3618/4096  current 3552  kicks 1  iters 298075 (2368/s)  best: cx 38 tof 25
[2026-09-25 07:19:23] span_L6_s62_c1_z3_long    140s  best 3618/4096  current 3568  kicks 1  iters 344221 (2451/s)  best: cx 38 tof 25
[2026-09-25 07:19:33] span_L6_s62_c1_z3_long    150s  best 3618/4096  current 3574  kicks 1  iters 376139 (2500/s)  best: cx 38 tof 25
[2026-09-25 07:19:43] span_L6_s62_c1_z3_long    161s  best 3618/4096  current 3572  kicks 1  iters 407472 (2537/s)  best: cx 38 tof 25
[2026-09-25 07:19:55] span_L6_s62_c1_z3_long    173s  best 3618/4096  current 3555  kicks 2  iters 435223 (2514/s)  best: cx 38 tof 25
[2026-09-25 07:20:10] span_L6_s62_c1_z3_long    188s  best 3618/4096  current 3587  kicks 2  iters 464679 (2476/s)  best: cx 38 tof 25
[2026-09-25 07:20:25] span_L6_s62_c1_z3_long    203s  best 3618/4096  current 3591  kicks 2  iters 499228 (2464/s)  best: cx 38 tof 25
[2026-09-25 07:20:35] span_L6_s62_c1_z3_long    213s  best 3618/4096  current 3594  kicks 2  iters 521552 (2453/s)  best: cx 38 tof 25
[2026-09-25 07:20:50] span_L6_s62_c1_z3_long    228s  best 3618/4096  current 3586  kicks 3  iters 554458 (2435/s)  best: cx 38 tof 25
[2026-09-25 07:21:05] span_L6_s62_c1_z3_long    242s  best 3620/4096  current 3616  kicks 3  iters 587747 (2424/s)  best: cx 37 tof 25
[2026-09-25 07:21:19] span_L6_s62_c1_z3_long    257s  best 3625/4096  current 3625  kicks 3  iters 622311 (2419/s)  best: cx 31 tof 27
[2026-09-25 07:21:30] span_L6_s62_c1_z3_long    267s  best 3625/4096  current 3621  kicks 3  iters 645801 (2415/s)  best: cx 31 tof 27
[2026-09-25 07:21:44] span_L6_s62_c1_z3_long    282s  best 3633/4096  current 3633  kicks 3  iters 681208 (2414/s)  best: cx 34 tof 26
[2026-09-25 07:21:55] span_L6_s62_c1_z3_long    293s  best 3637/4096  current 3637  kicks 3  iters 705275 (2410/s)  best: cx 35 tof 26
[2026-09-25 07:22:05] span_L6_s62_c1_z3_long    303s  best 3638/4096  current 3637  kicks 3  iters 727161 (2401/s)  best: cx 35 tof 24
[2026-09-25 07:22:20] span_L6_s62_c1_z3_long    317s  best 3638/4096  current 3637  kicks 3  iters 760352 (2394/s)  best: cx 35 tof 24
[2026-09-25 07:22:30] span_L6_s62_c1_z3_long    328s  best 3639/4096  current 3635  kicks 3  iters 783013 (2389/s)  best: cx 39 tof 25
[2026-09-25 07:22:44] span_L6_s62_c1_z3_long    342s  best 3639/4096  current 3637  kicks 3  iters 817022 (2386/s)  best: cx 39 tof 25
[2026-09-25 07:22:55] span_L6_s62_c1_z3_long    352s  best 3639/4096  current 3633  kicks 3  iters 840695 (2385/s)  best: cx 39 tof 25
[2026-09-25 07:23:10] span_L6_s62_c1_z3_long    368s  best 3639/4096  current 3633  kicks 3  iters 875806 (2383/s)  best: cx 39 tof 25
[2026-09-25 07:23:20] span_L6_s62_c1_z3_long    378s  best 3639/4096  current 3629  kicks 3  iters 899007 (2380/s)  best: cx 39 tof 25
[2026-09-25 07:23:30] span_L6_s62_c1_z3_long    388s  best 3639/4096  current 3629  kicks 3  iters 921721 (2377/s)  best: cx 39 tof 25
[2026-09-25 07:23:40] span_L6_s62_c1_z3_long    398s  best 3639/4096  current 3594  kicks 4  iters 944090 (2372/s)  best: cx 39 tof 25
[2026-09-25 07:23:55] span_L6_s62_c1_z3_long    413s  best 3639/4096  current 3611  kicks 4  iters 976641 (2363/s)  best: cx 39 tof 25
[2026-09-25 07:24:10] span_L6_s62_c1_z3_long    428s  best 3639/4096  current 3622  kicks 4  iters 1008198 (2357/s)  best: cx 39 tof 25
[2026-09-25 07:24:25] span_L6_s62_c1_z3_long    443s  best 3639/4096  current 3629  kicks 4  iters 1042431 (2355/s)  best: cx 39 tof 25
[2026-09-25 07:24:39] span_L6_s62_c1_z3_long    457s  best 3639/4096  current 3538  kicks 5  iters 1077537 (2358/s)  best: cx 39 tof 25
[2026-09-25 07:24:49] span_L6_s62_c1_z3_long    467s  best 3639/4096  current 3554  kicks 5  iters 1102606 (2359/s)  best: cx 39 tof 25
[2026-09-25 07:25:01] span_L6_s62_c1_z3_long    478s  best 3639/4096  current 3580  kicks 5  iters 1125757 (2353/s)  best: cx 39 tof 25
[2026-09-25 07:25:16] span_L6_s62_c1_z3_long    493s  best 3639/4096  current 3599  kicks 5  iters 1157515 (2346/s)  best: cx 39 tof 25
[2026-09-25 07:25:31] span_L6_s62_c1_z3_long    508s  best 3639/4096  current 3632  kicks 5  iters 1187933 (2337/s)  best: cx 39 tof 25
[2026-09-25 07:25:45] span_L6_s62_c1_z3_long    523s  best 3639/4096  current 3580  kicks 6  iters 1219374 (2331/s)  best: cx 39 tof 25
[2026-09-25 07:25:55] span_L6_s62_c1_z3_long    533s  best 3639/4096  current 3590  kicks 6  iters 1241630 (2329/s)  best: cx 39 tof 25
[2026-09-25 07:26:05] span_L6_s62_c1_z3_long    543s  best 3639/4096  current 3600  kicks 6  iters 1263318 (2325/s)  best: cx 39 tof 25
[2026-09-25 07:26:21] span_L6_s62_c1_z3_long    559s  best 3639/4096  current 3600  kicks 6  iters 1294815 (2317/s)  best: cx 39 tof 25
[2026-09-25 07:26:35] span_L6_s62_c1_z3_long    573s  best 3639/4096  current 3592  kicks 6  iters 1325655 (2313/s)  best: cx 39 tof 25
[2026-09-25 07:26:50] span_L6_s62_c1_z3_long    588s  best 3639/4096  current 3550  kicks 7  iters 1358593 (2311/s)  best: cx 39 tof 25
[2026-09-25 07:27:05] span_L6_s62_c1_z3_long    603s  best 3639/4096  current 3586  kicks 7  iters 1395808 (2316/s)  best: cx 39 tof 25
[2026-09-25 07:27:20] span_L6_s62_c1_z3_long    617s  best 3639/4096  current 3588  kicks 7  iters 1435325 (2324/s)  best: cx 39 tof 25
[2026-09-25 07:27:30] span_L6_s62_c1_z3_long    628s  best 3639/4096  current 3601  kicks 7  iters 1462478 (2330/s)  best: cx 39 tof 25
[2026-09-25 07:27:45] span_L6_s62_c1_z3_long    642s  best 3639/4096  current 3611  kicks 7  iters 1502127 (2337/s)  best: cx 39 tof 25
[2026-09-25 07:27:56] span_L6_s62_c1_z3_long    654s  best 3639/4096  current 3570  kicks 8  iters 1526291 (2334/s)  best: cx 39 tof 25
[2026-09-25 07:28:06] span_L6_s62_c1_z3_long    664s  best 3639/4096  current 3582  kicks 8  iters 1547648 (2330/s)  best: cx 39 tof 25
[2026-09-25 07:28:21] span_L6_s62_c1_z3_long    679s  best 3639/4096  current 3586  kicks 8  iters 1579320 (2325/s)  best: cx 39 tof 25
[2026-09-25 07:28:36] span_L6_s62_c1_z3_long    694s  best 3639/4096  current 3586  kicks 8  iters 1610280 (2321/s)  best: cx 39 tof 25
[2026-09-25 07:28:46] span_L6_s62_c1_z3_long    704s  best 3639/4096  current 3586  kicks 8  iters 1631578 (2318/s)  best: cx 39 tof 25
[2026-09-25 07:28:56] span_L6_s62_c1_z3_long    714s  best 3639/4096  current 3571  kicks 9  iters 1654213 (2317/s)  best: cx 39 tof 25
[2026-09-25 07:29:06] span_L6_s62_c1_z3_long    724s  best 3639/4096  current 3577  kicks 9  iters 1674244 (2312/s)  best: cx 39 tof 25
[2026-09-25 07:29:21] span_L6_s62_c1_z3_long    739s  best 3639/4096  current 3586  kicks 9  iters 1708091 (2312/s)  best: cx 39 tof 25
[2026-09-25 07:29:36] span_L6_s62_c1_z3_long    754s  best 3639/4096  current 3579  kicks 9  iters 1741314 (2310/s)  best: cx 39 tof 25
[2026-09-25 07:29:51] span_L6_s62_c1_z3_long    768s  best 3639/4096  current 3585  kicks 9  iters 1775678 (2310/s)  best: cx 39 tof 25
[2026-09-25 07:30:01] span_L6_s62_c1_z3_long    779s  best 3639/4096  current 3549  kicks 10  iters 1799346 (2310/s)  best: cx 39 tof 25
[2026-09-25 07:30:16] span_L6_s62_c1_z3_long    793s  best 3639/4096  current 3568  kicks 10  iters 1832514 (2309/s)  best: cx 39 tof 25
[2026-09-25 07:30:26] span_L6_s62_c1_z3_long    804s  best 3639/4096  current 3571  kicks 10  iters 1855369 (2307/s)  best: cx 39 tof 25
[2026-09-25 07:30:36] span_L6_s62_c1_z3_long    814s  best 3639/4096  current 3578  kicks 10  iters 1876322 (2304/s)  best: cx 39 tof 25
[2026-09-25 07:30:51] span_L6_s62_c1_z3_long    829s  best 3639/4096  current 3585  kicks 10  iters 1907593 (2300/s)  best: cx 39 tof 25
[2026-09-25 07:31:05] span_L6_s62_c1_z3_long    843s  best 3639/4096  current 3512  kicks 11  iters 1943537 (2305/s)  best: cx 39 tof 25
[2026-09-25 07:31:20] span_L6_s62_c1_z3_long    858s  best 3639/4096  current 3548  kicks 11  iters 1983146 (2312/s)  best: cx 39 tof 25
[2026-09-25 07:31:30] span_L6_s62_c1_z3_long    868s  best 3639/4096  current 3557  kicks 11  iters 2011023 (2316/s)  best: cx 39 tof 25
[2026-09-25 07:31:45] span_L6_s62_c1_z3_long    883s  best 3639/4096  current 3558  kicks 11  iters 2052587 (2325/s)  best: cx 39 tof 25
[2026-09-25 07:32:01] span_L6_s62_c1_z3_long    899s  best 3639/4096  current 3599  kicks 12  iters 2095260 (2330/s)  best: cx 39 tof 25
[2026-09-25 07:32:12] span_L6_s62_c1_z3_long    910s  best 3639/4096  current 3620  kicks 12  iters 2117299 (2327/s)  best: cx 39 tof 25
[2026-09-25 07:32:27] span_L6_s62_c1_z3_long    925s  best 3639/4096  current 3622  kicks 12  iters 2146574 (2321/s)  best: cx 39 tof 25
[2026-09-25 07:32:37] span_L6_s62_c1_z3_long    935s  best 3643/4096  current 3641  kicks 12  iters 2166173 (2317/s)  best: cx 35 tof 22
[2026-09-25 07:32:52] span_L6_s62_c1_z3_long    950s  best 3643/4096  current 3641  kicks 12  iters 2195612 (2311/s)  best: cx 35 tof 22
[2026-09-25 07:33:07] span_L6_s62_c1_z3_long    965s  best 3643/4096  current 3637  kicks 12  iters 2224930 (2305/s)  best: cx 35 tof 22
[2026-09-25 07:33:22] span_L6_s62_c1_z3_long    980s  best 3643/4096  current 3640  kicks 12  iters 2253436 (2300/s)  best: cx 35 tof 22
[2026-09-25 07:33:32] span_L6_s62_c1_z3_long    990s  best 3646/4096  current 3646  kicks 12  iters 2273208 (2296/s)  best: cx 32 tof 25
[2026-09-25 07:33:47] span_L6_s62_c1_z3_long   1005s  best 3657/4096  current 3654  kicks 12  iters 2302118 (2291/s)  best: cx 37 tof 24
[2026-09-25 07:33:57] span_L6_s62_c1_z3_long   1015s  best 3657/4096  current 3649  kicks 12  iters 2322824 (2289/s)  best: cx 37 tof 24
[2026-09-25 07:34:12] span_L6_s62_c1_z3_long   1030s  best 3657/4096  current 3649  kicks 12  iters 2353962 (2286/s)  best: cx 37 tof 24
[2026-09-25 07:34:22] span_L6_s62_c1_z3_long   1040s  best 3657/4096  current 3648  kicks 12  iters 2374417 (2284/s)  best: cx 37 tof 24
[2026-09-25 07:34:37] span_L6_s62_c1_z3_long   1055s  best 3657/4096  current 3644  kicks 12  iters 2406041 (2281/s)  best: cx 37 tof 24
[2026-09-25 07:34:52] span_L6_s62_c1_z3_long   1070s  best 3657/4096  current 3515  kicks 13  iters 2436481 (2277/s)  best: cx 37 tof 24
[2026-09-25 07:35:03] span_L6_s62_c1_z3_long   1080s  best 3657/4096  current 3559  kicks 13  iters 2455433 (2272/s)  best: cx 37 tof 24
[2026-09-25 07:35:17] span_L6_s62_c1_z3_long   1095s  best 3657/4096  current 3560  kicks 13  iters 2483899 (2268/s)  best: cx 37 tof 24
[2026-09-25 07:35:32] span_L6_s62_c1_z3_long   1110s  best 3657/4096  current 3561  kicks 13  iters 2513542 (2264/s)  best: cx 37 tof 24
[2026-09-25 07:35:42] span_L6_s62_c1_z3_long   1120s  best 3657/4096  current 3576  kicks 13  iters 2533144 (2261/s)  best: cx 37 tof 24
[2026-09-25 07:35:56] span_L6_s62_c1_z3_long   1134s  best 3657/4096  current 3553  kicks 14  iters 2565339 (2261/s)  best: cx 37 tof 24
[2026-09-25 07:36:07] span_L6_s62_c1_z3_long   1145s  best 3657/4096  current 3552  kicks 14  iters 2588384 (2261/s)  best: cx 37 tof 24
[2026-09-25 07:36:22] span_L6_s62_c1_z3_long   1159s  best 3657/4096  current 3566  kicks 14  iters 2621029 (2260/s)  best: cx 37 tof 24
[2026-09-25 07:36:32] span_L6_s62_c1_z3_long   1169s  best 3657/4096  current 3562  kicks 14  iters 2643687 (2260/s)  best: cx 37 tof 24
[2026-09-25 07:36:47] span_L6_s62_c1_z3_long   1184s  best 3657/4096  current 3581  kicks 14  iters 2677169 (2260/s)  best: cx 37 tof 24
[2026-09-25 07:37:02] span_L6_s62_c1_z3_long   1200s  best 3657/4096  current 3593  kicks 15  iters 2710735 (2259/s)  best: cx 37 tof 24
[2026-09-25 07:37:12] span_L6_s62_c1_z3_long   1210s  best 3657/4096  current 3627  kicks 15  iters 2731259 (2257/s)  best: cx 37 tof 24
[2026-09-25 07:37:27] span_L6_s62_c1_z3_long   1225s  best 3657/4096  current 3651  kicks 15  iters 2762258 (2255/s)  best: cx 37 tof 24
[2026-09-25 07:37:37] span_L6_s62_c1_z3_long   1235s  best 3657/4096  current 3646  kicks 15  iters 2784208 (2254/s)  best: cx 37 tof 24
[2026-09-25 07:37:47] span_L6_s62_c1_z3_long   1245s  best 3657/4096  current 3647  kicks 15  iters 2805086 (2253/s)  best: cx 37 tof 24
[2026-09-25 07:38:02] span_L6_s62_c1_z3_long   1260s  best 3657/4096  current 3617  kicks 16  iters 2836624 (2251/s)  best: cx 37 tof 24
[2026-09-25 07:38:13] span_L6_s62_c1_z3_long   1270s  best 3657/4096  current 3617  kicks 16  iters 2856543 (2248/s)  best: cx 37 tof 24
[2026-09-25 07:38:27] span_L6_s62_c1_z3_long   1285s  best 3657/4096  current 3617  kicks 16  iters 2886047 (2245/s)  best: cx 37 tof 24
[2026-09-25 07:38:37] span_L6_s62_c1_z3_long   1295s  best 3657/4096  current 3622  kicks 16  iters 2906179 (2243/s)  best: cx 37 tof 24
[2026-09-25 07:38:52] span_L6_s62_c1_z3_long   1310s  best 3657/4096  current 3621  kicks 16  iters 2935954 (2241/s)  best: cx 37 tof 24
[2026-09-25 07:39:07] span_L6_s62_c1_z3_long   1325s  best 3657/4096  current 3561  kicks 17  iters 2967707 (2239/s)  best: cx 37 tof 24
[2026-09-25 07:39:17] span_L6_s62_c1_z3_long   1335s  best 3657/4096  current 3569  kicks 17  iters 2988295 (2238/s)  best: cx 37 tof 24
[2026-09-25 07:39:27] span_L6_s62_c1_z3_long   1345s  best 3657/4096  current 3571  kicks 17  iters 3008564 (2236/s)  best: cx 37 tof 24
[2026-09-25 07:39:38] span_L6_s62_c1_z3_long   1355s  best 3657/4096  current 3573  kicks 17  iters 3028137 (2234/s)  best: cx 37 tof 24
[2026-09-25 07:39:52] span_L6_s62_c1_z3_long   1370s  best 3657/4096  current 3574  kicks 17  iters 3057578 (2231/s)  best: cx 37 tof 24
[2026-09-25 07:40:07] span_L6_s62_c1_z3_long   1385s  best 3657/4096  current 3540  kicks 18  iters 3089407 (2231/s)  best: cx 37 tof 24
[2026-09-25 07:40:17] span_L6_s62_c1_z3_long   1395s  best 3657/4096  current 3549  kicks 18  iters 3111588 (2230/s)  best: cx 37 tof 24
[2026-09-25 07:40:32] span_L6_s62_c1_z3_long   1409s  best 3657/4096  current 3553  kicks 18  iters 3144113 (2230/s)  best: cx 37 tof 24
[2026-09-25 07:40:42] span_L6_s62_c1_z3_long   1420s  best 3657/4096  current 3554  kicks 18  iters 3167258 (2230/s)  best: cx 37 tof 24
[2026-09-25 07:40:57] span_L6_s62_c1_z3_long   1435s  best 3657/4096  current 3593  kicks 18  iters 3201138 (2230/s)  best: cx 37 tof 24
[2026-09-25 07:41:12] span_L6_s62_c1_z3_long   1450s  best 3657/4096  current 3563  kicks 19  iters 3233151 (2229/s)  best: cx 37 tof 24
[2026-09-25 07:41:22] span_L6_s62_c1_z3_long   1460s  best 3657/4096  current 3576  kicks 19  iters 3254238 (2228/s)  best: cx 37 tof 24
[2026-09-25 07:41:37] span_L6_s62_c1_z3_long   1475s  best 3657/4096  current 3573  kicks 19  iters 3284493 (2226/s)  best: cx 37 tof 24
[2026-09-25 07:41:47] span_L6_s62_c1_z3_long   1485s  best 3657/4096  current 3569  kicks 19  iters 3305168 (2225/s)  best: cx 37 tof 24
[2026-09-25 07:42:02] span_L6_s62_c1_z3_long   1500s  best 3657/4096  current 3566  kicks 19  iters 3335697 (2223/s)  best: cx 37 tof 24
[2026-09-25 07:42:16] span_L6_s62_c1_z3_long   1514s  best 3657/4096  current 3566  kicks 20  iters 3373667 (2227/s)  best: cx 37 tof 24
[2026-09-25 07:42:31] span_L6_s62_c1_z3_long   1529s  best 3657/4096  current 3586  kicks 20  iters 3412705 (2231/s)  best: cx 37 tof 24
[2026-09-25 07:42:41] span_L6_s62_c1_z3_long   1539s  best 3657/4096  current 3587  kicks 20  iters 3438874 (2234/s)  best: cx 37 tof 24
[2026-09-25 07:42:51] span_L6_s62_c1_z3_long   1549s  best 3657/4096  current 3586  kicks 20  iters 3465516 (2236/s)  best: cx 37 tof 24
[2026-09-25 07:43:02] span_L6_s62_c1_z3_long   1559s  best 3657/4096  current 3592  kicks 20  iters 3492152 (2239/s)  best: cx 37 tof 24
[2026-09-25 07:43:12] span_L6_s62_c1_z3_long   1570s  best 3657/4096  current 3533  kicks 21  iters 3518022 (2241/s)  best: cx 37 tof 24
[2026-09-25 07:43:23] span_L6_s62_c1_z3_long   1581s  best 3657/4096  current 3570  kicks 21  iters 3540923 (2240/s)  best: cx 37 tof 24
[2026-09-25 07:43:37] span_L6_s62_c1_z3_long   1595s  best 3657/4096  current 3579  kicks 21  iters 3572027 (2239/s)  best: cx 37 tof 24
[2026-09-25 07:43:47] span_L6_s62_c1_z3_long   1605s  best 3657/4096  current 3591  kicks 21  iters 3594672 (2239/s)  best: cx 37 tof 24
[2026-09-25 07:43:57] span_L6_s62_c1_z3_long   1615s  best 3657/4096  current 3603  kicks 21  iters 3617362 (2239/s)  best: cx 37 tof 24
[2026-09-25 07:44:12] span_L6_s62_c1_z3_long   1630s  best 3657/4096  current 3584  kicks 22  iters 3651989 (2240/s)  best: cx 37 tof 24
[2026-09-25 07:44:23] span_L6_s62_c1_z3_long   1640s  best 3657/4096  current 3596  kicks 22  iters 3674822 (2240/s)  best: cx 37 tof 24
[2026-09-25 07:44:38] span_L6_s62_c1_z3_long   1655s  best 3657/4096  current 3609  kicks 22  iters 3707016 (2239/s)  best: cx 37 tof 24
[2026-09-25 07:44:48] span_L6_s62_c1_z3_long   1666s  best 3657/4096  current 3613  kicks 22  iters 3728548 (2238/s)  best: cx 37 tof 24
[2026-09-25 07:45:03] span_L6_s62_c1_z3_long   1681s  best 3657/4096  current 3619  kicks 22  iters 3759812 (2237/s)  best: cx 37 tof 24
[2026-09-25 07:45:18] span_L6_s62_c1_z3_long   1696s  best 3657/4096  current 3556  kicks 23  iters 3792559 (2236/s)  best: cx 37 tof 24
[2026-09-25 07:45:32] span_L6_s62_c1_z3_long   1710s  best 3657/4096  current 3589  kicks 23  iters 3825142 (2236/s)  best: cx 37 tof 24
[2026-09-25 07:45:47] span_L6_s62_c1_z3_long   1725s  best 3657/4096  current 3589  kicks 23  iters 3859964 (2237/s)  best: cx 37 tof 24
[2026-09-25 07:46:02] span_L6_s62_c1_z3_long   1740s  best 3657/4096  current 3609  kicks 23  iters 3895438 (2238/s)  best: cx 37 tof 24
[2026-09-25 07:46:17] span_L6_s62_c1_z3_long   1755s  best 3657/4096  current 3518  kicks 24  iters 3930506 (2240/s)  best: cx 37 tof 24
[2026-09-25 07:46:33] span_L6_s62_c1_z3_long   1770s  best 3657/4096  current 3564  kicks 24  iters 3970545 (2242/s)  best: cx 37 tof 24
[2026-09-25 07:46:47] span_L6_s62_c1_z3_long   1785s  best 3657/4096  current 3563  kicks 24  iters 4006690 (2244/s)  best: cx 37 tof 24
[2026-09-25 07:46:58] span_L6_s62_c1_z3_long   1796s  best 3657/4096  current 3577  kicks 24  iters 4031293 (2245/s)  best: cx 37 tof 24
[2026-09-25 07:47:08] span_L6_s62_c1_z3_long   1806s  best 3657/4096  current 3576  kicks 24  iters 4053349 (2244/s)  best: cx 37 tof 24
[2026-09-25 07:47:23] span_L6_s62_c1_z3_long   1821s  best 3657/4096  current 3597  kicks 25  iters 4087183 (2244/s)  best: cx 37 tof 24
[2026-09-25 07:47:33] span_L6_s62_c1_z3_long   1831s  best 3657/4096  current 3595  kicks 25  iters 4108388 (2243/s)  best: cx 37 tof 24
[2026-09-25 07:47:48] span_L6_s62_c1_z3_long   1846s  best 3657/4096  current 3610  kicks 25  iters 4141297 (2243/s)  best: cx 37 tof 24
[2026-09-25 07:48:03] span_L6_s62_c1_z3_long   1860s  best 3657/4096  current 3615  kicks 25  iters 4175299 (2244/s)  best: cx 37 tof 24
[2026-09-25 07:48:18] span_L6_s62_c1_z3_long   1875s  best 3657/4096  current 3612  kicks 25  iters 4210009 (2244/s)  best: cx 37 tof 24
[2026-09-25 07:48:32] span_L6_s62_c1_z3_long   1890s  best 3657/4096  current 3507  kicks 26  iters 4248183 (2247/s)  best: cx 37 tof 24
[2026-09-25 07:48:43] span_L6_s62_c1_z3_long   1900s  best 3657/4096  current 3525  kicks 26  iters 4273516 (2248/s)  best: cx 37 tof 24
[2026-09-25 07:48:53] span_L6_s62_c1_z3_long   1910s  best 3657/4096  current 3527  kicks 26  iters 4296954 (2249/s)  best: cx 37 tof 24
[2026-09-25 07:49:03] span_L6_s62_c1_z3_long   1921s  best 3657/4096  current 3530  kicks 26  iters 4320223 (2249/s)  best: cx 37 tof 24
[2026-09-25 07:49:18] span_L6_s62_c1_z3_long   1936s  best 3657/4096  current 3526  kicks 26  iters 4354989 (2249/s)  best: cx 37 tof 24
[2026-09-25 07:49:28] span_L6_s62_c1_z3_long   1946s  best 3657/4096  current 3552  kicks 27  iters 4378643 (2250/s)  best: cx 37 tof 24
[2026-09-25 07:49:38] span_L6_s62_c1_z3_long   1956s  best 3657/4096  current 3567  kicks 27  iters 4400788 (2250/s)  best: cx 37 tof 24
[2026-09-25 07:49:48] span_L6_s62_c1_z3_long   1966s  best 3657/4096  current 3568  kicks 27  iters 4422538 (2249/s)  best: cx 37 tof 24
[2026-09-25 07:50:03] span_L6_s62_c1_z3_long   1981s  best 3657/4096  current 3564  kicks 27  iters 4454823 (2248/s)  best: cx 37 tof 24
[2026-09-25 07:50:18] span_L6_s62_c1_z3_long   1996s  best 3657/4096  current 3564  kicks 27  iters 4487726 (2248/s)  best: cx 37 tof 24
[2026-09-25 07:50:32] span_L6_s62_c1_z3_long   2010s  best 3657/4096  current 3573  kicks 28  iters 4523841 (2250/s)  best: cx 37 tof 24
[2026-09-25 07:50:42] span_L6_s62_c1_z3_long   2020s  best 3657/4096  current 3573  kicks 28  iters 4549890 (2252/s)  best: cx 37 tof 24
[2026-09-25 07:50:57] span_L6_s62_c1_z3_long   2035s  best 3657/4096  current 3573  kicks 28  iters 4588625 (2254/s)  best: cx 37 tof 24
[2026-09-25 07:51:07] span_L6_s62_c1_z3_long   2045s  best 3657/4096  current 3573  kicks 28  iters 4614600 (2256/s)  best: cx 37 tof 24
[2026-09-25 07:51:22] span_L6_s62_c1_z3_long   2060s  best 3657/4096  current 3573  kicks 28  iters 4653184 (2258/s)  best: cx 37 tof 24
[2026-09-25 07:51:33] span_L6_s62_c1_z3_long   2071s  best 3657/4096  current 3635  kicks 29  iters 4676529 (2257/s)  best: cx 37 tof 24
[2026-09-25 07:51:43] span_L6_s62_c1_z3_long   2081s  best 3681/4096  current 3681  kicks 29  iters 4697841 (2257/s)  best: cx 38 tof 28
[2026-09-25 07:51:58] span_L6_s62_c1_z3_long   2096s  best 3682/4096  current 3677  kicks 29  iters 4728738 (2255/s)  best: cx 40 tof 28
[2026-09-25 07:52:09] span_L6_s62_c1_z3_long   2106s  best 3682/4096  current 3678  kicks 29  iters 4749405 (2254/s)  best: cx 40 tof 28
[2026-09-25 07:52:19] span_L6_s62_c1_z3_long   2117s  best 3682/4096  current 3675  kicks 29  iters 4770161 (2253/s)  best: cx 40 tof 28
[2026-09-25 07:52:33] span_L6_s62_c1_z3_long   2131s  best 3682/4096  current 3674  kicks 29  iters 4801120 (2252/s)  best: cx 40 tof 28
[2026-09-25 07:52:44] span_L6_s62_c1_z3_long   2141s  best 3682/4096  current 3678  kicks 29  iters 4821522 (2251/s)  best: cx 40 tof 28
[2026-09-25 07:52:54] span_L6_s62_c1_z3_long   2151s  best 3682/4096  current 3677  kicks 29  iters 4842343 (2250/s)  best: cx 40 tof 28
[2026-09-25 07:53:04] span_L6_s62_c1_z3_long   2161s  best 3682/4096  current 3562  kicks 30  iters 4863760 (2250/s)  best: cx 40 tof 28
[2026-09-25 07:53:14] span_L6_s62_c1_z3_long   2172s  best 3682/4096  current 3581  kicks 30  iters 4884083 (2248/s)  best: cx 40 tof 28
[2026-09-25 07:53:25] span_L6_s62_c1_z3_long   2183s  best 3682/4096  current 3606  kicks 30  iters 4903218 (2246/s)  best: cx 40 tof 28
[2026-09-25 07:53:39] span_L6_s62_c1_z3_long   2197s  best 3682/4096  current 3608  kicks 30  iters 4928834 (2243/s)  best: cx 40 tof 28
[2026-09-25 07:53:54] span_L6_s62_c1_z3_long   2212s  best 3682/4096  current 3645  kicks 30  iters 4956201 (2240/s)  best: cx 40 tof 28
[2026-09-25 07:54:09] span_L6_s62_c1_z3_long   2227s  best 3682/4096  current 3567  kicks 31  iters 4988478 (2239/s)  best: cx 40 tof 28
[2026-09-25 07:54:24] span_L6_s62_c1_z3_long   2242s  best 3682/4096  current 3572  kicks 31  iters 5017458 (2237/s)  best: cx 40 tof 28
[2026-09-25 07:54:34] span_L6_s62_c1_z3_long   2252s  best 3682/4096  current 3584  kicks 31  iters 5036730 (2236/s)  best: cx 40 tof 28
[2026-09-25 07:54:45] span_L6_s62_c1_z3_long   2262s  best 3682/4096  current 3587  kicks 31  iters 5055943 (2234/s)  best: cx 40 tof 28
[2026-09-25 07:54:55] span_L6_s62_c1_z3_long   2272s  best 3682/4096  current 3590  kicks 31  iters 5074756 (2233/s)  best: cx 40 tof 28
[2026-09-25 07:55:08] span_L6_s62_c1_z3_long   2286s  best 3682/4096  current 3516  kicks 32  iters 5108846 (2234/s)  best: cx 40 tof 28
[2026-09-25 07:55:23] span_L6_s62_c1_z3_long   2301s  best 3682/4096  current 3542  kicks 32  iters 5147378 (2237/s)  best: cx 40 tof 28
[2026-09-25 07:55:33] span_L6_s62_c1_z3_long   2311s  best 3682/4096  current 3549  kicks 32  iters 5172567 (2238/s)  best: cx 40 tof 28
[2026-09-25 07:55:43] span_L6_s62_c1_z3_long   2321s  best 3682/4096  current 3541  kicks 32  iters 5197358 (2239/s)  best: cx 40 tof 28
[2026-09-25 07:55:58] span_L6_s62_c1_z3_long   2336s  best 3682/4096  current 3557  kicks 32  iters 5234657 (2240/s)  best: cx 40 tof 28
[2026-09-25 07:56:13] span_L6_s62_c1_z3_long   2351s  best 3682/4096  current 3566  kicks 33  iters 5274217 (2243/s)  best: cx 40 tof 28
[2026-09-25 07:56:23] span_L6_s62_c1_z3_long   2361s  best 3682/4096  current 3602  kicks 33  iters 5299810 (2244/s)  best: cx 40 tof 28
[2026-09-25 07:56:33] span_L6_s62_c1_z3_long   2371s  best 3682/4096  current 3614  kicks 33  iters 5324957 (2245/s)  best: cx 40 tof 28
[2026-09-25 07:56:48] span_L6_s62_c1_z3_long   2386s  best 3682/4096  current 3614  kicks 33  iters 5363401 (2247/s)  best: cx 40 tof 28
[2026-09-25 07:56:58] span_L6_s62_c1_z3_long   2396s  best 3682/4096  current 3615  kicks 33  iters 5388564 (2248/s)  best: cx 40 tof 28
[2026-09-25 07:57:09] span_L6_s62_c1_z3_long   2407s  best 3682/4096  current 3565  kicks 34  iters 5411721 (2248/s)  best: cx 40 tof 28
[2026-09-25 07:57:24] span_L6_s62_c1_z3_long   2422s  best 3682/4096  current 3579  kicks 34  iters 5445047 (2248/s)  best: cx 40 tof 28
[2026-09-25 07:57:34] span_L6_s62_c1_z3_long   2432s  best 3682/4096  current 3587  kicks 34  iters 5467362 (2248/s)  best: cx 40 tof 28
[2026-09-25 07:57:44] span_L6_s62_c1_z3_long   2442s  best 3682/4096  current 3598  kicks 34  iters 5488280 (2247/s)  best: cx 40 tof 28
[2026-09-25 07:57:59] span_L6_s62_c1_z3_long   2457s  best 3682/4096  current 3599  kicks 34  iters 5518719 (2245/s)  best: cx 40 tof 28
[2026-09-25 07:58:14] span_L6_s62_c1_z3_long   2472s  best 3682/4096  current 3550  kicks 35  iters 5549803 (2245/s)  best: cx 40 tof 28
[2026-09-25 07:58:24] span_L6_s62_c1_z3_long   2482s  best 3682/4096  current 3587  kicks 35  iters 5571191 (2244/s)  best: cx 40 tof 28
[2026-09-25 07:58:39] span_L6_s62_c1_z3_long   2497s  best 3682/4096  current 3588  kicks 35  iters 5603082 (2243/s)  best: cx 40 tof 28
[2026-09-25 07:58:49] span_L6_s62_c1_z3_long   2507s  best 3682/4096  current 3587  kicks 35  iters 5624016 (2243/s)  best: cx 40 tof 28
[2026-09-25 07:58:59] span_L6_s62_c1_z3_long   2517s  best 3682/4096  current 3586  kicks 35  iters 5644534 (2242/s)  best: cx 40 tof 28
[2026-09-25 07:59:14] span_L6_s62_c1_z3_long   2532s  best 3682/4096  current 3534  kicks 36  iters 5679004 (2243/s)  best: cx 40 tof 28
[2026-09-25 07:59:29] span_L6_s62_c1_z3_long   2547s  best 3682/4096  current 3550  kicks 36  iters 5714947 (2244/s)  best: cx 40 tof 28
[2026-09-25 07:59:44] span_L6_s62_c1_z3_long   2561s  best 3682/4096  current 3546  kicks 36  iters 5751751 (2245/s)  best: cx 40 tof 28
[2026-09-25 07:59:54] span_L6_s62_c1_z3_long   2572s  best 3682/4096  current 3552  kicks 36  iters 5775878 (2246/s)  best: cx 40 tof 28
[2026-09-25 08:00:09] span_L6_s62_c1_z3_long   2587s  best 3682/4096  current 3582  kicks 37  iters 5811821 (2246/s)  best: cx 40 tof 28
[2026-09-25 08:00:20] span_L6_s62_c1_z3_long   2597s  best 3682/4096  current 3600  kicks 37  iters 5833354 (2245/s)  best: cx 40 tof 28
[2026-09-25 08:00:30] span_L6_s62_c1_z3_long   2608s  best 3682/4096  current 3593  kicks 37  iters 5853940 (2244/s)  best: cx 40 tof 28
[2026-09-25 08:00:40] span_L6_s62_c1_z3_long   2618s  best 3682/4096  current 3596  kicks 37  iters 5873453 (2243/s)  best: cx 40 tof 28
[2026-09-25 08:00:55] span_L6_s62_c1_z3_long   2632s  best 3682/4096  current 3595  kicks 37  iters 5904193 (2242/s)  best: cx 40 tof 28
[2026-09-25 08:01:09] span_L6_s62_c1_z3_long   2646s  best 3682/4096  current 3565  kicks 38  iters 5935889 (2242/s)  best: cx 40 tof 28
[2026-09-25 08:01:19] span_L6_s62_c1_z3_long   2657s  best 3682/4096  current 3607  kicks 38  iters 5961002 (2243/s)  best: cx 40 tof 28
[2026-09-25 08:01:34] span_L6_s62_c1_z3_long   2672s  best 3682/4096  current 3615  kicks 38  iters 5994507 (2243/s)  best: cx 40 tof 28
[2026-09-25 08:01:50] span_L6_s62_c1_z3_long   2688s  best 3682/4096  current 3602  kicks 38  iters 6028875 (2243/s)  best: cx 40 tof 28
[2026-09-25 08:02:05] span_L6_s62_c1_z3_long   2702s  best 3682/4096  current 3612  kicks 38  iters 6059230 (2242/s)  best: cx 40 tof 28
[2026-09-25 08:02:19] span_L6_s62_c1_z3_long   2717s  best 3682/4096  current 3613  kicks 39  iters 6094402 (2243/s)  best: cx 40 tof 28
[2026-09-25 08:02:29] span_L6_s62_c1_z3_long   2727s  best 3682/4096  current 3613  kicks 39  iters 6118161 (2243/s)  best: cx 40 tof 28
[2026-09-25 08:02:44] span_L6_s62_c1_z3_long   2742s  best 3682/4096  current 3628  kicks 39  iters 6154639 (2244/s)  best: cx 40 tof 28
[2026-09-25 08:02:54] span_L6_s62_c1_z3_long   2752s  best 3682/4096  current 3626  kicks 39  iters 6179299 (2245/s)  best: cx 40 tof 28
[2026-09-25 08:03:04] span_L6_s62_c1_z3_long   2762s  best 3682/4096  current 3638  kicks 39  iters 6203190 (2245/s)  best: cx 40 tof 28
[2026-09-25 08:03:20] span_L6_s62_c1_z3_long   2778s  best 3682/4096  current 3539  kicks 40  iters 6238120 (2245/s)  best: cx 40 tof 28
[2026-09-25 08:03:30] span_L6_s62_c1_z3_long   2788s  best 3682/4096  current 3545  kicks 40  iters 6258816 (2245/s)  best: cx 40 tof 28
[2026-09-25 08:03:45] span_L6_s62_c1_z3_long   2803s  best 3682/4096  current 3570  kicks 40  iters 6290388 (2244/s)  best: cx 40 tof 28
[2026-09-25 08:04:00] span_L6_s62_c1_z3_long   2818s  best 3682/4096  current 3578  kicks 40  iters 6321767 (2243/s)  best: cx 40 tof 28
[2026-09-25 08:04:10] span_L6_s62_c1_z3_long   2828s  best 3682/4096  current 3583  kicks 40  iters 6341782 (2242/s)  best: cx 40 tof 28
[2026-09-25 08:04:25] span_L6_s62_c1_z3_long   2842s  best 3682/4096  current 3599  kicks 41  iters 6373914 (2242/s)  best: cx 40 tof 28
[2026-09-25 08:04:35] span_L6_s62_c1_z3_long   2853s  best 3682/4096  current 3599  kicks 41  iters 6395818 (2242/s)  best: cx 40 tof 28
[2026-09-25 08:04:50] span_L6_s62_c1_z3_long   2867s  best 3682/4096  current 3598  kicks 41  iters 6430532 (2242/s)  best: cx 40 tof 28
[2026-09-25 08:05:00] span_L6_s62_c1_z3_long   2877s  best 3682/4096  current 3590  kicks 41  iters 6453477 (2242/s)  best: cx 40 tof 28
[2026-09-25 08:05:14] span_L6_s62_c1_z3_long   2892s  best 3682/4096  current 3608  kicks 41  iters 6488537 (2243/s)  best: cx 40 tof 28
[2026-09-25 08:05:25] span_L6_s62_c1_z3_long   2903s  best 3682/4096  current 3621  kicks 42  iters 6511631 (2243/s)  best: cx 40 tof 28
[2026-09-25 08:05:40] span_L6_s62_c1_z3_long   2918s  best 3682/4096  current 3618  kicks 42  iters 6542654 (2242/s)  best: cx 40 tof 28
[2026-09-25 08:05:55] span_L6_s62_c1_z3_long   2933s  best 3682/4096  current 3619  kicks 42  iters 6573675 (2241/s)  best: cx 40 tof 28
[2026-09-25 08:06:10] span_L6_s62_c1_z3_long   2948s  best 3682/4096  current 3623  kicks 42  iters 6605292 (2240/s)  best: cx 40 tof 28
[2026-09-25 08:06:25] span_L6_s62_c1_z3_long   2963s  best 3682/4096  current 3578  kicks 43  iters 6637389 (2239/s)  best: cx 40 tof 28
[2026-09-25 08:06:40] span_L6_s62_c1_z3_long   2978s  best 3682/4096  current 3613  kicks 43  iters 6668842 (2239/s)  best: cx 40 tof 28
[2026-09-25 08:06:51] span_L6_s62_c1_z3_long   2988s  best 3682/4096  current 3619  kicks 43  iters 6688922 (2238/s)  best: cx 40 tof 28
[2026-09-25 08:07:01] span_L6_s62_c1_z3_long   2998s  best 3682/4096  current 3630  kicks 43  iters 6708399 (2237/s)  best: cx 40 tof 28
[2026-09-25 08:07:11] span_L6_s62_c1_z3_long   3008s  best 3682/4096  current 3628  kicks 43  iters 6727879 (2236/s)  best: cx 40 tof 28
[2026-09-25 08:07:24] span_L6_s62_c1_z3_long   3022s  best 3682/4096  current 3540  kicks 44  iters 6759385 (2236/s)  best: cx 40 tof 28
[2026-09-25 08:07:39] span_L6_s62_c1_z3_long   3037s  best 3682/4096  current 3543  kicks 44  iters 6799449 (2238/s)  best: cx 40 tof 28
[2026-09-25 08:07:50] span_L6_s62_c1_z3_long   3047s  best 3682/4096  current 3547  kicks 44  iters 6825970 (2239/s)  best: cx 40 tof 28
[2026-09-25 08:08:04] span_L6_s62_c1_z3_long   3062s  best 3682/4096  current 3567  kicks 44  iters 6864848 (2241/s)  best: cx 40 tof 28
[2026-09-25 08:08:20] span_L6_s62_c1_z3_long   3078s  best 3682/4096  current 3600  kicks 44  iters 6903925 (2243/s)  best: cx 40 tof 28
[2026-09-25 08:08:31] span_L6_s62_c1_z3_long   3088s  best 3682/4096  current 3521  kicks 45  iters 6925659 (2242/s)  best: cx 40 tof 28
[2026-09-25 08:08:41] span_L6_s62_c1_z3_long   3099s  best 3682/4096  current 3537  kicks 45  iters 6945259 (2241/s)  best: cx 40 tof 28
[2026-09-25 08:08:55] span_L6_s62_c1_z3_long   3113s  best 3682/4096  current 3581  kicks 45  iters 6975475 (2241/s)  best: cx 40 tof 28
[2026-09-25 08:09:05] span_L6_s62_c1_z3_long   3123s  best 3682/4096  current 3581  kicks 45  iters 6998749 (2240/s)  best: cx 40 tof 28
[2026-09-25 08:09:16] span_L6_s62_c1_z3_long   3133s  best 3682/4096  current 3606  kicks 45  iters 7020550 (2240/s)  best: cx 40 tof 28
[2026-09-25 08:09:31] span_L6_s62_c1_z3_long   3149s  best 3682/4096  current 3600  kicks 46  iters 7054201 (2240/s)  best: cx 40 tof 28
[2026-09-25 08:09:45] span_L6_s62_c1_z3_long   3163s  best 3682/4096  current 3623  kicks 46  iters 7086027 (2240/s)  best: cx 40 tof 28
[2026-09-25 08:09:55] span_L6_s62_c1_z3_long   3173s  best 3682/4096  current 3623  kicks 46  iters 7108496 (2240/s)  best: cx 40 tof 28
[2026-09-25 08:10:10] span_L6_s62_c1_z3_long   3188s  best 3682/4096  current 3623  kicks 46  iters 7142053 (2240/s)  best: cx 40 tof 28
[2026-09-25 08:10:25] span_L6_s62_c1_z3_long   3203s  best 3682/4096  current 3613  kicks 46  iters 7176475 (2240/s)  best: cx 40 tof 28
[2026-09-25 08:10:36] span_L6_s62_c1_z3_long   3214s  best 3682/4096  current 3580  kicks 47  iters 7199112 (2240/s)  best: cx 40 tof 28
[2026-09-25 08:10:51] span_L6_s62_c1_z3_long   3229s  best 3682/4096  current 3609  kicks 47  iters 7230929 (2239/s)  best: cx 40 tof 28
[2026-09-25 08:11:01] span_L6_s62_c1_z3_long   3239s  best 3682/4096  current 3613  kicks 47  iters 7251077 (2238/s)  best: cx 40 tof 28
[2026-09-25 08:11:16] span_L6_s62_c1_z3_long   3254s  best 3682/4096  current 3607  kicks 47  iters 7281091 (2237/s)  best: cx 40 tof 28
[2026-09-25 08:11:31] span_L6_s62_c1_z3_long   3269s  best 3682/4096  current 3553  kicks 48  iters 7310471 (2236/s)  best: cx 40 tof 28
[2026-09-25 08:11:41] span_L6_s62_c1_z3_long   3279s  best 3682/4096  current 3566  kicks 48  iters 7330057 (2235/s)  best: cx 40 tof 28
[2026-09-25 08:11:51] span_L6_s62_c1_z3_long   3289s  best 3682/4096  current 3572  kicks 48  iters 7348695 (2234/s)  best: cx 40 tof 28
[2026-09-25 08:12:02] span_L6_s62_c1_z3_long   3299s  best 3682/4096  current 3571  kicks 48  iters 7367661 (2233/s)  best: cx 40 tof 28
[2026-09-25 08:12:16] span_L6_s62_c1_z3_long   3314s  best 3682/4096  current 3572  kicks 48  iters 7395407 (2231/s)  best: cx 40 tof 28
[2026-09-25 08:12:27] span_L6_s62_c1_z3_long   3325s  best 3682/4096  current 3574  kicks 48  iters 7413915 (2230/s)  best: cx 40 tof 28
[2026-09-25 08:12:41] span_L6_s62_c1_z3_long   3338s  best 3682/4096  current 3619  kicks 49  iters 7443661 (2229/s)  best: cx 40 tof 28
[2026-09-25 08:12:51] span_L6_s62_c1_z3_long   3349s  best 3682/4096  current 3613  kicks 49  iters 7465246 (2229/s)  best: cx 40 tof 28
[2026-09-25 08:13:06] span_L6_s62_c1_z3_long   3364s  best 3682/4096  current 3617  kicks 49  iters 7497591 (2229/s)  best: cx 40 tof 28
[2026-09-25 08:13:21] span_L6_s62_c1_z3_long   3379s  best 3682/4096  current 3621  kicks 49  iters 7530490 (2228/s)  best: cx 40 tof 28
[2026-09-25 08:13:31] span_L6_s62_c1_z3_long   3389s  best 3682/4096  current 3623  kicks 49  iters 7551140 (2228/s)  best: cx 40 tof 28
[2026-09-25 08:13:46] span_L6_s62_c1_z3_long   3403s  best 3682/4096  current 3567  kicks 50  iters 7585722 (2228/s)  best: cx 40 tof 28
[2026-09-25 08:13:56] span_L6_s62_c1_z3_long   3413s  best 3682/4096  current 3570  kicks 50  iters 7608626 (2229/s)  best: cx 40 tof 28
[2026-09-25 08:14:06] span_L6_s62_c1_z3_long   3423s  best 3682/4096  current 3569  kicks 50  iters 7631967 (2229/s)  best: cx 40 tof 28
[2026-09-25 08:14:16] span_L6_s62_c1_z3_long   3434s  best 3682/4096  current 3605  kicks 50  iters 7654659 (2229/s)  best: cx 40 tof 28
[2026-09-25 08:14:31] span_L6_s62_c1_z3_long   3449s  best 3682/4096  current 3605  kicks 50  iters 7686706 (2228/s)  best: cx 40 tof 28
[2026-09-25 08:14:41] span_L6_s62_c1_z3_long   3459s  best 3682/4096  current 3530  kicks 51  iters 7708890 (2228/s)  best: cx 40 tof 28
[2026-09-25 08:14:52] span_L6_s62_c1_z3_long   3469s  best 3682/4096  current 3560  kicks 51  iters 7728683 (2227/s)  best: cx 40 tof 28
[2026-09-25 08:15:07] span_L6_s62_c1_z3_long   3484s  best 3682/4096  current 3594  kicks 51  iters 7757969 (2226/s)  best: cx 40 tof 28
[2026-09-25 08:15:21] span_L6_s62_c1_z3_long   3499s  best 3682/4096  current 3597  kicks 51  iters 7787411 (2225/s)  best: cx 40 tof 28
[2026-09-25 08:15:32] span_L6_s62_c1_z3_long   3510s  best 3682/4096  current 3605  kicks 51  iters 7806034 (2223/s)  best: cx 40 tof 28
[2026-09-25 08:15:47] span_L6_s62_c1_z3_long   3525s  best 3682/4096  current 3541  kicks 52  iters 7835869 (2223/s)  best: cx 40 tof 28
[2026-09-25 08:16:01] span_L6_s62_c1_z3_long   3539s  best 3682/4096  current 3593  kicks 52  iters 7865843 (2222/s)  best: cx 40 tof 28
[2026-09-25 08:16:11] span_L6_s62_c1_z3_long   3549s  best 3682/4096  current 3595  kicks 52  iters 7888465 (2222/s)  best: cx 40 tof 28
[2026-09-25 08:16:26] span_L6_s62_c1_z3_long   3564s  best 3682/4096  current 3593  kicks 52  iters 7921262 (2222/s)  best: cx 40 tof 28
[2026-09-25 08:16:41] span_L6_s62_c1_z3_long   3578s  best 3682/4096  current 3603  kicks 52  iters 7958619 (2224/s)  best: cx 40 tof 28
[2026-09-25 08:16:51] span_L6_s62_c1_z3_long   3589s  best 3682/4096  current 3560  kicks 53  iters 7982794 (2224/s)  best: cx 40 tof 28
[2026-09-25 08:17:06] span_L6_s62_c1_z3_long   3603s  best 3682/4096  current 3554  kicks 53  iters 8018898 (2225/s)  best: cx 40 tof 28
[2026-09-25 08:17:20] span_L6_s62_c1_z3_long   3618s  best 3682/4096  current 3565  kicks 53  iters 8056845 (2226/s)  best: cx 40 tof 28
[2026-09-25 08:17:31] span_L6_s62_c1_z3_long   3628s  best 3682/4096  current 3567  kicks 53  iters 8083218 (2227/s)  best: cx 40 tof 28
[2026-09-25 08:17:45] span_L6_s62_c1_z3_long   3643s  best 3682/4096  current 3579  kicks 53  iters 8122520 (2229/s)  best: cx 40 tof 28
[2026-09-25 08:17:56] span_L6_s62_c1_z3_long   3654s  best 3682/4096  current 3587  kicks 54  iters 8148530 (2229/s)  best: cx 40 tof 28
[2026-09-25 08:18:07] span_L6_s62_c1_z3_long   3665s  best 3682/4096  current 3595  kicks 54  iters 8170419 (2229/s)  best: cx 40 tof 28
[2026-09-25 08:18:21] span_L6_s62_c1_z3_long   3679s  best 3682/4096  current 3600  kicks 54  iters 8202043 (2229/s)  best: cx 40 tof 28
[2026-09-25 08:18:31] span_L6_s62_c1_z3_long   3689s  best 3682/4096  current 3608  kicks 54  iters 8224300 (2229/s)  best: cx 40 tof 28
[2026-09-25 08:18:42] span_L6_s62_c1_z3_long   3699s  best 3682/4096  current 3609  kicks 54  iters 8245836 (2229/s)  best: cx 40 tof 28
[2026-09-25 08:18:56] span_L6_s62_c1_z3_long   3714s  best 3682/4096  current 3557  kicks 55  iters 8279647 (2229/s)  best: cx 40 tof 28
[2026-09-25 08:19:11] span_L6_s62_c1_z3_long   3729s  best 3682/4096  current 3566  kicks 55  iters 8316248 (2230/s)  best: cx 40 tof 28
[2026-09-25 08:19:27] span_L6_s62_c1_z3_long   3744s  best 3682/4096  current 3573  kicks 55  iters 8350808 (2230/s)  best: cx 40 tof 28
[2026-09-25 08:19:41] span_L6_s62_c1_z3_long   3759s  best 3682/4096  current 3575  kicks 55  iters 8384075 (2230/s)  best: cx 40 tof 28
[2026-09-25 08:19:52] span_L6_s62_c1_z3_long   3769s  best 3682/4096  current 3578  kicks 55  iters 8407183 (2230/s)  best: cx 40 tof 28
[2026-09-25 08:20:02] span_L6_s62_c1_z3_long   3780s  best 3682/4096  current 3556  kicks 56  iters 8428989 (2230/s)  best: cx 40 tof 28
[2026-09-25 08:20:16] span_L6_s62_c1_z3_long   3794s  best 3682/4096  current 3568  kicks 56  iters 8460649 (2229/s)  best: cx 40 tof 28
[2026-09-25 08:20:31] span_L6_s62_c1_z3_long   3809s  best 3682/4096  current 3570  kicks 56  iters 8495439 (2230/s)  best: cx 40 tof 28
[2026-09-25 08:20:42] span_L6_s62_c1_z3_long   3820s  best 3682/4096  current 3572  kicks 56  iters 8517922 (2230/s)  best: cx 40 tof 28
[2026-09-25 08:20:56] span_L6_s62_c1_z3_long   3834s  best 3682/4096  current 3617  kicks 57  iters 8549425 (2229/s)  best: cx 40 tof 28
[2026-09-25 08:21:07] span_L6_s62_c1_z3_long   3845s  best 3682/4096  current 3640  kicks 57  iters 8571078 (2229/s)  best: cx 40 tof 28
[2026-09-25 08:21:22] span_L6_s62_c1_z3_long   3860s  best 3682/4096  current 3677  kicks 57  iters 8603472 (2229/s)  best: cx 40 tof 28
[2026-09-25 08:21:32] span_L6_s62_c1_z3_long   3870s  best 3682/4096  current 3677  kicks 57  iters 8624100 (2228/s)  best: cx 40 tof 28
[2026-09-25 08:21:47] span_L6_s62_c1_z3_long   3885s  best 3682/4096  current 3680  kicks 57  iters 8655935 (2228/s)  best: cx 40 tof 28
[2026-09-25 08:22:02] span_L6_s62_c1_z3_long   3900s  best 3684/4096  current 3681  kicks 57  iters 8687823 (2227/s)  best: cx 41 tof 25
[2026-09-25 08:22:17] span_L6_s62_c1_z3_long   3915s  best 3684/4096  current 3677  kicks 57  iters 8719263 (2227/s)  best: cx 41 tof 25
[2026-09-25 08:22:32] span_L6_s62_c1_z3_long   3930s  best 3684/4096  current 3679  kicks 57  iters 8751074 (2226/s)  best: cx 41 tof 25
[2026-09-25 08:22:47] span_L6_s62_c1_z3_long   3945s  best 3688/4096  current 3686  kicks 57  iters 8782857 (2226/s)  best: cx 37 tof 28
[2026-09-25 08:23:02] span_L6_s62_c1_z3_long   3959s  best 3688/4096  current 3685  kicks 57  iters 8815348 (2226/s)  best: cx 37 tof 28
[2026-09-25 08:23:12] span_L6_s62_c1_z3_long   3969s  best 3688/4096  current 3681  kicks 57  iters 8837998 (2226/s)  best: cx 37 tof 28
[2026-09-25 08:23:22] span_L6_s62_c1_z3_long   3980s  best 3688/4096  current 3681  kicks 57  iters 8860262 (2226/s)  best: cx 37 tof 28
[2026-09-25 08:23:37] span_L6_s62_c1_z3_long   3994s  best 3688/4096  current 3685  kicks 57  iters 8894103 (2226/s)  best: cx 37 tof 28
[2026-09-25 08:23:52] span_L6_s62_c1_z3_long   4009s  best 3692/4096  current 3690  kicks 57  iters 8928233 (2226/s)  best: cx 39 tof 25
[2026-09-25 08:24:02] span_L6_s62_c1_z3_long   4019s  best 3692/4096  current 3680  kicks 57  iters 8950848 (2226/s)  best: cx 39 tof 25
[2026-09-25 08:24:12] span_L6_s62_c1_z3_long   4029s  best 3692/4096  current 3686  kicks 57  iters 8972963 (2226/s)  best: cx 39 tof 25
[2026-09-25 08:24:27] span_L6_s62_c1_z3_long   4044s  best 3692/4096  current 3690  kicks 57  iters 9006515 (2226/s)  best: cx 39 tof 25
[2026-09-25 08:24:37] span_L6_s62_c1_z3_long   4055s  best 3692/4096  current 3686  kicks 57  iters 9028693 (2226/s)  best: cx 39 tof 25
[2026-09-25 08:24:51] span_L6_s62_c1_z3_long   4068s  best 3692/4096  current 3520  kicks 58  iters 9060737 (2227/s)  best: cx 39 tof 25
[2026-09-25 08:25:01] span_L6_s62_c1_z3_long   4079s  best 3692/4096  current 3542  kicks 58  iters 9088553 (2228/s)  best: cx 39 tof 25
[2026-09-25 08:25:11] span_L6_s62_c1_z3_long   4089s  best 3692/4096  current 3551  kicks 58  iters 9114669 (2229/s)  best: cx 39 tof 25
[2026-09-25 08:25:26] span_L6_s62_c1_z3_long   4104s  best 3692/4096  current 3552  kicks 58  iters 9154504 (2230/s)  best: cx 39 tof 25
[2026-09-25 08:25:36] span_L6_s62_c1_z3_long   4114s  best 3692/4096  current 3575  kicks 58  iters 9179721 (2231/s)  best: cx 39 tof 25
[2026-09-25 08:25:46] span_L6_s62_c1_z3_long   4124s  best 3692/4096  current 3569  kicks 58  iters 9204125 (2231/s)  best: cx 39 tof 25
[2026-09-25 08:26:02] span_L6_s62_c1_z3_long   4139s  best 3692/4096  current 3530  kicks 59  iters 9240381 (2232/s)  best: cx 39 tof 25
[2026-09-25 08:26:12] span_L6_s62_c1_z3_long   4150s  best 3692/4096  current 3547  kicks 59  iters 9264197 (2232/s)  best: cx 39 tof 25
[2026-09-25 08:26:27] span_L6_s62_c1_z3_long   4165s  best 3692/4096  current 3546  kicks 59  iters 9297792 (2232/s)  best: cx 39 tof 25
[2026-09-25 08:26:38] span_L6_s62_c1_z3_long   4175s  best 3692/4096  current 3561  kicks 59  iters 9320586 (2232/s)  best: cx 39 tof 25
[2026-09-25 08:26:52] span_L6_s62_c1_z3_long   4190s  best 3692/4096  current 3558  kicks 59  iters 9352107 (2232/s)  best: cx 39 tof 25
[2026-09-25 08:27:06] span_L6_s62_c1_z3_long   4204s  best 3692/4096  current 3536  kicks 60  iters 9388267 (2233/s)  best: cx 39 tof 25
[2026-09-25 08:27:21] span_L6_s62_c1_z3_long   4219s  best 3692/4096  current 3555  kicks 60  iters 9429313 (2235/s)  best: cx 39 tof 25
[2026-09-25 08:27:31] span_L6_s62_c1_z3_long   4229s  best 3692/4096  current 3559  kicks 60  iters 9457098 (2236/s)  best: cx 39 tof 25
[2026-09-25 08:27:41] span_L6_s62_c1_z3_long   4239s  best 3692/4096  current 3566  kicks 60  iters 9484326 (2237/s)  best: cx 39 tof 25
[2026-09-25 08:27:56] span_L6_s62_c1_z3_long   4254s  best 3692/4096  current 3555  kicks 60  iters 9525372 (2239/s)  best: cx 39 tof 25
[2026-09-25 08:28:08] span_L6_s62_c1_z3_long   4265s  best 3692/4096  current 3536  kicks 61  iters 9549854 (2238/s)  best: cx 39 tof 25
[2026-09-25 08:28:18] span_L6_s62_c1_z3_long   4276s  best 3692/4096  current 3540  kicks 61  iters 9571295 (2238/s)  best: cx 39 tof 25
[2026-09-25 08:28:28] span_L6_s62_c1_z3_long   4286s  best 3692/4096  current 3547  kicks 61  iters 9591240 (2237/s)  best: cx 39 tof 25
[2026-09-25 08:28:43] span_L6_s62_c1_z3_long   4300s  best 3692/4096  current 3546  kicks 61  iters 9622637 (2237/s)  best: cx 39 tof 25
[2026-09-25 08:28:53] span_L6_s62_c1_z3_long   4311s  best 3692/4096  current 3558  kicks 61  iters 9644297 (2237/s)  best: cx 39 tof 25
[2026-09-25 08:29:07] span_L6_s62_c1_z3_long   4325s  best 3692/4096  current 3538  kicks 62  iters 9677572 (2237/s)  best: cx 39 tof 25
[2026-09-25 08:29:22] span_L6_s62_c1_z3_long   4340s  best 3692/4096  current 3526  kicks 62  iters 9714993 (2238/s)  best: cx 39 tof 25
[2026-09-25 08:29:32] span_L6_s62_c1_z3_long   4350s  best 3692/4096  current 3544  kicks 62  iters 9740671 (2239/s)  best: cx 39 tof 25
[2026-09-25 08:29:42] span_L6_s62_c1_z3_long   4360s  best 3692/4096  current 3558  kicks 62  iters 9765438 (2239/s)  best: cx 39 tof 25
[2026-09-25 08:29:53] span_L6_s62_c1_z3_long   4370s  best 3692/4096  current 3570  kicks 62  iters 9788147 (2239/s)  best: cx 39 tof 25
[2026-09-25 08:30:08] span_L6_s62_c1_z3_long   4386s  best 3692/4096  current 3555  kicks 63  iters 9821395 (2239/s)  best: cx 39 tof 25
[2026-09-25 08:30:18] span_L6_s62_c1_z3_long   4396s  best 3692/4096  current 3559  kicks 63  iters 9842417 (2239/s)  best: cx 39 tof 25
[2026-09-25 08:30:33] span_L6_s62_c1_z3_long   4411s  best 3692/4096  current 3564  kicks 63  iters 9874330 (2238/s)  best: cx 39 tof 25
[2026-09-25 08:30:48] span_L6_s62_c1_z3_long   4426s  best 3692/4096  current 3590  kicks 63  iters 9904589 (2237/s)  best: cx 39 tof 25
[2026-09-25 08:31:02] span_L6_s62_c1_z3_long   4440s  best 3692/4096  current 3538  kicks 64  iters 9935728 (2237/s)  best: cx 39 tof 25
[2026-09-25 08:31:17] span_L6_s62_c1_z3_long   4454s  best 3692/4096  current 3570  kicks 64  iters 9977430 (2239/s)  best: cx 39 tof 25
[2026-09-25 08:31:27] span_L6_s62_c1_z3_long   4465s  best 3692/4096  current 3580  kicks 64  iters 10006701 (2241/s)  best: cx 39 tof 25
[2026-09-25 08:31:42] span_L6_s62_c1_z3_long   4479s  best 3692/4096  current 3583  kicks 64  iters 10049196 (2243/s)  best: cx 39 tof 25
[2026-09-25 08:31:56] span_L6_s62_c1_z3_long   4494s  best 3692/4096  current 3580  kicks 64  iters 10093840 (2245/s)  best: cx 39 tof 25
[2026-09-25 08:32:08] span_L6_s62_c1_z3_long   4506s  best 3692/4096  current 3499  kicks 65  iters 10123989 (2247/s)  best: cx 39 tof 25
[2026-09-25 08:32:18] span_L6_s62_c1_z3_long   4516s  best 3692/4096  current 3521  kicks 65  iters 10147483 (2246/s)  best: cx 39 tof 25
[2026-09-25 08:32:33] span_L6_s62_c1_z3_long   4531s  best 3692/4096  current 3534  kicks 65  iters 10180570 (2246/s)  best: cx 39 tof 25
[2026-09-25 08:32:44] span_L6_s62_c1_z3_long   4542s  best 3692/4096  current 3556  kicks 65  iters 10201899 (2246/s)  best: cx 39 tof 25
[2026-09-25 08:32:54] span_L6_s62_c1_z3_long   4552s  best 3692/4096  current 3560  kicks 65  iters 10221780 (2245/s)  best: cx 39 tof 25
[2026-09-25 08:33:08] span_L6_s62_c1_z3_long   4566s  best 3692/4096  current 3536  kicks 66  iters 10250487 (2245/s)  best: cx 39 tof 25
[2026-09-25 08:33:18] span_L6_s62_c1_z3_long   4576s  best 3692/4096  current 3570  kicks 66  iters 10273294 (2244/s)  best: cx 39 tof 25
[2026-09-25 08:33:34] span_L6_s62_c1_z3_long   4591s  best 3692/4096  current 3577  kicks 66  iters 10306239 (2244/s)  best: cx 39 tof 25
[2026-09-25 08:33:48] span_L6_s62_c1_z3_long   4606s  best 3692/4096  current 3574  kicks 66  iters 10338020 (2244/s)  best: cx 39 tof 25
[2026-09-25 08:33:59] span_L6_s62_c1_z3_long   4616s  best 3692/4096  current 3593  kicks 66  iters 10359167 (2243/s)  best: cx 39 tof 25
[2026-09-25 08:34:09] span_L6_s62_c1_z3_long   4627s  best 3692/4096  current 3595  kicks 66  iters 10379741 (2243/s)  best: cx 39 tof 25
[2026-09-25 08:34:23] span_L6_s62_c1_z3_long   4641s  best 3692/4096  current 3580  kicks 67  iters 10415935 (2244/s)  best: cx 39 tof 25
[2026-09-25 08:34:38] span_L6_s62_c1_z3_long   4656s  best 3692/4096  current 3604  kicks 67  iters 10452315 (2244/s)  best: cx 39 tof 25
[2026-09-25 08:34:53] span_L6_s62_c1_z3_long   4671s  best 3692/4096  current 3605  kicks 67  iters 10488288 (2245/s)  best: cx 39 tof 25
[2026-09-25 08:35:04] span_L6_s62_c1_z3_long   4681s  best 3692/4096  current 3601  kicks 67  iters 10511196 (2245/s)  best: cx 39 tof 25
[2026-09-25 08:35:14] span_L6_s62_c1_z3_long   4692s  best 3692/4096  current 3599  kicks 67  iters 10533931 (2245/s)  best: cx 39 tof 25
[2026-09-25 08:35:24] span_L6_s62_c1_z3_long   4702s  best 3692/4096  current 3577  kicks 68  iters 10555716 (2245/s)  best: cx 39 tof 25
[2026-09-25 08:35:34] span_L6_s62_c1_z3_long   4712s  best 3692/4096  current 3613  kicks 68  iters 10576520 (2244/s)  best: cx 39 tof 25
[2026-09-25 08:35:45] span_L6_s62_c1_z3_long   4722s  best 3692/4096  current 3616  kicks 68  iters 10595243 (2243/s)  best: cx 39 tof 25
[2026-09-25 08:35:59] span_L6_s62_c1_z3_long   4737s  best 3692/4096  current 3620  kicks 68  iters 10623129 (2242/s)  best: cx 39 tof 25
[2026-09-25 08:36:14] span_L6_s62_c1_z3_long   4752s  best 3692/4096  current 3644  kicks 68  iters 10651358 (2241/s)  best: cx 39 tof 25
[2026-09-25 08:36:29] span_L6_s62_c1_z3_long   4767s  best 3692/4096  current 3514  kicks 69  iters 10684553 (2241/s)  best: cx 39 tof 25
[2026-09-25 08:36:44] span_L6_s62_c1_z3_long   4782s  best 3692/4096  current 3514  kicks 69  iters 10718989 (2241/s)  best: cx 39 tof 25
[2026-09-25 08:36:55] span_L6_s62_c1_z3_long   4792s  best 3692/4096  current 3528  kicks 69  iters 10740849 (2241/s)  best: cx 39 tof 25
[2026-09-25 08:37:10] span_L6_s62_c1_z3_long   4808s  best 3692/4096  current 3548  kicks 69  iters 10771350 (2240/s)  best: cx 39 tof 25
[2026-09-25 08:37:24] span_L6_s62_c1_z3_long   4822s  best 3692/4096  current 3549  kicks 70  iters 10802784 (2240/s)  best: cx 39 tof 25
[2026-09-25 08:37:35] span_L6_s62_c1_z3_long   4833s  best 3692/4096  current 3589  kicks 70  iters 10823143 (2239/s)  best: cx 39 tof 25
[2026-09-25 08:37:49] span_L6_s62_c1_z3_long   4847s  best 3692/4096  current 3623  kicks 70  iters 10853815 (2239/s)  best: cx 39 tof 25
[2026-09-25 08:38:00] span_L6_s62_c1_z3_long   4858s  best 3692/4096  current 3653  kicks 70  iters 10874073 (2238/s)  best: cx 39 tof 25
[2026-09-25 08:38:15] span_L6_s62_c1_z3_long   4873s  best 3692/4096  current 3659  kicks 70  iters 10902379 (2237/s)  best: cx 39 tof 25
[2026-09-25 08:38:30] span_L6_s62_c1_z3_long   4888s  best 3692/4096  current 3595  kicks 71  iters 10936564 (2237/s)  best: cx 39 tof 25
[2026-09-25 08:38:40] span_L6_s62_c1_z3_long   4898s  best 3692/4096  current 3607  kicks 71  iters 10957532 (2237/s)  best: cx 39 tof 25
[2026-09-25 08:38:55] span_L6_s62_c1_z3_long   4913s  best 3692/4096  current 3619  kicks 71  iters 10988556 (2236/s)  best: cx 39 tof 25
[2026-09-25 08:39:10] span_L6_s62_c1_z3_long   4928s  best 3692/4096  current 3623  kicks 71  iters 11020325 (2236/s)  best: cx 39 tof 25
[2026-09-25 08:39:20] span_L6_s62_c1_z3_long   4938s  best 3692/4096  current 3625  kicks 71  iters 11041056 (2235/s)  best: cx 39 tof 25
[2026-09-25 08:39:35] span_L6_s62_c1_z3_long   4953s  best 3692/4096  current 3599  kicks 72  iters 11072866 (2235/s)  best: cx 39 tof 25
[2026-09-25 08:39:50] span_L6_s62_c1_z3_long   4968s  best 3692/4096  current 3610  kicks 72  iters 11104789 (2235/s)  best: cx 39 tof 25
[2026-09-25 08:40:00] span_L6_s62_c1_z3_long   4978s  best 3692/4096  current 3604  kicks 72  iters 11126191 (2235/s)  best: cx 39 tof 25
[2026-09-25 08:40:11] span_L6_s62_c1_z3_long   4988s  best 3692/4096  current 3610  kicks 72  iters 11146942 (2234/s)  best: cx 39 tof 25
[2026-09-25 08:40:24] span_L6_s62_c1_z3_long   5002s  best 3692/4096  current 3543  kicks 73  iters 11175915 (2234/s)  best: cx 39 tof 25
[2026-09-25 08:40:35] span_L6_s62_c1_z3_long   5012s  best 3692/4096  current 3570  kicks 73  iters 11199258 (2234/s)  best: cx 39 tof 25
[2026-09-25 08:40:45] span_L6_s62_c1_z3_long   5022s  best 3692/4096  current 3586  kicks 73  iters 11223045 (2234/s)  best: cx 39 tof 25
[2026-09-25 08:40:55] span_L6_s62_c1_z3_long   5032s  best 3692/4096  current 3596  kicks 73  iters 11247539 (2235/s)  best: cx 39 tof 25
[2026-09-25 08:41:05] span_L6_s62_c1_z3_long   5043s  best 3692/4096  current 3592  kicks 73  iters 11271767 (2235/s)  best: cx 39 tof 25
[2026-09-25 08:41:20] span_L6_s62_c1_z3_long   5057s  best 3692/4096  current 3596  kicks 73  iters 11306360 (2235/s)  best: cx 39 tof 25
[2026-09-25 08:41:35] span_L6_s62_c1_z3_long   5072s  best 3692/4096  current 3521  kicks 74  iters 11342175 (2236/s)  best: cx 39 tof 25
[2026-09-25 08:41:45] span_L6_s62_c1_z3_long   5083s  best 3692/4096  current 3587  kicks 74  iters 11364800 (2235/s)  best: cx 39 tof 25
[2026-09-25 08:42:00] span_L6_s62_c1_z3_long   5098s  best 3692/4096  current 3601  kicks 74  iters 11397219 (2235/s)  best: cx 39 tof 25
[2026-09-25 08:42:15] span_L6_s62_c1_z3_long   5113s  best 3692/4096  current 3599  kicks 74  iters 11431518 (2235/s)  best: cx 39 tof 25
[2026-09-25 08:42:29] span_L6_s62_c1_z3_long   5127s  best 3692/4096  current 3541  kicks 75  iters 11465742 (2236/s)  best: cx 39 tof 25
[2026-09-25 08:42:39] span_L6_s62_c1_z3_long   5137s  best 3692/4096  current 3540  kicks 75  iters 11491522 (2236/s)  best: cx 39 tof 25
[2026-09-25 08:42:55] span_L6_s62_c1_z3_long   5152s  best 3692/4096  current 3562  kicks 75  iters 11530314 (2237/s)  best: cx 39 tof 25
[2026-09-25 08:43:05] span_L6_s62_c1_z3_long   5162s  best 3692/4096  current 3564  kicks 75  iters 11554882 (2238/s)  best: cx 39 tof 25
[2026-09-25 08:43:20] span_L6_s62_c1_z3_long   5177s  best 3692/4096  current 3566  kicks 75  iters 11591036 (2238/s)  best: cx 39 tof 25
[2026-09-25 08:43:30] span_L6_s62_c1_z3_long   5187s  best 3692/4096  current 3567  kicks 75  iters 11616143 (2239/s)  best: cx 39 tof 25
[2026-09-25 08:43:45] span_L6_s62_c1_z3_long   5202s  best 3692/4096  current 3520  kicks 76  iters 11654258 (2240/s)  best: cx 39 tof 25
[2026-09-25 08:44:00] span_L6_s62_c1_z3_long   5218s  best 3692/4096  current 3542  kicks 76  iters 11691665 (2240/s)  best: cx 39 tof 25
[2026-09-25 08:44:15] span_L6_s62_c1_z3_long   5233s  best 3692/4096  current 3537  kicks 76  iters 11727196 (2241/s)  best: cx 39 tof 25
[2026-09-25 08:44:30] span_L6_s62_c1_z3_long   5248s  best 3692/4096  current 3538  kicks 76  iters 11761703 (2241/s)  best: cx 39 tof 25
[2026-09-25 08:44:45] span_L6_s62_c1_z3_long   5263s  best 3692/4096  current 3499  kicks 77  iters 11799356 (2241/s)  best: cx 39 tof 25
[2026-09-25 08:44:56] span_L6_s62_c1_z3_long   5273s  best 3692/4096  current 3508  kicks 77  iters 11821974 (2241/s)  best: cx 39 tof 25
[2026-09-25 08:45:10] span_L6_s62_c1_z3_long   5288s  best 3692/4096  current 3516  kicks 77  iters 11855302 (2241/s)  best: cx 39 tof 25
[2026-09-25 08:45:25] span_L6_s62_c1_z3_long   5302s  best 3692/4096  current 3506  kicks 77  iters 11890450 (2242/s)  best: cx 39 tof 25
[2026-09-25 08:45:35] span_L6_s62_c1_z3_long   5313s  best 3692/4096  current 3501  kicks 78  iters 11915002 (2242/s)  best: cx 39 tof 25
[2026-09-25 08:45:46] span_L6_s62_c1_z3_long   5324s  best 3692/4096  current 3531  kicks 78  iters 11936579 (2242/s)  best: cx 39 tof 25
[2026-09-25 08:46:01] span_L6_s62_c1_z3_long   5339s  best 3692/4096  current 3543  kicks 78  iters 11967662 (2241/s)  best: cx 39 tof 25
[2026-09-25 08:46:16] span_L6_s62_c1_z3_long   5354s  best 3692/4096  current 3559  kicks 78  iters 11998292 (2241/s)  best: cx 39 tof 25
[2026-09-25 08:46:31] span_L6_s62_c1_z3_long   5369s  best 3692/4096  current 3555  kicks 78  iters 12028486 (2240/s)  best: cx 39 tof 25
[2026-09-25 08:46:45] span_L6_s62_c1_z3_long   5383s  best 3692/4096  current 3558  kicks 79  iters 12063201 (2241/s)  best: cx 39 tof 25
[2026-09-25 08:47:00] span_L6_s62_c1_z3_long   5398s  best 3692/4096  current 3566  kicks 79  iters 12100952 (2241/s)  best: cx 39 tof 25
[2026-09-25 08:47:15] span_L6_s62_c1_z3_long   5413s  best 3692/4096  current 3568  kicks 79  iters 12137735 (2242/s)  best: cx 39 tof 25
[2026-09-25 08:47:25] span_L6_s62_c1_z3_long   5423s  best 3692/4096  current 3570  kicks 79  iters 12163713 (2243/s)  best: cx 39 tof 25
[2026-09-25 08:47:41] span_L6_s62_c1_z3_long   5439s  best 3692/4096  current 3563  kicks 80  iters 12200706 (2243/s)  best: cx 39 tof 25
[2026-09-25 08:47:51] span_L6_s62_c1_z3_long   5449s  best 3692/4096  current 3578  kicks 80  iters 12220718 (2242/s)  best: cx 39 tof 25
[2026-09-25 08:48:01] span_L6_s62_c1_z3_long   5459s  best 3692/4096  current 3580  kicks 80  iters 12240008 (2242/s)  best: cx 39 tof 25
[2026-09-25 08:48:16] span_L6_s62_c1_z3_long   5474s  best 3692/4096  current 3591  kicks 80  iters 12269915 (2241/s)  best: cx 39 tof 25
[2026-09-25 08:48:26] span_L6_s62_c1_z3_long   5484s  best 3692/4096  current 3599  kicks 80  iters 12289310 (2240/s)  best: cx 39 tof 25
[2026-09-25 08:48:40] span_L6_s62_c1_z3_long   5498s  best 3692/4096  current 3517  kicks 81  iters 12318628 (2240/s)  best: cx 39 tof 25
[2026-09-25 08:48:55] span_L6_s62_c1_z3_long   5513s  best 3692/4096  current 3585  kicks 81  iters 12357297 (2241/s)  best: cx 39 tof 25
[2026-09-25 08:49:05] span_L6_s62_c1_z3_long   5523s  best 3692/4096  current 3598  kicks 81  iters 12383536 (2242/s)  best: cx 39 tof 25
[2026-09-25 08:49:20] span_L6_s62_c1_z3_long   5538s  best 3692/4096  current 3598  kicks 81  iters 12421643 (2243/s)  best: cx 39 tof 25
[2026-09-25 08:49:35] span_L6_s62_c1_z3_long   5553s  best 3692/4096  current 3593  kicks 81  iters 12460268 (2243/s)  best: cx 39 tof 25
[2026-09-25 08:49:45] span_L6_s62_c1_z3_long   5563s  best 3692/4096  current 3487  kicks 82  iters 12485739 (2244/s)  best: cx 39 tof 25
[2026-09-25 08:50:00] span_L6_s62_c1_z3_long   5578s  best 3692/4096  current 3536  kicks 82  iters 12522126 (2244/s)  best: cx 39 tof 25
[2026-09-25 08:50:11] span_L6_s62_c1_z3_long   5589s  best 3692/4096  current 3562  kicks 82  iters 12545120 (2244/s)  best: cx 39 tof 25
[2026-09-25 08:50:22] span_L6_s62_c1_z3_long   5600s  best 3692/4096  current 3574  kicks 82  iters 12565908 (2244/s)  best: cx 39 tof 25
[2026-09-25 08:50:36] span_L6_s62_c1_z3_long   5614s  best 3692/4096  current 3575  kicks 82  iters 12594537 (2243/s)  best: cx 39 tof 25
[2026-09-25 08:50:50] span_L6_s62_c1_z3_long   5628s  best 3692/4096  current 3533  kicks 83  iters 12626810 (2243/s)  best: cx 39 tof 25
[2026-09-25 08:51:01] span_L6_s62_c1_z3_long   5639s  best 3692/4096  current 3539  kicks 83  iters 12650680 (2243/s)  best: cx 39 tof 25
[2026-09-25 08:51:15] span_L6_s62_c1_z3_long   5653s  best 3692/4096  current 3555  kicks 83  iters 12685181 (2243/s)  best: cx 39 tof 25
[2026-09-25 08:51:26] span_L6_s62_c1_z3_long   5664s  best 3692/4096  current 3549  kicks 83  iters 12709241 (2243/s)  best: cx 39 tof 25
[2026-09-25 08:51:36] span_L6_s62_c1_z3_long   5674s  best 3692/4096  current 3557  kicks 83  iters 12731828 (2243/s)  best: cx 39 tof 25
[2026-09-25 08:51:51] span_L6_s62_c1_z3_long   5688s  best 3692/4096  current 3531  kicks 84  iters 12764635 (2243/s)  best: cx 39 tof 25
[2026-09-25 08:52:02] span_L6_s62_c1_z3_long   5700s  best 3692/4096  current 3573  kicks 84  iters 12788208 (2243/s)  best: cx 39 tof 25
[2026-09-25 08:52:16] span_L6_s62_c1_z3_long   5714s  best 3692/4096  current 3610  kicks 84  iters 12820750 (2243/s)  best: cx 39 tof 25
[2026-09-25 08:52:26] span_L6_s62_c1_z3_long   5724s  best 3692/4096  current 3611  kicks 84  iters 12843054 (2243/s)  best: cx 39 tof 25
[2026-09-25 08:52:36] span_L6_s62_c1_z3_long   5734s  best 3692/4096  current 3610  kicks 84  iters 12865696 (2243/s)  best: cx 39 tof 25
[2026-09-25 08:52:51] span_L6_s62_c1_z3_long   5749s  best 3692/4096  current 3540  kicks 85  iters 12897734 (2243/s)  best: cx 39 tof 25
[2026-09-25 08:53:06] span_L6_s62_c1_z3_long   5763s  best 3692/4096  current 3587  kicks 85  iters 12934768 (2244/s)  best: cx 39 tof 25
[2026-09-25 08:53:20] span_L6_s62_c1_z3_long   5778s  best 3692/4096  current 3590  kicks 85  iters 12972989 (2245/s)  best: cx 39 tof 25
[2026-09-25 08:53:31] span_L6_s62_c1_z3_long   5789s  best 3692/4096  current 3596  kicks 85  iters 12998451 (2245/s)  best: cx 39 tof 25
[2026-09-25 08:53:46] span_L6_s62_c1_z3_long   5804s  best 3692/4096  current 3601  kicks 85  iters 13035227 (2245/s)  best: cx 39 tof 25
[2026-09-25 08:54:01] span_L6_s62_c1_z3_long   5819s  best 3692/4096  current 3554  kicks 86  iters 13071434 (2246/s)  best: cx 39 tof 25
[2026-09-25 08:54:11] span_L6_s62_c1_z3_long   5829s  best 3692/4096  current 3564  kicks 86  iters 13094829 (2246/s)  best: cx 39 tof 25
[2026-09-25 08:54:26] span_L6_s62_c1_z3_long   5844s  best 3692/4096  current 3595  kicks 86  iters 13129648 (2246/s)  best: cx 39 tof 25
[2026-09-25 08:54:36] span_L6_s62_c1_z3_long   5854s  best 3692/4096  current 3601  kicks 86  iters 13151798 (2246/s)  best: cx 39 tof 25
[2026-09-25 08:54:46] span_L6_s62_c1_z3_long   5864s  best 3692/4096  current 3618  kicks 86  iters 13173858 (2246/s)  best: cx 39 tof 25
[2026-09-25 08:55:01] span_L6_s62_c1_z3_long   5879s  best 3692/4096  current 3548  kicks 87  iters 13206282 (2246/s)  best: cx 39 tof 25
[2026-09-25 08:55:11] span_L6_s62_c1_z3_long   5889s  best 3692/4096  current 3582  kicks 87  iters 13229486 (2246/s)  best: cx 39 tof 25
[2026-09-25 08:55:22] span_L6_s62_c1_z3_long   5900s  best 3692/4096  current 3612  kicks 87  iters 13252033 (2246/s)  best: cx 39 tof 25
[2026-09-25 08:55:32] span_L6_s62_c1_z3_long   5910s  best 3692/4096  current 3623  kicks 87  iters 13272596 (2245/s)  best: cx 39 tof 25
[2026-09-25 08:55:47] span_L6_s62_c1_z3_long   5925s  best 3692/4096  current 3620  kicks 87  iters 13303332 (2245/s)  best: cx 39 tof 25
[2026-09-25 08:56:00] span_L6_s62_c1_z3_long   5938s  best 3692/4096  current 3528  kicks 88  iters 13336814 (2245/s)  best: cx 39 tof 25
[2026-09-25 08:56:11] span_L6_s62_c1_z3_long   5949s  best 3692/4096  current 3538  kicks 88  iters 13363795 (2246/s)  best: cx 39 tof 25
[2026-09-25 08:56:25] span_L6_s62_c1_z3_long   5963s  best 3692/4096  current 3582  kicks 88  iters 13404163 (2248/s)  best: cx 39 tof 25
[2026-09-25 08:56:40] span_L6_s62_c1_z3_long   5977s  best 3692/4096  current 3586  kicks 88  iters 13450920 (2250/s)  best: cx 39 tof 25
[2026-09-25 08:56:50] span_L6_s62_c1_z3_long   5988s  best 3692/4096  current 3588  kicks 88  iters 13483039 (2251/s)  best: cx 39 tof 25
[2026-09-25 08:57:02] span_L6_s62_c1_z3_long   6000s  best 3692/4096  current 3577  kicks 89  iters 13515106 (2252/s)  best: cx 39 tof 25
[2026-09-25 08:57:13] span_L6_s62_c1_z3_long   6011s  best 3692/4096  current 3597  kicks 89  iters 13536104 (2252/s)  best: cx 39 tof 25
[2026-09-25 08:57:23] span_L6_s62_c1_z3_long   6021s  best 3692/4096  current 3605  kicks 89  iters 13555216 (2251/s)  best: cx 39 tof 25
[2026-09-25 08:57:38] span_L6_s62_c1_z3_long   6035s  best 3692/4096  current 3608  kicks 89  iters 13585152 (2250/s)  best: cx 39 tof 25
[2026-09-25 08:57:48] span_L6_s62_c1_z3_long   6046s  best 3692/4096  current 3616  kicks 89  iters 13604642 (2250/s)  best: cx 39 tof 25
[2026-09-25 08:57:58] span_L6_s62_c1_z3_long   6056s  best 3692/4096  current 3613  kicks 89  iters 13623715 (2249/s)  best: cx 39 tof 25
[2026-09-25 08:58:12] span_L6_s62_c1_z3_long   6070s  best 3692/4096  current 3574  kicks 90  iters 13654511 (2249/s)  best: cx 39 tof 25
[2026-09-25 08:58:23] span_L6_s62_c1_z3_long   6081s  best 3692/4096  current 3588  kicks 90  iters 13675324 (2249/s)  best: cx 39 tof 25
[2026-09-25 08:58:33] span_L6_s62_c1_z3_long   6091s  best 3692/4096  current 3613  kicks 90  iters 13694798 (2248/s)  best: cx 39 tof 25
[2026-09-25 08:58:48] span_L6_s62_c1_z3_long   6106s  best 3692/4096  current 3618  kicks 90  iters 13723768 (2247/s)  best: cx 39 tof 25
[2026-09-25 08:59:03] span_L6_s62_c1_z3_long   6121s  best 3692/4096  current 3626  kicks 90  iters 13753990 (2247/s)  best: cx 39 tof 25
[2026-09-25 08:59:17] span_L6_s62_c1_z3_long   6135s  best 3692/4096  current 3498  kicks 91  iters 13786271 (2247/s)  best: cx 39 tof 25
[2026-09-25 08:59:27] span_L6_s62_c1_z3_long   6145s  best 3692/4096  current 3504  kicks 91  iters 13808174 (2247/s)  best: cx 39 tof 25
[2026-09-25 08:59:37] span_L6_s62_c1_z3_long   6155s  best 3692/4096  current 3507  kicks 91  iters 13829666 (2246/s)  best: cx 39 tof 25
[2026-09-25 08:59:52] span_L6_s62_c1_z3_long   6170s  best 3692/4096  current 3508  kicks 91  iters 13862225 (2246/s)  best: cx 39 tof 25
[2026-09-25 09:00:02] span_L6_s62_c1_z3_long   6180s  best 3692/4096  current 3515  kicks 91  iters 13884594 (2246/s)  best: cx 39 tof 25
[2026-09-25 09:00:17] span_L6_s62_c1_z3_long   6195s  best 3692/4096  current 3552  kicks 92  iters 13918557 (2246/s)  best: cx 39 tof 25
[2026-09-25 09:00:27] span_L6_s62_c1_z3_long   6205s  best 3692/4096  current 3550  kicks 92  iters 13940990 (2246/s)  best: cx 39 tof 25
[2026-09-25 09:00:43] span_L6_s62_c1_z3_long   6220s  best 3692/4096  current 3580  kicks 92  iters 13974976 (2246/s)  best: cx 39 tof 25
[2026-09-25 09:00:53] span_L6_s62_c1_z3_long   6230s  best 3692/4096  current 3588  kicks 92  iters 13996588 (2246/s)  best: cx 39 tof 25
[2026-09-25 09:01:07] span_L6_s62_c1_z3_long   6245s  best 3692/4096  current 3588  kicks 92  iters 14029533 (2246/s)  best: cx 39 tof 25
[2026-09-25 09:01:18] span_L6_s62_c1_z3_long   6256s  best 3692/4096  current 3560  kicks 93  iters 14051950 (2246/s)  best: cx 39 tof 25
[2026-09-25 09:01:33] span_L6_s62_c1_z3_long   6270s  best 3692/4096  current 3589  kicks 93  iters 14083205 (2246/s)  best: cx 39 tof 25
[2026-09-25 09:01:48] span_L6_s62_c1_z3_long   6285s  best 3692/4096  current 3627  kicks 93  iters 14116237 (2245/s)  best: cx 39 tof 25
[2026-09-25 09:01:58] span_L6_s62_c1_z3_long   6296s  best 3692/4096  current 3629  kicks 93  iters 14138181 (2245/s)  best: cx 39 tof 25
[2026-09-25 09:02:13] span_L6_s62_c1_z3_long   6310s  best 3692/4096  current 3625  kicks 93  iters 14169925 (2245/s)  best: cx 39 tof 25
[2026-09-25 09:02:23] span_L6_s62_c1_z3_long   6321s  best 3692/4096  current 3597  kicks 94  iters 14191354 (2245/s)  best: cx 39 tof 25
[2026-09-25 09:02:33] span_L6_s62_c1_z3_long   6331s  best 3692/4096  current 3610  kicks 94  iters 14211764 (2244/s)  best: cx 39 tof 25
[2026-09-25 09:02:43] span_L6_s62_c1_z3_long   6341s  best 3692/4096  current 3612  kicks 94  iters 14231124 (2244/s)  best: cx 39 tof 25
[2026-09-25 09:02:58] span_L6_s62_c1_z3_long   6356s  best 3692/4096  current 3613  kicks 94  iters 14260698 (2243/s)  best: cx 39 tof 25
[2026-09-25 09:03:13] span_L6_s62_c1_z3_long   6371s  best 3692/4096  current 3625  kicks 94  iters 14290565 (2243/s)  best: cx 39 tof 25
[2026-09-25 09:03:27] span_L6_s62_c1_z3_long   6385s  best 3692/4096  current 3536  kicks 95  iters 14325654 (2243/s)  best: cx 39 tof 25
[2026-09-25 09:03:42] span_L6_s62_c1_z3_long   6400s  best 3692/4096  current 3552  kicks 95  iters 14363518 (2244/s)  best: cx 39 tof 25
[2026-09-25 09:03:52] span_L6_s62_c1_z3_long   6410s  best 3692/4096  current 3558  kicks 95  iters 14390612 (2245/s)  best: cx 39 tof 25
[2026-09-25 09:04:08] span_L6_s62_c1_z3_long   6425s  best 3692/4096  current 3562  kicks 95  iters 14430488 (2245/s)  best: cx 39 tof 25
[2026-09-25 09:04:18] span_L6_s62_c1_z3_long   6435s  best 3692/4096  current 3564  kicks 95  iters 14453988 (2246/s)  best: cx 39 tof 25
[2026-09-25 09:04:28] span_L6_s62_c1_z3_long   6446s  best 3692/4096  current 3561  kicks 96  iters 14475929 (2245/s)  best: cx 39 tof 25
[2026-09-25 09:04:39] span_L6_s62_c1_z3_long   6457s  best 3692/4096  current 3583  kicks 96  iters 14496045 (2245/s)  best: cx 39 tof 25
[2026-09-25 09:04:49] span_L6_s62_c1_z3_long   6467s  best 3692/4096  current 3582  kicks 96  iters 14514529 (2244/s)  best: cx 39 tof 25
[2026-09-25 09:05:03] span_L6_s62_c1_z3_long   6481s  best 3692/4096  current 3583  kicks 96  iters 14543764 (2243/s)  best: cx 39 tof 25
[2026-09-25 09:05:13] span_L6_s62_c1_z3_long   6491s  best 3692/4096  current 3600  kicks 96  iters 14563583 (2243/s)  best: cx 39 tof 25
[2026-09-25 09:05:28] span_L6_s62_c1_z3_long   6506s  best 3692/4096  current 3557  kicks 97  iters 14594985 (2243/s)  best: cx 39 tof 25
[2026-09-25 09:05:43] span_L6_s62_c1_z3_long   6521s  best 3692/4096  current 3568  kicks 97  iters 14628448 (2243/s)  best: cx 39 tof 25
[2026-09-25 09:05:58] span_L6_s62_c1_z3_long   6535s  best 3692/4096  current 3581  kicks 97  iters 14663000 (2243/s)  best: cx 39 tof 25
[2026-09-25 09:06:08] span_L6_s62_c1_z3_long   6545s  best 3692/4096  current 3579  kicks 97  iters 14686945 (2243/s)  best: cx 39 tof 25
[2026-09-25 09:06:23] span_L6_s62_c1_z3_long   6560s  best 3692/4096  current 3580  kicks 97  iters 14723874 (2244/s)  best: cx 39 tof 25
[2026-09-25 09:06:33] span_L6_s62_c1_z3_long   6571s  best 3692/4096  current 3529  kicks 98  iters 14747449 (2244/s)  best: cx 39 tof 25
[2026-09-25 09:06:48] span_L6_s62_c1_z3_long   6585s  best 3692/4096  current 3557  kicks 98  iters 14781852 (2244/s)  best: cx 39 tof 25
[2026-09-25 09:07:02] span_L6_s62_c1_z3_long   6600s  best 3692/4096  current 3584  kicks 98  iters 14818769 (2245/s)  best: cx 39 tof 25
[2026-09-25 09:07:12] span_L6_s62_c1_z3_long   6610s  best 3692/4096  current 3597  kicks 98  iters 14844982 (2245/s)  best: cx 39 tof 25
[2026-09-25 09:07:22] span_L6_s62_c1_z3_long   6620s  best 3692/4096  current 3599  kicks 98  iters 14870536 (2246/s)  best: cx 39 tof 25
[2026-09-25 09:07:32] span_L6_s62_c1_z3_long   6630s  best 3692/4096  current 3555  kicks 99  iters 14895236 (2246/s)  best: cx 39 tof 25
[2026-09-25 09:07:43] span_L6_s62_c1_z3_long   6641s  best 3692/4096  current 3594  kicks 99  iters 14919180 (2246/s)  best: cx 39 tof 25
[2026-09-25 09:07:53] span_L6_s62_c1_z3_long   6651s  best 3692/4096  current 3592  kicks 99  iters 14940985 (2246/s)  best: cx 39 tof 25
[2026-09-25 09:08:08] span_L6_s62_c1_z3_long   6666s  best 3692/4096  current 3600  kicks 99  iters 14973594 (2246/s)  best: cx 39 tof 25
[2026-09-25 09:08:18] span_L6_s62_c1_z3_long   6676s  best 3692/4096  current 3600  kicks 99  iters 14995279 (2246/s)  best: cx 39 tof 25
[2026-09-25 09:08:33] span_L6_s62_c1_z3_long   6690s  best 3692/4096  current 3505  kicks 100  iters 15027473 (2246/s)  best: cx 39 tof 25
[2026-09-25 09:08:47] span_L6_s62_c1_z3_long   6705s  best 3692/4096  current 3534  kicks 100  iters 15066684 (2247/s)  best: cx 39 tof 25
[2026-09-25 09:09:03] span_L6_s62_c1_z3_long   6720s  best 3692/4096  current 3539  kicks 100  iters 15105910 (2247/s)  best: cx 39 tof 25
[2026-09-25 09:09:17] span_L6_s62_c1_z3_long   6735s  best 3692/4096  current 3556  kicks 100  iters 15144083 (2248/s)  best: cx 39 tof 25
[2026-09-25 09:09:32] span_L6_s62_c1_z3_long   6750s  best 3692/4096  current 3550  kicks 100  iters 15183068 (2249/s)  best: cx 39 tof 25
[2026-09-25 09:09:44] span_L6_s62_c1_z3_long   6762s  best 3692/4096  current 3598  kicks 101  iters 15207952 (2249/s)  best: cx 39 tof 25
[2026-09-25 09:09:58] span_L6_s62_c1_z3_long   6776s  best 3692/4096  current 3608  kicks 101  iters 15238373 (2248/s)  best: cx 39 tof 25
[2026-09-25 09:10:09] span_L6_s62_c1_z3_long   6786s  best 3692/4096  current 3613  kicks 101  iters 15259962 (2248/s)  best: cx 39 tof 25
[2026-09-25 09:10:23] span_L6_s62_c1_z3_long   6801s  best 3692/4096  current 3612  kicks 101  iters 15292424 (2248/s)  best: cx 39 tof 25
[2026-09-25 09:10:34] span_L6_s62_c1_z3_long   6811s  best 3692/4096  current 3629  kicks 101  iters 15314383 (2248/s)  best: cx 39 tof 25
[2026-09-25 09:10:49] span_L6_s62_c1_z3_long   6827s  best 3692/4096  current 3543  kicks 102  iters 15348490 (2248/s)  best: cx 39 tof 25
[2026-09-25 09:11:04] span_L6_s62_c1_z3_long   6841s  best 3692/4096  current 3552  kicks 102  iters 15380712 (2248/s)  best: cx 39 tof 25
[2026-09-25 09:11:14] span_L6_s62_c1_z3_long   6851s  best 3692/4096  current 3551  kicks 102  iters 15402428 (2248/s)  best: cx 39 tof 25
[2026-09-25 09:11:28] span_L6_s62_c1_z3_long   6866s  best 3692/4096  current 3559  kicks 102  iters 15435927 (2248/s)  best: cx 39 tof 25
[2026-09-25 09:11:38] span_L6_s62_c1_z3_long   6876s  best 3692/4096  current 3558  kicks 102  iters 15458965 (2248/s)  best: cx 39 tof 25
[2026-09-25 09:11:48] span_L6_s62_c1_z3_long   6886s  best 3692/4096  current 3558  kicks 103  iters 15481461 (2248/s)  best: cx 39 tof 25
[2026-09-25 09:12:04] span_L6_s62_c1_z3_long   6901s  best 3692/4096  current 3585  kicks 103  iters 15515447 (2248/s)  best: cx 39 tof 25
[2026-09-25 09:12:14] span_L6_s62_c1_z3_long   6911s  best 3692/4096  current 3597  kicks 103  iters 15538266 (2248/s)  best: cx 39 tof 25
[2026-09-25 09:12:24] span_L6_s62_c1_z3_long   6921s  best 3692/4096  current 3602  kicks 103  iters 15560044 (2248/s)  best: cx 39 tof 25
[2026-09-25 09:12:34] span_L6_s62_c1_z3_long   6931s  best 3692/4096  current 3602  kicks 103  iters 15582264 (2248/s)  best: cx 39 tof 25
[2026-09-25 09:12:48] span_L6_s62_c1_z3_long   6946s  best 3692/4096  current 3582  kicks 104  iters 15616609 (2248/s)  best: cx 39 tof 25
[2026-09-25 09:13:03] span_L6_s62_c1_z3_long   6961s  best 3692/4096  current 3622  kicks 104  iters 15653682 (2248/s)  best: cx 39 tof 25
[2026-09-25 09:13:13] span_L6_s62_c1_z3_long   6971s  best 3692/4096  current 3629  kicks 104  iters 15677208 (2248/s)  best: cx 39 tof 25
[2026-09-25 09:13:28] span_L6_s62_c1_z3_long   6986s  best 3692/4096  current 3632  kicks 104  iters 15712961 (2249/s)  best: cx 39 tof 25
[2026-09-25 09:13:38] span_L6_s62_c1_z3_long   6996s  best 3692/4096  current 3634  kicks 104  iters 15736933 (2249/s)  best: cx 39 tof 25
[2026-09-25 09:13:52] span_L6_s62_c1_z3_long   7010s  best 3692/4096  current 3552  kicks 105  iters 15774352 (2250/s)  best: cx 39 tof 25
[2026-09-25 09:14:03] span_L6_s62_c1_z3_long   7021s  best 3692/4096  current 3560  kicks 105  iters 15802228 (2250/s)  best: cx 39 tof 25
[2026-09-25 09:14:18] span_L6_s62_c1_z3_long   7036s  best 3692/4096  current 3606  kicks 105  iters 15840004 (2251/s)  best: cx 39 tof 25
[2026-09-25 09:14:33] span_L6_s62_c1_z3_long   7051s  best 3692/4096  current 3610  kicks 105  iters 15876592 (2251/s)  best: cx 39 tof 25
[2026-09-25 09:14:43] span_L6_s62_c1_z3_long   7061s  best 3692/4096  current 3616  kicks 105  iters 15901383 (2252/s)  best: cx 39 tof 25
[2026-09-25 09:14:54] span_L6_s62_c1_z3_long   7072s  best 3692/4096  current 3545  kicks 106  iters 15926773 (2252/s)  best: cx 39 tof 25
[2026-09-25 09:15:04] span_L6_s62_c1_z3_long   7082s  best 3692/4096  current 3629  kicks 106  iters 15948758 (2252/s)  best: cx 39 tof 25
[2026-09-25 09:15:14] span_L6_s62_c1_z3_long   7092s  best 3693/4096  current 3691  kicks 106  iters 15969760 (2251/s)  best: cx 37 tof 23
[2026-09-25 09:15:25] span_L6_s62_c1_z3_long   7102s  best 3695/4096  current 3694  kicks 106  iters 15989807 (2251/s)  best: cx 35 tof 22
[2026-09-25 09:15:40] span_L6_s62_c1_z3_long   7117s  best 3695/4096  current 3690  kicks 106  iters 16019534 (2250/s)  best: cx 35 tof 22
[2026-09-25 09:15:50] span_L6_s62_c1_z3_long   7128s  best 3698/4096  current 3697  kicks 106  iters 16038805 (2250/s)  best: cx 34 tof 25
[2026-09-25 09:16:05] span_L6_s62_c1_z3_long   7143s  best 3708/4096  current 3708  kicks 106  iters 16066766 (2249/s)  best: cx 33 tof 25
[2026-09-25 09:16:15] span_L6_s62_c1_z3_long   7153s  best 3708/4096  current 3704  kicks 106  iters 16084925 (2248/s)  best: cx 33 tof 25
[2026-09-25 09:16:25] span_L6_s62_c1_z3_long   7163s  best 3708/4096  current 3702  kicks 106  iters 16102629 (2248/s)  best: cx 33 tof 25
[2026-09-25 09:16:40] span_L6_s62_c1_z3_long   7178s  best 3708/4096  current 3707  kicks 106  iters 16129650 (2247/s)  best: cx 33 tof 25
[2026-09-25 09:16:50] span_L6_s62_c1_z3_long   7188s  best 3720/4096  current 3720  kicks 106  iters 16147283 (2246/s)  best: cx 33 tof 23
[2026-09-25 09:17:05] span_L6_s62_c1_z3_long   7203s  best 3727/4096  current 3723  kicks 106  iters 16173069 (2245/s)  best: cx 35 tof 25
[2026-09-25 09:17:20] span_L6_s62_c1_z3_long   7218s  best 3736/4096  current 3731  kicks 106  iters 16199575 (2244/s)  best: cx 35 tof 26
[2026-09-25 09:17:35] span_L6_s62_c1_z3_long   7233s  best 3736/4096  current 3733  kicks 106  iters 16226110 (2243/s)  best: cx 35 tof 26
[2026-09-25 09:17:45] span_L6_s62_c1_z3_long   7243s  best 3736/4096  current 3731  kicks 106  iters 16244004 (2242/s)  best: cx 35 tof 26
[2026-09-25 09:18:00] span_L6_s62_c1_z3_long   7258s  best 3736/4096  current 3733  kicks 106  iters 16271218 (2241/s)  best: cx 35 tof 26
[2026-09-25 09:18:10] span_L6_s62_c1_z3_long   7268s  best 3736/4096  current 3733  kicks 106  iters 16289596 (2241/s)  best: cx 35 tof 26
[2026-09-25 09:18:24] span_L6_s62_c1_z3_long   7282s  best 3736/4096  current 3601  kicks 107  iters 16316136 (2240/s)  best: cx 35 tof 26
[2026-09-25 09:18:39] span_L6_s62_c1_z3_long   7297s  best 3736/4096  current 3618  kicks 107  iters 16350584 (2240/s)  best: cx 35 tof 26
[2026-09-25 09:18:54] span_L6_s62_c1_z3_long   7312s  best 3736/4096  current 3619  kicks 107  iters 16384648 (2240/s)  best: cx 35 tof 26
[2026-09-25 09:19:09] span_L6_s62_c1_z3_long   7327s  best 3736/4096  current 3626  kicks 107  iters 16419156 (2240/s)  best: cx 35 tof 26
[2026-09-25 09:19:19] span_L6_s62_c1_z3_long   7337s  best 3736/4096  current 3630  kicks 107  iters 16442381 (2241/s)  best: cx 35 tof 26
[2026-09-25 09:19:34] span_L6_s62_c1_z3_long   7352s  best 3736/4096  current 3574  kicks 108  iters 16477105 (2241/s)  best: cx 35 tof 26
[2026-09-25 09:19:50] span_L6_s62_c1_z3_long   7367s  best 3736/4096  current 3594  kicks 108  iters 16511714 (2241/s)  best: cx 35 tof 26
[2026-09-25 09:20:00] span_L6_s62_c1_z3_long   7378s  best 3736/4096  current 3597  kicks 108  iters 16533252 (2241/s)  best: cx 35 tof 26
[2026-09-25 09:20:10] span_L6_s62_c1_z3_long   7388s  best 3736/4096  current 3609  kicks 108  iters 16553696 (2240/s)  best: cx 35 tof 26
[2026-09-25 09:20:25] span_L6_s62_c1_z3_long   7402s  best 3736/4096  current 3611  kicks 108  iters 16585949 (2240/s)  best: cx 35 tof 26
[2026-09-25 09:20:35] span_L6_s62_c1_z3_long   7413s  best 3736/4096  current 3594  kicks 109  iters 16606796 (2240/s)  best: cx 35 tof 26
[2026-09-25 09:20:50] span_L6_s62_c1_z3_long   7427s  best 3736/4096  current 3606  kicks 109  iters 16637327 (2240/s)  best: cx 35 tof 26
[2026-09-25 09:21:00] span_L6_s62_c1_z3_long   7437s  best 3736/4096  current 3611  kicks 109  iters 16659475 (2239/s)  best: cx 35 tof 26
[2026-09-25 09:21:10] span_L6_s62_c1_z3_long   7447s  best 3736/4096  current 3602  kicks 109  iters 16680455 (2239/s)  best: cx 35 tof 26
[2026-09-25 09:21:25] span_L6_s62_c1_z3_long   7463s  best 3736/4096  current 3615  kicks 109  iters 16713045 (2239/s)  best: cx 35 tof 26
[2026-09-25 09:21:40] span_L6_s62_c1_z3_long   7478s  best 3736/4096  current 3617  kicks 110  iters 16744968 (2239/s)  best: cx 35 tof 26
[2026-09-25 09:21:54] span_L6_s62_c1_z3_long   7492s  best 3736/4096  current 3636  kicks 110  iters 16777486 (2239/s)  best: cx 35 tof 26
[2026-09-25 09:22:04] span_L6_s62_c1_z3_long   7502s  best 3736/4096  current 3633  kicks 110  iters 16801155 (2239/s)  best: cx 35 tof 26
[2026-09-25 09:22:19] span_L6_s62_c1_z3_long   7517s  best 3736/4096  current 3635  kicks 110  iters 16836781 (2239/s)  best: cx 35 tof 26
[2026-09-25 09:22:29] span_L6_s62_c1_z3_long   7527s  best 3736/4096  current 3654  kicks 110  iters 16861313 (2240/s)  best: cx 35 tof 26
[2026-09-25 09:22:40] span_L6_s62_c1_z3_long   7538s  best 3736/4096  current 3559  kicks 111  iters 16885498 (2240/s)  best: cx 35 tof 26
[2026-09-25 09:22:55] span_L6_s62_c1_z3_long   7552s  best 3736/4096  current 3555  kicks 111  iters 16918768 (2240/s)  best: cx 35 tof 26
[2026-09-25 09:23:09] span_L6_s62_c1_z3_long   7567s  best 3736/4096  current 3581  kicks 111  iters 16953261 (2240/s)  best: cx 35 tof 26
[2026-09-25 09:23:24] span_L6_s62_c1_z3_long   7582s  best 3736/4096  current 3571  kicks 111  iters 16990487 (2240/s)  best: cx 35 tof 26
[2026-09-25 09:23:40] span_L6_s62_c1_z3_long   7598s  best 3736/4096  current 3581  kicks 112  iters 17028514 (2241/s)  best: cx 35 tof 26
[2026-09-25 09:23:54] span_L6_s62_c1_z3_long   7612s  best 3736/4096  current 3611  kicks 112  iters 17062175 (2241/s)  best: cx 35 tof 26
[2026-09-25 09:24:05] span_L6_s62_c1_z3_long   7622s  best 3736/4096  current 3612  kicks 112  iters 17084999 (2241/s)  best: cx 35 tof 26
[2026-09-25 09:24:15] span_L6_s62_c1_z3_long   7633s  best 3736/4096  current 3628  kicks 112  iters 17106802 (2241/s)  best: cx 35 tof 26
[2026-09-25 09:24:25] span_L6_s62_c1_z3_long   7643s  best 3736/4096  current 3632  kicks 112  iters 17127638 (2240/s)  best: cx 35 tof 26
[2026-09-25 09:24:35] span_L6_s62_c1_z3_long   7653s  best 3736/4096  current 3625  kicks 112  iters 17148608 (2240/s)  best: cx 35 tof 26
[2026-09-25 09:24:49] span_L6_s62_c1_z3_long   7667s  best 3736/4096  current 3601  kicks 113  iters 17183028 (2241/s)  best: cx 35 tof 26
[2026-09-25 09:25:04] span_L6_s62_c1_z3_long   7682s  best 3736/4096  current 3594  kicks 113  iters 17220368 (2241/s)  best: cx 35 tof 26
[2026-09-25 09:25:15] span_L6_s62_c1_z3_long   7693s  best 3736/4096  current 3602  kicks 113  iters 17243623 (2241/s)  best: cx 35 tof 26
[2026-09-25 09:25:30] span_L6_s62_c1_z3_long   7708s  best 3736/4096  current 3613  kicks 113  iters 17276356 (2241/s)  best: cx 35 tof 26
[2026-09-25 09:25:40] span_L6_s62_c1_z3_long   7718s  best 3736/4096  current 3613  kicks 113  iters 17298494 (2241/s)  best: cx 35 tof 26
[2026-09-25 09:25:55] span_L6_s62_c1_z3_long   7733s  best 3736/4096  current 3512  kicks 114  iters 17333270 (2241/s)  best: cx 35 tof 26
[2026-09-25 09:26:05] span_L6_s62_c1_z3_long   7743s  best 3736/4096  current 3514  kicks 114  iters 17356108 (2241/s)  best: cx 35 tof 26
[2026-09-25 09:26:19] span_L6_s62_c1_z3_long   7757s  best 3736/4096  current 3533  kicks 114  iters 17391615 (2242/s)  best: cx 35 tof 26
[2026-09-25 09:26:34] span_L6_s62_c1_z3_long   7772s  best 3736/4096  current 3532  kicks 114  iters 17431863 (2242/s)  best: cx 35 tof 26
[2026-09-25 09:26:44] span_L6_s62_c1_z3_long   7782s  best 3736/4096  current 3532  kicks 114  iters 17459151 (2243/s)  best: cx 35 tof 26
[2026-09-25 09:26:55] span_L6_s62_c1_z3_long   7793s  best 3736/4096  current 3581  kicks 115  iters 17483126 (2243/s)  best: cx 35 tof 26
[2026-09-25 09:27:10] span_L6_s62_c1_z3_long   7808s  best 3736/4096  current 3586  kicks 115  iters 17516032 (2243/s)  best: cx 35 tof 26
[2026-09-25 09:27:21] span_L6_s62_c1_z3_long   7819s  best 3736/4096  current 3585  kicks 115  iters 17537531 (2243/s)  best: cx 35 tof 26
[2026-09-25 09:27:31] span_L6_s62_c1_z3_long   7829s  best 3736/4096  current 3599  kicks 115  iters 17557327 (2242/s)  best: cx 35 tof 26
[2026-09-25 09:27:46] span_L6_s62_c1_z3_long   7844s  best 3736/4096  current 3610  kicks 115  iters 17587175 (2242/s)  best: cx 35 tof 26
[2026-09-25 09:28:00] span_L6_s62_c1_z3_long   7858s  best 3736/4096  current 3556  kicks 116  iters 17620070 (2242/s)  best: cx 35 tof 26
[2026-09-25 09:28:10] span_L6_s62_c1_z3_long   7868s  best 3736/4096  current 3559  kicks 116  iters 17642542 (2242/s)  best: cx 35 tof 26
[2026-09-25 09:28:21] span_L6_s62_c1_z3_long   7878s  best 3736/4096  current 3563  kicks 116  iters 17664195 (2242/s)  best: cx 35 tof 26
[2026-09-25 09:28:31] span_L6_s62_c1_z3_long   7889s  best 3736/4096  current 3561  kicks 116  iters 17685407 (2241/s)  best: cx 35 tof 26
[2026-09-25 09:28:45] span_L6_s62_c1_z3_long   7903s  best 3736/4096  current 3570  kicks 116  iters 17716871 (2241/s)  best: cx 35 tof 26
[2026-09-25 09:29:00] span_L6_s62_c1_z3_long   7918s  best 3736/4096  current 3576  kicks 117  iters 17749813 (2241/s)  best: cx 35 tof 26
[2026-09-25 09:29:10] span_L6_s62_c1_z3_long   7928s  best 3736/4096  current 3587  kicks 117  iters 17774552 (2242/s)  best: cx 35 tof 26
[2026-09-25 09:29:20] span_L6_s62_c1_z3_long   7938s  best 3736/4096  current 3592  kicks 117  iters 17798556 (2242/s)  best: cx 35 tof 26
[2026-09-25 09:29:35] span_L6_s62_c1_z3_long   7953s  best 3736/4096  current 3588  kicks 117  iters 17833240 (2242/s)  best: cx 35 tof 26
[2026-09-25 09:29:45] span_L6_s62_c1_z3_long   7963s  best 3736/4096  current 3589  kicks 117  iters 17855683 (2242/s)  best: cx 35 tof 26
[2026-09-25 09:29:56] span_L6_s62_c1_z3_long   7974s  best 3736/4096  current 3589  kicks 117  iters 17878180 (2242/s)  best: cx 35 tof 26
[2026-09-25 09:30:10] span_L6_s62_c1_z3_long   7988s  best 3736/4096  current 3577  kicks 118  iters 17912229 (2242/s)  best: cx 35 tof 26
[2026-09-25 09:30:25] span_L6_s62_c1_z3_long   8003s  best 3736/4096  current 3599  kicks 118  iters 17949079 (2242/s)  best: cx 35 tof 26
[2026-09-25 09:30:40] span_L6_s62_c1_z3_long   8018s  best 3736/4096  current 3637  kicks 118  iters 17982846 (2242/s)  best: cx 35 tof 26
[2026-09-25 09:30:51] span_L6_s62_c1_z3_long   8028s  best 3736/4096  current 3632  kicks 118  iters 18005175 (2242/s)  best: cx 35 tof 26
[2026-09-25 09:31:05] span_L6_s62_c1_z3_long   8043s  best 3736/4096  current 3581  kicks 119  iters 18038558 (2242/s)  best: cx 35 tof 26
[2026-09-25 09:31:16] span_L6_s62_c1_z3_long   8053s  best 3736/4096  current 3606  kicks 119  iters 18063408 (2242/s)  best: cx 35 tof 26
[2026-09-25 09:31:30] span_L6_s62_c1_z3_long   8068s  best 3736/4096  current 3621  kicks 119  iters 18096119 (2242/s)  best: cx 35 tof 26
[2026-09-25 09:31:45] span_L6_s62_c1_z3_long   8083s  best 3736/4096  current 3633  kicks 119  iters 18132106 (2243/s)  best: cx 35 tof 26
[2026-09-25 09:31:55] span_L6_s62_c1_z3_long   8093s  best 3736/4096  current 3629  kicks 119  iters 18156632 (2243/s)  best: cx 35 tof 26
[2026-09-25 09:32:06] span_L6_s62_c1_z3_long   8104s  best 3736/4096  current 3533  kicks 120  iters 18179692 (2243/s)  best: cx 35 tof 26
[2026-09-25 09:32:16] span_L6_s62_c1_z3_long   8114s  best 3736/4096  current 3566  kicks 120  iters 18201048 (2243/s)  best: cx 35 tof 26
[2026-09-25 09:32:26] span_L6_s62_c1_z3_long   8124s  best 3736/4096  current 3580  kicks 120  iters 18220926 (2242/s)  best: cx 35 tof 26
[2026-09-25 09:32:41] span_L6_s62_c1_z3_long   8139s  best 3736/4096  current 3599  kicks 120  iters 18250608 (2242/s)  best: cx 35 tof 26
[2026-09-25 09:32:56] span_L6_s62_c1_z3_long   8154s  best 3736/4096  current 3599  kicks 120  iters 18280495 (2241/s)  best: cx 35 tof 26
[2026-09-25 09:33:10] span_L6_s62_c1_z3_long   8168s  best 3736/4096  current 3556  kicks 121  iters 18314053 (2242/s)  best: cx 35 tof 26
[2026-09-25 09:33:25] span_L6_s62_c1_z3_long   8183s  best 3736/4096  current 3564  kicks 121  iters 18355124 (2243/s)  best: cx 35 tof 26
[2026-09-25 09:33:40] span_L6_s62_c1_z3_long   8198s  best 3736/4096  current 3568  kicks 121  iters 18396651 (2244/s)  best: cx 35 tof 26
[2026-09-25 09:33:55] span_L6_s62_c1_z3_long   8213s  best 3736/4096  current 3578  kicks 121  iters 18439035 (2245/s)  best: cx 35 tof 26
[2026-09-25 09:34:11] span_L6_s62_c1_z3_long   8229s  best 3736/4096  current 3613  kicks 122  iters 18479618 (2245/s)  best: cx 35 tof 26
[2026-09-25 09:34:26] span_L6_s62_c1_z3_long   8244s  best 3736/4096  current 3637  kicks 122  iters 18512405 (2245/s)  best: cx 35 tof 26
[2026-09-25 09:34:41] span_L6_s62_c1_z3_long   8259s  best 3736/4096  current 3634  kicks 122  iters 18544751 (2245/s)  best: cx 35 tof 26
[2026-09-25 09:34:56] span_L6_s62_c1_z3_long   8274s  best 3736/4096  current 3637  kicks 122  iters 18578041 (2245/s)  best: cx 35 tof 26
[2026-09-25 09:35:11] span_L6_s62_c1_z3_long   8288s  best 3736/4096  current 3549  kicks 123  iters 18611981 (2245/s)  best: cx 35 tof 26
[2026-09-25 09:35:21] span_L6_s62_c1_z3_long   8299s  best 3736/4096  current 3574  kicks 123  iters 18635332 (2245/s)  best: cx 35 tof 26
[2026-09-25 09:35:31] span_L6_s62_c1_z3_long   8309s  best 3736/4096  current 3584  kicks 123  iters 18656701 (2245/s)  best: cx 35 tof 26
[2026-09-25 09:35:46] span_L6_s62_c1_z3_long   8324s  best 3736/4096  current 3589  kicks 123  iters 18690154 (2245/s)  best: cx 35 tof 26
[2026-09-25 09:36:01] span_L6_s62_c1_z3_long   8339s  best 3736/4096  current 3581  kicks 123  iters 18723654 (2245/s)  best: cx 35 tof 26
[2026-09-25 09:36:15] span_L6_s62_c1_z3_long   8353s  best 3736/4096  current 3499  kicks 124  iters 18759563 (2245/s)  best: cx 35 tof 26
[2026-09-25 09:36:26] span_L6_s62_c1_z3_long   8363s  best 3736/4096  current 3501  kicks 124  iters 18784732 (2246/s)  best: cx 35 tof 26
[2026-09-25 09:36:36] span_L6_s62_c1_z3_long   8373s  best 3736/4096  current 3509  kicks 124  iters 18810363 (2246/s)  best: cx 35 tof 26
[2026-09-25 09:36:51] span_L6_s62_c1_z3_long   8389s  best 3736/4096  current 3531  kicks 124  iters 18847399 (2246/s)  best: cx 35 tof 26
[2026-09-25 09:37:02] span_L6_s62_c1_z3_long   8399s  best 3736/4096  current 3541  kicks 124  iters 18871340 (2246/s)  best: cx 35 tof 26
[2026-09-25 09:37:16] span_L6_s62_c1_z3_long   8414s  best 3736/4096  current 3541  kicks 125  iters 18904492 (2246/s)  best: cx 35 tof 26
[2026-09-25 09:37:27] span_L6_s62_c1_z3_long   8424s  best 3736/4096  current 3547  kicks 125  iters 18926357 (2246/s)  best: cx 35 tof 26
[2026-09-25 09:37:41] span_L6_s62_c1_z3_long   8439s  best 3736/4096  current 3585  kicks 125  iters 18957329 (2246/s)  best: cx 35 tof 26
[2026-09-25 09:37:52] span_L6_s62_c1_z3_long   8450s  best 3736/4096  current 3603  kicks 125  iters 18978751 (2246/s)  best: cx 35 tof 26
[2026-09-25 09:38:07] span_L6_s62_c1_z3_long   8465s  best 3736/4096  current 3614  kicks 125  iters 19009154 (2245/s)  best: cx 35 tof 26
[2026-09-25 09:38:17] span_L6_s62_c1_z3_long   8475s  best 3736/4096  current 3534  kicks 126  iters 19029878 (2245/s)  best: cx 35 tof 26
[2026-09-25 09:38:27] span_L6_s62_c1_z3_long   8485s  best 3736/4096  current 3544  kicks 126  iters 19049183 (2245/s)  best: cx 35 tof 26
[2026-09-25 09:38:42] span_L6_s62_c1_z3_long   8500s  best 3736/4096  current 3546  kicks 126  iters 19077681 (2244/s)  best: cx 35 tof 26
[2026-09-25 09:38:52] span_L6_s62_c1_z3_long   8510s  best 3736/4096  current 3546  kicks 126  iters 19097105 (2244/s)  best: cx 35 tof 26
[2026-09-25 09:39:02] span_L6_s62_c1_z3_long   8520s  best 3736/4096  current 3570  kicks 126  iters 19116784 (2243/s)  best: cx 35 tof 26
[2026-09-25 09:39:16] span_L6_s62_c1_z3_long   8534s  best 3736/4096  current 3594  kicks 127  iters 19147795 (2243/s)  best: cx 35 tof 26
[2026-09-25 09:39:31] span_L6_s62_c1_z3_long   8549s  best 3736/4096  current 3602  kicks 127  iters 19185993 (2244/s)  best: cx 35 tof 26
[2026-09-25 09:39:46] span_L6_s62_c1_z3_long   8564s  best 3736/4096  current 3604  kicks 127  iters 19223087 (2244/s)  best: cx 35 tof 26
[2026-09-25 09:39:56] span_L6_s62_c1_z3_long   8574s  best 3736/4096  current 3602  kicks 127  iters 19248643 (2244/s)  best: cx 35 tof 26
[2026-09-25 09:40:11] span_L6_s62_c1_z3_long   8589s  best 3736/4096  current 3600  kicks 127  iters 19286752 (2245/s)  best: cx 35 tof 26
[2026-09-25 09:40:22] span_L6_s62_c1_z3_long   8600s  best 3736/4096  current 3574  kicks 128  iters 19311952 (2245/s)  best: cx 35 tof 26
[2026-09-25 09:40:32] span_L6_s62_c1_z3_long   8610s  best 3736/4096  current 3581  kicks 128  iters 19335099 (2245/s)  best: cx 35 tof 26
[2026-09-25 09:40:42] span_L6_s62_c1_z3_long   8620s  best 3736/4096  current 3591  kicks 128  iters 19356711 (2245/s)  best: cx 35 tof 26
[2026-09-25 09:40:52] span_L6_s62_c1_z3_long   8630s  best 3736/4096  current 3593  kicks 128  iters 19377471 (2245/s)  best: cx 35 tof 26
[2026-09-25 09:41:03] span_L6_s62_c1_z3_long   8640s  best 3736/4096  current 3589  kicks 128  iters 19398303 (2245/s)  best: cx 35 tof 26
[2026-09-25 09:41:17] span_L6_s62_c1_z3_long   8655s  best 3736/4096  current 3561  kicks 129  iters 19428394 (2244/s)  best: cx 35 tof 26
[2026-09-25 09:41:27] span_L6_s62_c1_z3_long   8665s  best 3736/4096  current 3578  kicks 129  iters 19450590 (2244/s)  best: cx 35 tof 26
[2026-09-25 09:41:42] span_L6_s62_c1_z3_long   8680s  best 3736/4096  current 3639  kicks 129  iters 19483440 (2244/s)  best: cx 35 tof 26
[2026-09-25 09:41:52] span_L6_s62_c1_z3_long   8690s  best 3736/4096  current 3640  kicks 129  iters 19507055 (2244/s)  best: cx 35 tof 26
[2026-09-25 09:42:02] span_L6_s62_c1_z3_long   8700s  best 3736/4096  current 3638  kicks 129  iters 19530603 (2244/s)  best: cx 35 tof 26
[2026-09-25 09:42:17] span_L6_s62_c1_z3_long   8714s  best 3736/4096  current 3648  kicks 129  iters 19565823 (2245/s)  best: cx 35 tof 26
[2026-09-25 09:42:28] span_L6_s62_c1_z3_long   8726s  best 3736/4096  current 3554  kicks 130  iters 19587400 (2244/s)  best: cx 35 tof 26
[2026-09-25 09:42:38] span_L6_s62_c1_z3_long   8736s  best 3736/4096  current 3563  kicks 130  iters 19606192 (2244/s)  best: cx 35 tof 26
[2026-09-25 09:42:53] span_L6_s62_c1_z3_long   8751s  best 3736/4096  current 3609  kicks 130  iters 19634787 (2243/s)  best: cx 35 tof 26
[2026-09-25 09:43:07] span_L6_s62_c1_z3_long   8765s  best 3736/4096  current 3615  kicks 130  iters 19666131 (2243/s)  best: cx 35 tof 26
[2026-09-25 09:43:18] span_L6_s62_c1_z3_long   8776s  best 3736/4096  current 3627  kicks 130  iters 19687231 (2243/s)  best: cx 35 tof 26
[2026-09-25 09:43:32] span_L6_s62_c1_z3_long   8790s  best 3736/4096  current 3633  kicks 131  iters 19720466 (2243/s)  best: cx 35 tof 26
[2026-09-25 09:43:47] span_L6_s62_c1_z3_long   8805s  best 3736/4096  current 3634  kicks 131  iters 19754535 (2243/s)  best: cx 35 tof 26
[2026-09-25 09:43:58] span_L6_s62_c1_z3_long   8816s  best 3736/4096  current 3638  kicks 131  iters 19776554 (2243/s)  best: cx 35 tof 26
[2026-09-25 09:44:13] span_L6_s62_c1_z3_long   8831s  best 3736/4096  current 3646  kicks 131  iters 19806735 (2242/s)  best: cx 35 tof 26
[2026-09-25 09:44:28] span_L6_s62_c1_z3_long   8845s  best 3736/4096  current 3591  kicks 132  iters 19837954 (2242/s)  best: cx 35 tof 26
[2026-09-25 09:44:38] span_L6_s62_c1_z3_long   8856s  best 3736/4096  current 3597  kicks 132  iters 19860067 (2242/s)  best: cx 35 tof 26
[2026-09-25 09:44:52] span_L6_s62_c1_z3_long   8870s  best 3736/4096  current 3615  kicks 132  iters 19892158 (2242/s)  best: cx 35 tof 26
[2026-09-25 09:45:03] span_L6_s62_c1_z3_long   8880s  best 3736/4096  current 3614  kicks 132  iters 19914112 (2242/s)  best: cx 35 tof 26
[2026-09-25 09:45:13] span_L6_s62_c1_z3_long   8891s  best 3736/4096  current 3619  kicks 132  iters 19935584 (2242/s)  best: cx 35 tof 26
[2026-09-25 09:45:27] span_L6_s62_c1_z3_long   8905s  best 3736/4096  current 3532  kicks 133  iters 19967783 (2242/s)  best: cx 35 tof 26
[2026-09-25 09:45:37] span_L6_s62_c1_z3_long   8915s  best 3736/4096  current 3535  kicks 133  iters 19993072 (2242/s)  best: cx 35 tof 26
[2026-09-25 09:45:47] span_L6_s62_c1_z3_long   8925s  best 3736/4096  current 3561  kicks 133  iters 20018197 (2242/s)  best: cx 35 tof 26
[2026-09-25 09:45:57] span_L6_s62_c1_z3_long   8935s  best 3736/4096  current 3572  kicks 133  iters 20042228 (2243/s)  best: cx 35 tof 26
[2026-09-25 09:46:07] span_L6_s62_c1_z3_long   8945s  best 3736/4096  current 3583  kicks 133  iters 20065584 (2243/s)  best: cx 35 tof 26
[2026-09-25 09:46:18] span_L6_s62_c1_z3_long   8956s  best 3736/4096  current 3592  kicks 133  iters 20087956 (2243/s)  best: cx 35 tof 26
[2026-09-25 09:46:32] span_L6_s62_c1_z3_long   8970s  best 3736/4096  current 3550  kicks 134  iters 20122270 (2243/s)  best: cx 35 tof 26
[2026-09-25 09:46:42] span_L6_s62_c1_z3_long   8980s  best 3736/4096  current 3550  kicks 134  iters 20148550 (2243/s)  best: cx 35 tof 26
[2026-09-25 09:46:57] span_L6_s62_c1_z3_long   8995s  best 3736/4096  current 3562  kicks 134  iters 20186213 (2244/s)  best: cx 35 tof 26
[2026-09-25 09:47:07] span_L6_s62_c1_z3_long   9005s  best 3736/4096  current 3570  kicks 134  iters 20210590 (2244/s)  best: cx 35 tof 26
[2026-09-25 09:47:23] span_L6_s62_c1_z3_long   9020s  best 3736/4096  current 3574  kicks 134  iters 20246453 (2244/s)  best: cx 35 tof 26
[2026-09-25 09:47:38] span_L6_s62_c1_z3_long   9036s  best 3736/4096  current 3611  kicks 135  iters 20281729 (2244/s)  best: cx 35 tof 26
[2026-09-25 09:47:52] span_L6_s62_c1_z3_long   9050s  best 3736/4096  current 3619  kicks 135  iters 20316748 (2244/s)  best: cx 35 tof 26
[2026-09-25 09:48:07] span_L6_s62_c1_z3_long   9065s  best 3736/4096  current 3642  kicks 135  iters 20353998 (2245/s)  best: cx 35 tof 26
[2026-09-25 09:48:22] span_L6_s62_c1_z3_long   9080s  best 3736/4096  current 3642  kicks 135  iters 20391851 (2245/s)  best: cx 35 tof 26
[2026-09-25 09:48:33] span_L6_s62_c1_z3_long   9090s  best 3736/4096  current 3566  kicks 136  iters 20416535 (2245/s)  best: cx 35 tof 26
[2026-09-25 09:48:43] span_L6_s62_c1_z3_long   9101s  best 3736/4096  current 3596  kicks 136  iters 20439571 (2245/s)  best: cx 35 tof 26
[2026-09-25 09:48:58] span_L6_s62_c1_z3_long   9115s  best 3736/4096  current 3598  kicks 136  iters 20472926 (2245/s)  best: cx 35 tof 26
[2026-09-25 09:49:12] span_L6_s62_c1_z3_long   9130s  best 3736/4096  current 3605  kicks 136  iters 20508279 (2246/s)  best: cx 35 tof 26
[2026-09-25 09:49:23] span_L6_s62_c1_z3_long   9140s  best 3736/4096  current 3602  kicks 136  iters 20532197 (2246/s)  best: cx 35 tof 26
[2026-09-25 09:49:33] span_L6_s62_c1_z3_long   9151s  best 3736/4096  current 3624  kicks 137  iters 20555407 (2246/s)  best: cx 35 tof 26
[2026-09-25 09:49:48] span_L6_s62_c1_z3_long   9165s  best 3736/4096  current 3637  kicks 137  iters 20590738 (2246/s)  best: cx 35 tof 26
[2026-09-25 09:49:58] span_L6_s62_c1_z3_long   9175s  best 3736/4096  current 3645  kicks 137  iters 20614999 (2246/s)  best: cx 35 tof 26
[2026-09-25 09:50:08] span_L6_s62_c1_z3_long   9185s  best 3736/4096  current 3635  kicks 137  iters 20638768 (2246/s)  best: cx 35 tof 26
[2026-09-25 09:50:23] span_L6_s62_c1_z3_long   9200s  best 3736/4096  current 3639  kicks 137  iters 20676036 (2247/s)  best: cx 35 tof 26
[2026-09-25 09:50:37] span_L6_s62_c1_z3_long   9215s  best 3736/4096  current 3514  kicks 138  iters 20712688 (2247/s)  best: cx 35 tof 26
[2026-09-25 09:50:52] span_L6_s62_c1_z3_long   9230s  best 3736/4096  current 3593  kicks 138  iters 20754857 (2248/s)  best: cx 35 tof 26
[2026-09-25 09:51:02] span_L6_s62_c1_z3_long   9240s  best 3736/4096  current 3603  kicks 138  iters 20781681 (2249/s)  best: cx 35 tof 26
[2026-09-25 09:51:17] span_L6_s62_c1_z3_long   9255s  best 3736/4096  current 3611  kicks 138  iters 20821514 (2249/s)  best: cx 35 tof 26
[2026-09-25 09:51:27] span_L6_s62_c1_z3_long   9265s  best 3736/4096  current 3611  kicks 138  iters 20848417 (2250/s)  best: cx 35 tof 26
[2026-09-25 09:51:43] span_L6_s62_c1_z3_long   9281s  best 3736/4096  current 3583  kicks 139  iters 20888763 (2250/s)  best: cx 35 tof 26
[2026-09-25 09:51:53] span_L6_s62_c1_z3_long   9291s  best 3736/4096  current 3594  kicks 139  iters 20910384 (2250/s)  best: cx 35 tof 26
[2026-09-25 09:52:09] span_L6_s62_c1_z3_long   9306s  best 3736/4096  current 3647  kicks 139  iters 20942528 (2250/s)  best: cx 35 tof 26
[2026-09-25 09:52:23] span_L6_s62_c1_z3_long   9321s  best 3736/4096  current 3648  kicks 139  iters 20974587 (2250/s)  best: cx 35 tof 26
[2026-09-25 09:52:34] span_L6_s62_c1_z3_long   9331s  best 3736/4096  current 3650  kicks 139  iters 20996469 (2250/s)  best: cx 35 tof 26
[2026-09-25 09:52:44] span_L6_s62_c1_z3_long   9342s  best 3736/4096  current 3606  kicks 140  iters 21017447 (2249/s)  best: cx 35 tof 26
[2026-09-25 09:52:58] span_L6_s62_c1_z3_long   9356s  best 3736/4096  current 3605  kicks 140  iters 21052301 (2250/s)  best: cx 35 tof 26
[2026-09-25 09:53:09] span_L6_s62_c1_z3_long   9367s  best 3736/4096  current 3628  kicks 140  iters 21075641 (2249/s)  best: cx 35 tof 26
[2026-09-25 09:53:20] span_L6_s62_c1_z3_long   9377s  best 3736/4096  current 3649  kicks 140  iters 21094697 (2249/s)  best: cx 35 tof 26
[2026-09-25 09:53:30] span_L6_s62_c1_z3_long   9388s  best 3736/4096  current 3648  kicks 140  iters 21112085 (2248/s)  best: cx 35 tof 26
[2026-09-25 09:53:40] span_L6_s62_c1_z3_long   9398s  best 3736/4096  current 3676  kicks 140  iters 21128922 (2248/s)  best: cx 35 tof 26
[2026-09-25 09:53:55] span_L6_s62_c1_z3_long   9413s  best 3736/4096  current 3617  kicks 141  iters 21160142 (2247/s)  best: cx 35 tof 26
[2026-09-25 09:54:09] span_L6_s62_c1_z3_long   9427s  best 3736/4096  current 3620  kicks 141  iters 21187040 (2247/s)  best: cx 35 tof 26
[2026-09-25 09:54:25] span_L6_s62_c1_z3_long   9443s  best 3736/4096  current 3649  kicks 141  iters 21218617 (2247/s)  best: cx 35 tof 26
[2026-09-25 09:54:35] span_L6_s62_c1_z3_long   9453s  best 3736/4096  current 3657  kicks 141  iters 21236764 (2246/s)  best: cx 35 tof 26
[2026-09-25 09:54:49] span_L6_s62_c1_z3_long   9467s  best 3736/4096  current 3602  kicks 142  iters 21265806 (2246/s)  best: cx 35 tof 26
[2026-09-25 09:55:00] span_L6_s62_c1_z3_long   9478s  best 3736/4096  current 3643  kicks 142  iters 21287376 (2245/s)  best: cx 35 tof 26
[2026-09-25 09:55:11] span_L6_s62_c1_z3_long   9489s  best 3736/4096  current 3672  kicks 142  iters 21306193 (2245/s)  best: cx 35 tof 26
[2026-09-25 09:55:26] span_L6_s62_c1_z3_long   9504s  best 3736/4096  current 3673  kicks 142  iters 21332622 (2244/s)  best: cx 35 tof 26
[2026-09-25 09:55:41] span_L6_s62_c1_z3_long   9519s  best 3736/4096  current 3684  kicks 142  iters 21358218 (2243/s)  best: cx 35 tof 26
[2026-09-25 09:55:55] span_L6_s62_c1_z3_long   9533s  best 3736/4096  current 3581  kicks 143  iters 21388947 (2243/s)  best: cx 35 tof 26
[2026-09-25 09:56:05] span_L6_s62_c1_z3_long   9543s  best 3736/4096  current 3582  kicks 143  iters 21410219 (2243/s)  best: cx 35 tof 26
[2026-09-25 09:56:20] span_L6_s62_c1_z3_long   9558s  best 3736/4096  current 3573  kicks 143  iters 21442465 (2243/s)  best: cx 35 tof 26
[2026-09-25 09:56:30] span_L6_s62_c1_z3_long   9568s  best 3736/4096  current 3575  kicks 143  iters 21463577 (2243/s)  best: cx 35 tof 26
[2026-09-25 09:56:45] span_L6_s62_c1_z3_long   9582s  best 3736/4096  current 3575  kicks 143  iters 21498183 (2243/s)  best: cx 35 tof 26
[2026-09-25 09:56:55] span_L6_s62_c1_z3_long   9593s  best 3736/4096  current 3581  kicks 144  iters 21520469 (2243/s)  best: cx 35 tof 26
[2026-09-25 09:57:10] span_L6_s62_c1_z3_long   9607s  best 3736/4096  current 3607  kicks 144  iters 21554414 (2243/s)  best: cx 35 tof 26
[2026-09-25 09:57:20] span_L6_s62_c1_z3_long   9618s  best 3736/4096  current 3617  kicks 144  iters 21577575 (2243/s)  best: cx 35 tof 26
[2026-09-25 09:57:35] span_L6_s62_c1_z3_long   9633s  best 3736/4096  current 3624  kicks 144  iters 21608642 (2243/s)  best: cx 35 tof 26
[2026-09-25 09:57:50] span_L6_s62_c1_z3_long   9647s  best 3736/4096  current 3545  kicks 145  iters 21641275 (2243/s)  best: cx 35 tof 26
[2026-09-25 09:58:00] span_L6_s62_c1_z3_long   9658s  best 3736/4096  current 3581  kicks 145  iters 21664017 (2243/s)  best: cx 35 tof 26
[2026-09-25 09:58:15] span_L6_s62_c1_z3_long   9673s  best 3736/4096  current 3584  kicks 145  iters 21696106 (2242/s)  best: cx 35 tof 26
[2026-09-25 09:58:25] span_L6_s62_c1_z3_long   9683s  best 3736/4096  current 3591  kicks 145  iters 21718738 (2242/s)  best: cx 35 tof 26
[2026-09-25 09:58:40] span_L6_s62_c1_z3_long   9698s  best 3736/4096  current 3604  kicks 145  iters 21751953 (2243/s)  best: cx 35 tof 26
[2026-09-25 09:58:50] span_L6_s62_c1_z3_long   9708s  best 3736/4096  current 3606  kicks 145  iters 21775110 (2243/s)  best: cx 35 tof 26
[2026-09-25 09:59:05] span_L6_s62_c1_z3_long   9723s  best 3736/4096  current 3576  kicks 146  iters 21807843 (2242/s)  best: cx 35 tof 26
[2026-09-25 09:59:15] span_L6_s62_c1_z3_long   9733s  best 3736/4096  current 3575  kicks 146  iters 21829350 (2242/s)  best: cx 35 tof 26
[2026-09-25 09:59:26] span_L6_s62_c1_z3_long   9744s  best 3736/4096  current 3589  kicks 146  iters 21849581 (2242/s)  best: cx 35 tof 26
[2026-09-25 09:59:41] span_L6_s62_c1_z3_long   9759s  best 3736/4096  current 3591  kicks 146  iters 21877265 (2241/s)  best: cx 35 tof 26
[2026-09-25 09:59:55] span_L6_s62_c1_z3_long   9773s  best 3736/4096  current 3594  kicks 147  iters 21905569 (2241/s)  best: cx 35 tof 26
[2026-09-25 10:00:05] span_L6_s62_c1_z3_long   9783s  best 3736/4096  current 3610  kicks 147  iters 21925798 (2241/s)  best: cx 35 tof 26
[2026-09-25 10:00:20] span_L6_s62_c1_z3_long   9798s  best 3736/4096  current 3628  kicks 147  iters 21959877 (2241/s)  best: cx 35 tof 26
[2026-09-25 10:00:35] span_L6_s62_c1_z3_long   9813s  best 3736/4096  current 3628  kicks 147  iters 21995207 (2241/s)  best: cx 35 tof 26
[2026-09-25 10:00:45] span_L6_s62_c1_z3_long   9823s  best 3736/4096  current 3627  kicks 147  iters 22018618 (2241/s)  best: cx 35 tof 26
[2026-09-25 10:00:55] span_L6_s62_c1_z3_long   9833s  best 3736/4096  current 3643  kicks 147  iters 22041011 (2241/s)  best: cx 35 tof 26
[2026-09-25 10:01:05] span_L6_s62_c1_z3_long   9843s  best 3736/4096  current 3579  kicks 148  iters 22064346 (2241/s)  best: cx 35 tof 26
[2026-09-25 10:01:20] span_L6_s62_c1_z3_long   9858s  best 3736/4096  current 3601  kicks 148  iters 22098705 (2241/s)  best: cx 35 tof 26
[2026-09-25 10:01:36] span_L6_s62_c1_z3_long   9874s  best 3736/4096  current 3604  kicks 148  iters 22132352 (2241/s)  best: cx 35 tof 26
[2026-09-25 10:01:50] span_L6_s62_c1_z3_long   9888s  best 3736/4096  current 3605  kicks 148  iters 22164681 (2241/s)  best: cx 35 tof 26
[2026-09-25 10:02:00] span_L6_s62_c1_z3_long   9898s  best 3736/4096  current 3609  kicks 148  iters 22189061 (2241/s)  best: cx 35 tof 26
[2026-09-25 10:02:11] span_L6_s62_c1_z3_long   9908s  best 3736/4096  current 3677  kicks 149  iters 22210112 (2241/s)  best: cx 35 tof 26
[2026-09-25 10:02:26] span_L6_s62_c1_z3_long   9923s  best 3736/4096  current 3695  kicks 149  iters 22244078 (2241/s)  best: cx 35 tof 26
[2026-09-25 10:02:36] span_L6_s62_c1_z3_long   9934s  best 3736/4096  current 3711  kicks 149  iters 22266155 (2241/s)  best: cx 35 tof 26
[2026-09-25 10:02:51] span_L6_s62_c1_z3_long   9949s  best 3736/4096  current 3712  kicks 149  iters 22297046 (2241/s)  best: cx 35 tof 26
[2026-09-25 10:03:05] span_L6_s62_c1_z3_long   9963s  best 3736/4096  current 3556  kicks 150  iters 22326594 (2240/s)  best: cx 35 tof 26
[2026-09-25 10:03:16] span_L6_s62_c1_z3_long   9973s  best 3736/4096  current 3570  kicks 150  iters 22352079 (2241/s)  best: cx 35 tof 26
[2026-09-25 10:03:26] span_L6_s62_c1_z3_long   9984s  best 3736/4096  current 3596  kicks 150  iters 22376020 (2241/s)  best: cx 35 tof 26
[2026-09-25 10:03:36] span_L6_s62_c1_z3_long   9994s  best 3736/4096  current 3600  kicks 150  iters 22396908 (2241/s)  best: cx 35 tof 26
[2026-09-25 10:03:51] span_L6_s62_c1_z3_long  10009s  best 3736/4096  current 3597  kicks 150  iters 22428398 (2240/s)  best: cx 35 tof 26
[2026-09-25 10:04:06] span_L6_s62_c1_z3_long  10024s  best 3736/4096  current 3521  kicks 151  iters 22459108 (2240/s)  best: cx 35 tof 26
[2026-09-25 10:04:16] span_L6_s62_c1_z3_long  10034s  best 3736/4096  current 3607  kicks 151  iters 22479629 (2240/s)  best: cx 35 tof 26
[2026-09-25 10:04:27] span_L6_s62_c1_z3_long  10044s  best 3736/4096  current 3612  kicks 151  iters 22500149 (2240/s)  best: cx 35 tof 26
[2026-09-25 10:04:42] span_L6_s62_c1_z3_long  10059s  best 3736/4096  current 3613  kicks 151  iters 22529717 (2239/s)  best: cx 35 tof 26
[2026-09-25 10:04:52] span_L6_s62_c1_z3_long  10069s  best 3736/4096  current 3635  kicks 151  iters 22549083 (2239/s)  best: cx 35 tof 26
[2026-09-25 10:05:06] span_L6_s62_c1_z3_long  10084s  best 3736/4096  current 3585  kicks 152  iters 22578523 (2239/s)  best: cx 35 tof 26
[2026-09-25 10:05:21] span_L6_s62_c1_z3_long  10099s  best 3736/4096  current 3598  kicks 152  iters 22609413 (2238/s)  best: cx 35 tof 26
[2026-09-25 10:05:31] span_L6_s62_c1_z3_long  10109s  best 3736/4096  current 3604  kicks 152  iters 22630475 (2238/s)  best: cx 35 tof 26
[2026-09-25 10:05:47] span_L6_s62_c1_z3_long  10124s  best 3736/4096  current 3609  kicks 152  iters 22661706 (2238/s)  best: cx 35 tof 26
[2026-09-25 10:06:01] span_L6_s62_c1_z3_long  10139s  best 3736/4096  current 3614  kicks 152  iters 22691203 (2237/s)  best: cx 35 tof 26
[2026-09-25 10:06:12] span_L6_s62_c1_z3_long  10150s  best 3736/4096  current 3527  kicks 153  iters 22710868 (2237/s)  best: cx 35 tof 26
[2026-09-25 10:06:26] span_L6_s62_c1_z3_long  10164s  best 3736/4096  current 3546  kicks 153  iters 22740852 (2237/s)  best: cx 35 tof 26
[2026-09-25 10:06:37] span_L6_s62_c1_z3_long  10174s  best 3736/4096  current 3547  kicks 153  iters 22761575 (2237/s)  best: cx 35 tof 26
[2026-09-25 10:06:47] span_L6_s62_c1_z3_long  10184s  best 3736/4096  current 3561  kicks 153  iters 22781878 (2236/s)  best: cx 35 tof 26
[2026-09-25 10:07:01] span_L6_s62_c1_z3_long  10199s  best 3736/4096  current 3569  kicks 153  iters 22812073 (2236/s)  best: cx 35 tof 26
[2026-09-25 10:07:17] span_L6_s62_c1_z3_long  10214s  best 3736/4096  current 3608  kicks 154  iters 22844010 (2236/s)  best: cx 35 tof 26
[2026-09-25 10:07:27] span_L6_s62_c1_z3_long  10225s  best 3736/4096  current 3609  kicks 154  iters 22863565 (2236/s)  best: cx 35 tof 26
[2026-09-25 10:07:41] span_L6_s62_c1_z3_long  10239s  best 3736/4096  current 3621  kicks 154  iters 22893592 (2235/s)  best: cx 35 tof 26
[2026-09-25 10:07:56] span_L6_s62_c1_z3_long  10254s  best 3736/4096  current 3627  kicks 154  iters 22925842 (2235/s)  best: cx 35 tof 26
[2026-09-25 10:08:07] span_L6_s62_c1_z3_long  10265s  best 3736/4096  current 3630  kicks 154  iters 22946140 (2235/s)  best: cx 35 tof 26
[2026-09-25 10:08:22] span_L6_s62_c1_z3_long  10279s  best 3736/4096  current 3556  kicks 155  iters 22976214 (2235/s)  best: cx 35 tof 26
[2026-09-25 10:08:36] span_L6_s62_c1_z3_long  10294s  best 3736/4096  current 3580  kicks 155  iters 23008797 (2235/s)  best: cx 35 tof 26
[2026-09-25 10:08:51] span_L6_s62_c1_z3_long  10309s  best 3736/4096  current 3602  kicks 155  iters 23043651 (2235/s)  best: cx 35 tof 26
[2026-09-25 10:09:06] span_L6_s62_c1_z3_long  10324s  best 3736/4096  current 3617  kicks 155  iters 23079936 (2235/s)  best: cx 35 tof 26
[2026-09-25 10:09:16] span_L6_s62_c1_z3_long  10334s  best 3736/4096  current 3574  kicks 156  iters 23103974 (2235/s)  best: cx 35 tof 26
[2026-09-25 10:09:27] span_L6_s62_c1_z3_long  10345s  best 3736/4096  current 3620  kicks 156  iters 23126383 (2235/s)  best: cx 35 tof 26
[2026-09-25 10:09:37] span_L6_s62_c1_z3_long  10355s  best 3736/4096  current 3628  kicks 156  iters 23145065 (2235/s)  best: cx 35 tof 26
[2026-09-25 10:09:52] span_L6_s62_c1_z3_long  10370s  best 3736/4096  current 3652  kicks 156  iters 23171836 (2234/s)  best: cx 35 tof 26
[2026-09-25 10:10:03] span_L6_s62_c1_z3_long  10381s  best 3736/4096  current 3665  kicks 156  iters 23189360 (2233/s)  best: cx 35 tof 26
[2026-09-25 10:10:17] span_L6_s62_c1_z3_long  10395s  best 3736/4096  current 3529  kicks 157  iters 23215126 (2233/s)  best: cx 35 tof 26
[2026-09-25 10:10:32] span_L6_s62_c1_z3_long  10410s  best 3736/4096  current 3540  kicks 157  iters 23245843 (2233/s)  best: cx 35 tof 26
[2026-09-25 10:10:46] span_L6_s62_c1_z3_long  10424s  best 3736/4096  current 3540  kicks 157  iters 23277909 (2233/s)  best: cx 35 tof 26
[2026-09-25 10:10:57] span_L6_s62_c1_z3_long  10434s  best 3736/4096  current 3589  kicks 157  iters 23299484 (2232/s)  best: cx 35 tof 26
[2026-09-25 10:11:07] span_L6_s62_c1_z3_long  10445s  best 3736/4096  current 3604  kicks 157  iters 23320393 (2232/s)  best: cx 35 tof 26
[2026-09-25 10:11:18] span_L6_s62_c1_z3_long  10455s  best 3736/4096  current 3609  kicks 157  iters 23339527 (2232/s)  best: cx 35 tof 26
[2026-09-25 10:11:31] span_L6_s62_c1_z3_long  10469s  best 3736/4096  current 3615  kicks 158  iters 23372548 (2232/s)  best: cx 35 tof 26
[2026-09-25 10:11:46] span_L6_s62_c1_z3_long  10484s  best 3736/4096  current 3616  kicks 158  iters 23408418 (2232/s)  best: cx 35 tof 26
[2026-09-25 10:12:01] span_L6_s62_c1_z3_long  10499s  best 3736/4096  current 3609  kicks 158  iters 23444809 (2233/s)  best: cx 35 tof 26
[2026-09-25 10:12:16] span_L6_s62_c1_z3_long  10514s  best 3736/4096  current 3627  kicks 158  iters 23481565 (2233/s)  best: cx 35 tof 26
[2026-09-25 10:12:27] span_L6_s62_c1_z3_long  10524s  best 3736/4096  current 3559  kicks 159  iters 23506027 (2233/s)  best: cx 35 tof 26
[2026-09-25 10:12:42] span_L6_s62_c1_z3_long  10540s  best 3736/4096  current 3595  kicks 159  iters 23539275 (2233/s)  best: cx 35 tof 26
[2026-09-25 10:12:52] span_L6_s62_c1_z3_long  10550s  best 3736/4096  current 3642  kicks 159  iters 23560904 (2233/s)  best: cx 35 tof 26
[2026-09-25 10:13:08] span_L6_s62_c1_z3_long  10565s  best 3736/4096  current 3666  kicks 159  iters 23590570 (2232/s)  best: cx 35 tof 26
[2026-09-25 10:13:23] span_L6_s62_c1_z3_long  10580s  best 3736/4096  current 3673  kicks 159  iters 23619350 (2232/s)  best: cx 35 tof 26
[2026-09-25 10:13:37] span_L6_s62_c1_z3_long  10595s  best 3736/4096  current 3547  kicks 160  iters 23650149 (2232/s)  best: cx 35 tof 26
[2026-09-25 10:13:47] span_L6_s62_c1_z3_long  10605s  best 3736/4096  current 3567  kicks 160  iters 23672530 (2232/s)  best: cx 35 tof 26
[2026-09-25 10:14:02] span_L6_s62_c1_z3_long  10620s  best 3736/4096  current 3559  kicks 160  iters 23705161 (2232/s)  best: cx 35 tof 26
[2026-09-25 10:14:12] span_L6_s62_c1_z3_long  10630s  best 3736/4096  current 3562  kicks 160  iters 23725632 (2231/s)  best: cx 35 tof 26
[2026-09-25 10:14:27] span_L6_s62_c1_z3_long  10645s  best 3736/4096  current 3577  kicks 160  iters 23756649 (2231/s)  best: cx 35 tof 26
[2026-09-25 10:14:42] span_L6_s62_c1_z3_long  10660s  best 3736/4096  current 3617  kicks 161  iters 23790457 (2231/s)  best: cx 35 tof 26
[2026-09-25 10:14:52] span_L6_s62_c1_z3_long  10670s  best 3736/4096  current 3618  kicks 161  iters 23813360 (2231/s)  best: cx 35 tof 26
[2026-09-25 10:15:07] span_L6_s62_c1_z3_long  10684s  best 3736/4096  current 3621  kicks 161  iters 23847553 (2231/s)  best: cx 35 tof 26
[2026-09-25 10:15:17] span_L6_s62_c1_z3_long  10695s  best 3736/4096  current 3627  kicks 161  iters 23870697 (2232/s)  best: cx 35 tof 26
[2026-09-25 10:15:32] span_L6_s62_c1_z3_long  10710s  best 3736/4096  current 3623  kicks 161  iters 23906171 (2232/s)  best: cx 35 tof 26
[2026-09-25 10:15:46] span_L6_s62_c1_z3_long  10723s  best 3736/4096  current 3566  kicks 162  iters 23945117 (2232/s)  best: cx 35 tof 26
[2026-09-25 10:15:56] span_L6_s62_c1_z3_long  10734s  best 3736/4096  current 3574  kicks 162  iters 23974342 (2233/s)  best: cx 35 tof 26
[2026-09-25 10:16:11] span_L6_s62_c1_z3_long  10749s  best 3736/4096  current 3576  kicks 162  iters 24017857 (2234/s)  best: cx 35 tof 26
[2026-09-25 10:16:26] span_L6_s62_c1_z3_long  10764s  best 3736/4096  current 3578  kicks 162  iters 24060893 (2235/s)  best: cx 35 tof 26
[2026-09-25 10:16:36] span_L6_s62_c1_z3_long  10774s  best 3736/4096  current 3584  kicks 162  iters 24088268 (2235/s)  best: cx 35 tof 26
[2026-09-25 10:16:47] span_L6_s62_c1_z3_long  10785s  best 3736/4096  current 3627  kicks 163  iters 24113497 (2235/s)  best: cx 35 tof 26
[2026-09-25 10:16:57] span_L6_s62_c1_z3_long  10795s  best 3736/4096  current 3625  kicks 163  iters 24135429 (2235/s)  best: cx 35 tof 26
[2026-09-25 10:17:07] span_L6_s62_c1_z3_long  10805s  best 3736/4096  current 3625  kicks 163  iters 24157296 (2235/s)  best: cx 35 tof 26
[span_L6_s62_c1_z3_long] final best 3736 / 4096
